{"ev":"start","pid":513,"port":1024,"t":1791305073.974731,"uid":0}
{"ev":"listening","pid":513,"t":1791305073.975215}
{"ev":"accepted","peer":"2:1057944858","pid":513,"t":1791305103.953082}
{"err":"software caused connection abort","ev":"accept-failed","pid":513,"t":1791305107.670644}
{"err":"software caused connection abort","ev":"accept-failed","pid":513,"t":1791305108.448325}
{"err":"software caused connection abort","ev":"accept-failed","pid":513,"t":1791305109.277119}
{"ev":"start","pid":625,"port":1024,"t":1791305112.002317,"uid":0}
{"ev":"listening","pid":625,"t":1791305112.002507}
{"ev":"start","pid":796,"port":1024,"t":1791306601.160126,"uid":0}
{"ev":"listening","pid":796,"t":1791306601.16025}
{"ev":"start","pid":953,"port":1024,"t":1791306676.599322,"uid":0}
{"ev":"listening","pid":953,"t":1791306676.681866}
{"ev":"start","pid":1152,"port":1024,"t":1791306772.717002,"uid":0}
{"ev":"listening","pid":1152,"t":1791306772.717255}
{"ev":"accepted","peer":"2:2602648774","pid":1152,"t":1791306794.247759}
{"ev":"accepted","peer":"2:1937198906","pid":1152,"t":1791306794.252997}
{"ev":"accepted","peer":"2:2393324450","pid":1152,"t":1791306794.259873}
{"ev":"accepted","peer":"2:340266536","pid":1152,"t":1791306794.265893}
{"ev":"accepted","peer":"2:3442148387","pid":1152,"t":1791306794.272113}
{"ev":"accepted","peer":"2:4168257387","pid":1152,"t":1791306794.278038}
{"ev":"accepted","peer":"2:2341212794","pid":1152,"t":1791306794.284049}
{"ev":"accepted","peer":"2:585323208","pid":1152,"t":1791306794.290146}
{"ev":"accepted","peer":"2:4218666897","pid":1152,"t":1791306794.295259}
{"ev":"accepted","peer":"2:726291367","pid":1152,"t":1791306794.300606}
{"ev":"accepted","peer":"2:1392432731","pid":1152,"t":1791306794.306634}
{"ev":"accepted","peer":"2:2637923455","pid":1152,"t":1791306794.312105}
{"ev":"accepted","peer":"2:970293866","pid":1152,"t":1791306794.317369}
{"ev":"accepted","peer":"2:916791739","pid":1152,"t":1791306794.322754}
{"ev":"accepted","peer":"2:3300204561","pid":1152,"t":1791306794.329241}
{"ev":"accepted","peer":"2:4171885306","pid":1152,"t":1791306794.335358}
{"ev":"accepted","peer":"2:2986802267","pid":1152,"t":1791306794.34157}
{"ev":"accepted","peer":"2:1451419315","pid":1152,"t":1791306794.3473}
{"ev":"accepted","peer":"2:1924258345","pid":1152,"t":1791306794.353485}
{"ev":"accepted","peer":"2:4129816250","pid":1152,"t":1791306794.359075}
{"ev":"accepted","peer":"2:3689804440","pid":1152,"t":1791306794.365174}
{"ev":"accepted","peer":"2:3198648730","pid":1152,"t":1791306794.371392}
{"ev":"accepted","peer":"2:3094126448","pid":1152,"t":1791306794.377514}
{"ev":"accepted","peer":"2:1412657643","pid":1152,"t":1791306794.383464}
{"ev":"accepted","peer":"2:1711889689","pid":1152,"t":1791306794.389207}
{"ev":"accepted","peer":"2:3767567861","pid":1152,"t":1791306794.394765}
{"ev":"accepted","peer":"2:3594762419","pid":1152,"t":1791306794.400906}
{"ev":"accepted","peer":"2:1948661248","pid":1152,"t":1791306794.407049}
{"ev":"accepted","peer":"2:2939227490","pid":1152,"t":1791306794.413175}
{"ev":"accepted","peer":"2:2584186770","pid":1152,"t":1791306794.419204}
{"ev":"accepted","peer":"2:1735559282","pid":1152,"t":1791306794.424704}
{"ev":"accepted","peer":"2:3088922036","pid":1152,"t":1791306794.430074}
{"ev":"accepted","peer":"2:4075398926","pid":1152,"t":1791306794.435928}
{"ev":"accepted","peer":"2:1418352145","pid":1152,"t":1791306794.442055}
{"ev":"accepted","peer":"2:1253677701","pid":1152,"t":1791306794.447955}
{"ev":"accepted","peer":"2:879292497","pid":1152,"t":1791306794.453374}
{"ev":"accepted","peer":"2:1226830262","pid":1152,"t":1791306794.458882}
{"ev":"accepted","peer":"2:3883836636","pid":1152,"t":1791306794.464956}
{"ev":"accepted","peer":"2:2158315085","pid":1152,"t":1791306794.470578}
{"ev":"accepted","peer":"2:2973690402","pid":1152,"t":1791306794.475663}
{"ev":"accepted","peer":"2:1808211788","pid":1152,"t":1791306794.481427}
{"ev":"accepted","peer":"2:1856694279","pid":1152,"t":1791306794.487049}
{"ev":"accepted","peer":"2:1234762491","pid":1152,"t":1791306794.493089}
{"ev":"accepted","peer":"2:2585249705","pid":1152,"t":1791306794.498245}
{"ev":"accepted","peer":"2:1975532909","pid":1152,"t":1791306794.503578}
{"ev":"accepted","peer":"2:744579919","pid":1152,"t":1791306794.509953}
{"ev":"accepted","peer":"2:640045941","pid":1152,"t":1791306794.514969}
{"ev":"accepted","peer":"2:2941715079","pid":1152,"t":1791306794.521116}
{"ev":"accepted","peer":"2:1085101061","pid":1152,"t":1791306794.527236}
{"ev":"accepted","peer":"2:3368032322","pid":1152,"t":1791306794.533094}
{"ev":"accepted","peer":"2:4103148727","pid":1152,"t":1791306794.538325}
{"ev":"accepted","peer":"2:3550848655","pid":1152,"t":1791306794.543971}
{"ev":"accepted","peer":"2:522857378","pid":1152,"t":1791306794.549175}
{"ev":"accepted","peer":"2:3819990924","pid":1152,"t":1791306794.555283}
{"ev":"accepted","peer":"2:884199349","pid":1152,"t":1791306794.561534}
{"ev":"accepted","peer":"2:2339641307","pid":1152,"t":1791306794.567621}
{"ev":"accepted","peer":"2:3637040949","pid":1152,"t":1791306794.573663}
{"ev":"accepted","peer":"2:3481692545","pid":1152,"t":1791306794.579271}
{"ev":"accepted","peer":"2:2643158554","pid":1152,"t":1791306794.584554}
{"ev":"accepted","peer":"2:3937997815","pid":1152,"t":1791306794.59001}
{"ev":"accepted","peer":"2:1874044154","pid":1152,"t":1791306794.595945}
{"ev":"accepted","peer":"2:3355869598","pid":1152,"t":1791306794.602056}
{"ev":"accepted","peer":"2:2217495689","pid":1152,"t":1791306794.608542}
{"ev":"accepted","peer":"2:4171996993","pid":1152,"t":1791306794.614517}
{"ev":"accepted","peer":"2:2579610746","pid":1152,"t":1791306794.620691}
{"ev":"accepted","peer":"2:2706335245","pid":1152,"t":1791306794.626794}
{"ev":"accepted","peer":"2:676251189","pid":1152,"t":1791306794.632768}
{"ev":"accepted","peer":"2:3279208564","pid":1152,"t":1791306794.638435}
{"ev":"accepted","peer":"2:3189518557","pid":1152,"t":1791306794.644566}
{"ev":"accepted","peer":"2:3556010556","pid":1152,"t":1791306794.650727}
{"ev":"accepted","peer":"2:2728796448","pid":1152,"t":1791306794.655791}
{"ev":"accepted","peer":"2:3605672595","pid":1152,"t":1791306794.661638}
{"ev":"accepted","peer":"2:3108474630","pid":1152,"t":1791306794.667774}
{"ev":"accepted","peer":"2:1936715272","pid":1152,"t":1791306794.673829}
{"ev":"accepted","peer":"2:3146313751","pid":1152,"t":1791306794.679303}
{"ev":"accepted","peer":"2:3685864958","pid":1152,"t":1791306794.685653}
{"ev":"accepted","peer":"2:1031149501","pid":1152,"t":1791306794.691704}
{"ev":"accepted","peer":"2:2696268694","pid":1152,"t":1791306794.697817}
{"ev":"accepted","peer":"2:2510993080","pid":1152,"t":1791306794.704002}
{"ev":"accepted","peer":"2:3552868683","pid":1152,"t":1791306794.709963}
{"ev":"accepted","peer":"2:2509435726","pid":1152,"t":1791306794.716165}
{"ev":"accepted","peer":"2:1821505574","pid":1152,"t":1791306794.722392}
{"ev":"accepted","peer":"2:1816274482","pid":1152,"t":1791306794.727629}
{"ev":"accepted","peer":"2:4053416963","pid":1152,"t":1791306794.733706}
{"ev":"accepted","peer":"2:3891591546","pid":1152,"t":1791306794.739098}
{"ev":"accepted","peer":"2:3298005625","pid":1152,"t":1791306794.745168}
{"ev":"accepted","peer":"2:1730377504","pid":1152,"t":1791306794.750565}
{"ev":"accepted","peer":"2:3705418555","pid":1152,"t":1791306794.756574}
{"ev":"accepted","peer":"2:2095072179","pid":1152,"t":1791306794.762686}
{"ev":"accepted","peer":"2:1409811746","pid":1152,"t":1791306794.768843}
{"ev":"accepted","peer":"2:251420612","pid":1152,"t":1791306794.775016}
{"ev":"accepted","peer":"2:452956879","pid":1152,"t":1791306794.781035}
{"ev":"accepted","peer":"2:3851779778","pid":1152,"t":1791306794.787279}
{"ev":"accepted","peer":"2:3421974686","pid":1152,"t":1791306794.793279}
{"ev":"accepted","peer":"2:1091642072","pid":1152,"t":1791306794.7996}
{"ev":"accepted","peer":"2:3729068547","pid":1152,"t":1791306794.805743}
{"ev":"accepted","peer":"2:3814021739","pid":1152,"t":1791306794.811751}
{"ev":"accepted","peer":"2:2836878627","pid":1152,"t":1791306794.817903}
{"ev":"accepted","peer":"2:3964025637","pid":1152,"t":1791306794.823892}
{"ev":"accepted","peer":"2:3493520694","pid":1152,"t":1791306794.830021}
{"ev":"accepted","peer":"2:1388009909","pid":1152,"t":1791306794.835261}
{"ev":"accepted","peer":"2:557937643","pid":1152,"t":1791306794.841529}
{"ev":"accepted","peer":"2:1483308987","pid":1152,"t":1791306794.847776}
{"ev":"accepted","peer":"2:2468230051","pid":1152,"t":1791306794.853313}
{"ev":"accepted","peer":"2:2813916495","pid":1152,"t":1791306794.859526}
{"ev":"accepted","peer":"2:252681110","pid":1152,"t":1791306794.865028}
{"ev":"accepted","peer":"2:507673469","pid":1152,"t":1791306794.87117}
{"ev":"accepted","peer":"2:60890569","pid":1152,"t":1791306794.877249}
{"ev":"accepted","peer":"2:3699101930","pid":1152,"t":1791306794.882704}
{"ev":"accepted","peer":"2:3040080321","pid":1152,"t":1791306794.887942}
{"ev":"accepted","peer":"2:2209435812","pid":1152,"t":1791306794.894119}
{"ev":"accepted","peer":"2:180098183","pid":1152,"t":1791306794.900205}
{"ev":"accepted","peer":"2:3190192434","pid":1152,"t":1791306794.90568}
{"ev":"accepted","peer":"2:648559996","pid":1152,"t":1791306794.911623}
{"ev":"accepted","peer":"2:887175607","pid":1152,"t":1791306794.917784}
{"ev":"accepted","peer":"2:2877302697","pid":1152,"t":1791306794.924019}
{"ev":"accepted","peer":"2:3734010306","pid":1152,"t":1791306794.929063}
{"ev":"accepted","peer":"2:326575949","pid":1152,"t":1791306794.934454}
{"ev":"accepted","peer":"2:961492257","pid":1152,"t":1791306794.940023}
{"ev":"accepted","peer":"2:514931797","pid":1152,"t":1791306794.946048}
{"ev":"accepted","peer":"2:4050990144","pid":1152,"t":1791306794.952137}
{"ev":"accepted","peer":"2:387005160","pid":1152,"t":1791306794.958202}
{"ev":"accepted","peer":"2:574141611","pid":1152,"t":1791306794.964314}
{"ev":"accepted","peer":"2:1420042726","pid":1152,"t":1791306794.969927}
{"ev":"accepted","peer":"2:127627277","pid":1152,"t":1791306794.976111}
{"ev":"accepted","peer":"2:2963515220","pid":1152,"t":1791306794.982263}
{"ev":"accepted","peer":"2:1326847927","pid":1152,"t":1791306794.988111}
{"ev":"accepted","peer":"2:1287196001","pid":1152,"t":1791306794.994268}
{"ev":"accepted","peer":"2:4056785694","pid":1152,"t":1791306795.000489}
{"ev":"accepted","peer":"2:3696576253","pid":1152,"t":1791306795.006005}
{"ev":"accepted","peer":"2:2294587674","pid":1152,"t":1791306795.011614}
{"ev":"accepted","peer":"2:2708660376","pid":1152,"t":1791306795.017725}
{"ev":"accepted","peer":"2:1153155051","pid":1152,"t":1791306795.023928}
{"ev":"accepted","peer":"2:1558420131","pid":1152,"t":1791306795.029986}
{"ev":"accepted","peer":"2:3090694644","pid":1152,"t":1791306795.035765}
{"ev":"accepted","peer":"2:2318993176","pid":1152,"t":1791306795.041864}
{"ev":"accepted","peer":"2:2199607524","pid":1152,"t":1791306795.047997}
{"ev":"accepted","peer":"2:3017172020","pid":1152,"t":1791306795.054192}
{"ev":"accepted","peer":"2:3891483026","pid":1152,"t":1791306795.060301}
{"ev":"accepted","peer":"2:2602939481","pid":1152,"t":1791306795.066364}
{"ev":"accepted","peer":"2:332561508","pid":1152,"t":1791306795.072562}
{"ev":"accepted","peer":"2:3886463093","pid":1152,"t":1791306795.077956}
{"ev":"accepted","peer":"2:4517098","pid":1152,"t":1791306795.084042}
{"ev":"accepted","peer":"2:1625365262","pid":1152,"t":1791306795.090216}
{"ev":"accepted","peer":"2:1893301868","pid":1152,"t":1791306795.096063}
{"ev":"accepted","peer":"2:3264608680","pid":1152,"t":1791306795.102145}
{"ev":"accepted","peer":"2:2732536268","pid":1152,"t":1791306795.10861}
{"ev":"accepted","peer":"2:965152455","pid":1152,"t":1791306795.11477}
{"ev":"accepted","peer":"2:2152725711","pid":1152,"t":1791306795.120573}
{"ev":"accepted","peer":"2:563323028","pid":1152,"t":1791306795.126726}
{"ev":"accepted","peer":"2:163937272","pid":1152,"t":1791306795.132706}
{"ev":"accepted","peer":"2:368979076","pid":1152,"t":1791306795.138783}
{"ev":"accepted","peer":"2:3051055576","pid":1152,"t":1791306795.144971}
{"ev":"accepted","peer":"2:1822703187","pid":1152,"t":1791306795.151005}
{"ev":"accepted","peer":"2:1756685366","pid":1152,"t":1791306795.157269}
{"ev":"accepted","peer":"2:299840827","pid":1152,"t":1791306795.163299}
{"ev":"accepted","peer":"2:955583181","pid":1152,"t":1791306795.169545}
{"ev":"accepted","peer":"2:1024809277","pid":1152,"t":1791306795.175576}
{"ev":"accepted","peer":"2:2697055857","pid":1152,"t":1791306795.181866}
{"ev":"accepted","peer":"2:679173052","pid":1152,"t":1791306795.187843}
{"ev":"accepted","peer":"2:4211098728","pid":1152,"t":1791306795.193202}
{"ev":"accepted","peer":"2:546314230","pid":1152,"t":1791306795.200453}
{"ev":"accepted","peer":"2:2614831290","pid":1152,"t":1791306795.20656}
{"ev":"accepted","peer":"2:1658183027","pid":1152,"t":1791306795.212432}
{"ev":"accepted","peer":"2:436975324","pid":1152,"t":1791306795.218178}
{"ev":"accepted","peer":"2:1168815205","pid":1152,"t":1791306795.224407}
{"ev":"accepted","peer":"2:3012589028","pid":1152,"t":1791306795.23043}
{"ev":"accepted","peer":"2:3660235483","pid":1152,"t":1791306795.236282}
{"ev":"accepted","peer":"2:3115729011","pid":1152,"t":1791306795.242333}
{"ev":"accepted","peer":"2:2482568819","pid":1152,"t":1791306795.25043}
{"ev":"accepted","peer":"2:1437872852","pid":1152,"t":1791306795.256489}
{"ev":"accepted","peer":"2:451607073","pid":1152,"t":1791306795.261704}
{"ev":"accepted","peer":"2:3400897956","pid":1152,"t":1791306795.267118}
{"ev":"accepted","peer":"2:3202695449","pid":1152,"t":1791306795.272854}
{"ev":"accepted","peer":"2:1061820865","pid":1152,"t":1791306795.278216}
{"ev":"accepted","peer":"2:670339946","pid":1152,"t":1791306795.284352}
{"ev":"accepted","peer":"2:3433711207","pid":1152,"t":1791306795.290557}
{"ev":"accepted","peer":"2:3724602924","pid":1152,"t":1791306795.296594}
{"ev":"accepted","peer":"2:3703702407","pid":1152,"t":1791306795.302446}
{"ev":"accepted","peer":"2:50787510","pid":1152,"t":1791306795.30842}
{"ev":"accepted","peer":"2:3991170839","pid":1152,"t":1791306795.314518}
{"ev":"accepted","peer":"2:4162966009","pid":1152,"t":1791306795.319978}
{"ev":"accepted","peer":"2:1178693054","pid":1152,"t":1791306795.326152}
{"ev":"accepted","peer":"2:3419604978","pid":1152,"t":1791306795.332445}
{"ev":"accepted","peer":"2:262945561","pid":1152,"t":1791306795.338558}
{"ev":"accepted","peer":"2:479650024","pid":1152,"t":1791306795.344891}
{"ev":"accepted","peer":"2:3859160630","pid":1152,"t":1791306795.349928}
{"ev":"accepted","peer":"2:922103269","pid":1152,"t":1791306795.354927}
{"ev":"accepted","peer":"2:1543523381","pid":1152,"t":1791306795.361101}
{"ev":"accepted","peer":"2:2367385170","pid":1152,"t":1791306795.367268}
{"ev":"accepted","peer":"2:2808553670","pid":1152,"t":1791306795.373423}
{"ev":"accepted","peer":"2:2374876283","pid":1152,"t":1791306795.379388}
{"ev":"accepted","peer":"2:3187132585","pid":1152,"t":1791306795.386364}
{"ev":"accepted","peer":"2:3728605243","pid":1152,"t":1791306795.391634}
{"ev":"accepted","peer":"2:2560512846","pid":1152,"t":1791306795.397747}
{"ev":"accepted","peer":"2:2433998509","pid":1152,"t":1791306795.403402}
{"ev":"accepted","peer":"2:1160215851","pid":1152,"t":1791306795.409681}
{"ev":"accepted","peer":"2:1651081109","pid":1152,"t":1791306795.415641}
{"ev":"accepted","peer":"2:2482624315","pid":1152,"t":1791306795.421808}
{"ev":"accepted","peer":"2:3273847947","pid":1152,"t":1791306795.427929}
{"ev":"accepted","peer":"2:3336291761","pid":1152,"t":1791306795.434033}
{"ev":"accepted","peer":"2:4185933005","pid":1152,"t":1791306795.440196}
{"ev":"accepted","peer":"2:3932927967","pid":1152,"t":1791306795.445593}
{"ev":"accepted","peer":"2:2541855292","pid":1152,"t":1791306795.451454}
{"ev":"accepted","peer":"2:3117476420","pid":1152,"t":1791306795.456809}
{"ev":"accepted","peer":"2:2594218405","pid":1152,"t":1791306795.462875}
{"ev":"accepted","peer":"2:2637913086","pid":1152,"t":1791306795.469004}
{"ev":"accepted","peer":"2:2931332772","pid":1152,"t":1791306795.475027}
{"ev":"accepted","peer":"2:694464779","pid":1152,"t":1791306795.481186}
{"ev":"accepted","peer":"2:2328245727","pid":1152,"t":1791306795.486667}
{"ev":"accepted","peer":"2:1676235334","pid":1152,"t":1791306795.492886}
{"ev":"accepted","peer":"2:477866165","pid":1152,"t":1791306795.498594}
{"ev":"accepted","peer":"2:3235091995","pid":1152,"t":1791306795.503898}
{"ev":"accepted","peer":"2:3901314555","pid":1152,"t":1791306795.511202}
{"ev":"accepted","peer":"2:72441462","pid":1152,"t":1791306795.516651}
{"ev":"accepted","peer":"2:1971201195","pid":1152,"t":1791306795.522855}
{"ev":"accepted","peer":"2:3295753210","pid":1152,"t":1791306795.528724}
{"ev":"accepted","peer":"2:3215331070","pid":1152,"t":1791306795.534119}
{"ev":"accepted","peer":"2:3740371855","pid":1152,"t":1791306795.540169}
{"ev":"accepted","peer":"2:717353735","pid":1152,"t":1791306795.54577}
{"ev":"accepted","peer":"2:2166046351","pid":1152,"t":1791306795.551829}
{"ev":"accepted","peer":"2:802717880","pid":1152,"t":1791306795.557771}
{"ev":"accepted","peer":"2:3309435879","pid":1152,"t":1791306795.563144}
{"ev":"accepted","peer":"2:1516937034","pid":1152,"t":1791306795.568406}
{"ev":"accepted","peer":"2:1324397006","pid":1152,"t":1791306795.57406}
{"ev":"accepted","peer":"2:1150391280","pid":1152,"t":1791306795.580166}
{"ev":"accepted","peer":"2:2827095082","pid":1152,"t":1791306795.586306}
{"ev":"accepted","peer":"2:1177119945","pid":1152,"t":1791306795.592436}
{"ev":"accepted","peer":"2:3805312392","pid":1152,"t":1791306795.598533}
{"ev":"accepted","peer":"2:969026794","pid":1152,"t":1791306795.604723}
{"ev":"accepted","peer":"2:3047487060","pid":1152,"t":1791306795.610983}
{"ev":"accepted","peer":"2:1219814947","pid":1152,"t":1791306795.617045}
{"ev":"accepted","peer":"2:1845212876","pid":1152,"t":1791306795.623299}
{"ev":"accepted","peer":"2:3975037563","pid":1152,"t":1791306795.629556}
{"ev":"accepted","peer":"2:2238309699","pid":1152,"t":1791306795.635678}
{"ev":"accepted","peer":"2:1981576048","pid":1152,"t":1791306795.641656}
{"ev":"accepted","peer":"2:2551774937","pid":1152,"t":1791306795.647925}
{"ev":"accepted","peer":"2:1879709257","pid":1152,"t":1791306795.653948}
{"ev":"accepted","peer":"2:2601354987","pid":1152,"t":1791306795.659182}
{"ev":"accepted","peer":"2:4123435712","pid":1152,"t":1791306795.665276}
{"ev":"accepted","peer":"2:3005790076","pid":1152,"t":1791306795.670726}
{"ev":"accepted","peer":"2:2555217211","pid":1152,"t":1791306795.676835}
{"ev":"accepted","peer":"2:2371899706","pid":1152,"t":1791306795.682565}
{"ev":"accepted","peer":"2:745000444","pid":1152,"t":1791306795.688673}
{"ev":"accepted","peer":"2:1116648294","pid":1152,"t":1791306795.694877}
{"ev":"accepted","peer":"2:1186961405","pid":1152,"t":1791306795.700877}
{"ev":"accepted","peer":"2:2515169632","pid":1152,"t":1791306795.707256}
{"ev":"accepted","peer":"2:3652373061","pid":1152,"t":1791306795.713254}
{"ev":"accepted","peer":"2:1977641319","pid":1152,"t":1791306795.719483}
{"ev":"accepted","peer":"2:1735822243","pid":1152,"t":1791306795.724555}
{"ev":"accepted","peer":"2:2933514868","pid":1152,"t":1791306795.730542}
{"ev":"accepted","peer":"2:3438549911","pid":1152,"t":1791306795.736224}
{"ev":"accepted","peer":"2:1562370453","pid":1152,"t":1791306795.742491}
{"ev":"accepted","peer":"2:4200728166","pid":1152,"t":1791306795.748485}
{"ev":"accepted","peer":"2:4294773393","pid":1152,"t":1791306795.754675}
{"ev":"accepted","peer":"2:787925275","pid":1152,"t":1791306795.760655}
{"ev":"accepted","peer":"2:934478332","pid":1152,"t":1791306795.766716}
{"ev":"accepted","peer":"2:3037126560","pid":1152,"t":1791306795.771825}
{"ev":"accepted","peer":"2:3987346880","pid":1152,"t":1791306795.776922}
{"ev":"accepted","peer":"2:3046275677","pid":1152,"t":1791306795.782913}
{"ev":"accepted","peer":"2:1452388338","pid":1152,"t":1791306795.788158}
{"ev":"accepted","peer":"2:2249831475","pid":1152,"t":1791306795.793368}
{"ev":"accepted","peer":"2:1321431367","pid":1152,"t":1791306795.798865}
{"ev":"accepted","peer":"2:279946316","pid":1152,"t":1791306795.805113}
{"ev":"accepted","peer":"2:1133236615","pid":1152,"t":1791306795.811301}
{"ev":"accepted","peer":"2:1721459588","pid":1152,"t":1791306795.817203}
{"ev":"accepted","peer":"2:503258181","pid":1152,"t":1791306795.823396}
{"ev":"accepted","peer":"2:1657167466","pid":1152,"t":1791306795.829572}
{"ev":"accepted","peer":"2:2923949658","pid":1152,"t":1791306795.83558}
{"ev":"accepted","peer":"2:612145606","pid":1152,"t":1791306795.841738}
{"ev":"accepted","peer":"2:3505038958","pid":1152,"t":1791306795.846961}
{"ev":"accepted","peer":"2:1941813158","pid":1152,"t":1791306795.853312}
{"ev":"accepted","peer":"2:4293492258","pid":1152,"t":1791306795.859467}
{"ev":"accepted","peer":"2:4085024556","pid":1152,"t":1791306795.865563}
{"ev":"accepted","peer":"2:2223983501","pid":1152,"t":1791306795.872563}
{"ev":"accepted","peer":"2:1196618616","pid":1152,"t":1791306795.87835}
{"ev":"accepted","peer":"2:3329571176","pid":1152,"t":1791306795.884416}
{"ev":"accepted","peer":"2:846774838","pid":1152,"t":1791306795.890567}
{"ev":"accepted","peer":"2:2927984934","pid":1152,"t":1791306795.895807}
{"ev":"accepted","peer":"2:954818415","pid":1152,"t":1791306795.901799}
{"ev":"accepted","peer":"2:2140842820","pid":1152,"t":1791306795.908006}
{"ev":"accepted","peer":"2:2287325118","pid":1152,"t":1791306795.914}
{"ev":"accepted","peer":"2:2828265560","pid":1152,"t":1791306795.920171}
{"ev":"accepted","peer":"2:495078787","pid":1152,"t":1791306795.925741}
{"ev":"accepted","peer":"2:2264915119","pid":1152,"t":1791306795.93168}
{"ev":"accepted","peer":"2:2659968582","pid":1152,"t":1791306795.937795}
{"ev":"accepted","peer":"2:2883693321","pid":1152,"t":1791306795.943907}
{"ev":"accepted","peer":"2:1055795956","pid":1152,"t":1791306795.949897}
{"ev":"accepted","peer":"2:379108199","pid":1152,"t":1791306795.956122}
{"ev":"accepted","peer":"2:849972594","pid":1152,"t":1791306795.96172}
{"ev":"accepted","peer":"2:1884552859","pid":1152,"t":1791306795.967765}
{"ev":"accepted","peer":"2:3915120676","pid":1152,"t":1791306795.973943}
{"ev":"accepted","peer":"2:2923999159","pid":1152,"t":1791306795.980193}
{"ev":"accepted","peer":"2:2095569454","pid":1152,"t":1791306795.985371}
{"ev":"accepted","peer":"2:2705055126","pid":1152,"t":1791306795.991116}
{"ev":"accepted","peer":"2:2566288178","pid":1152,"t":1791306795.997412}
{"ev":"accepted","peer":"2:1183444407","pid":1152,"t":1791306796.003294}
{"ev":"accepted","peer":"2:859150858","pid":1152,"t":1791306796.009283}
{"ev":"accepted","peer":"2:1290991011","pid":1152,"t":1791306796.014427}
{"ev":"accepted","peer":"2:630665905","pid":1152,"t":1791306796.020066}
{"ev":"accepted","peer":"2:3659972821","pid":1152,"t":1791306796.026428}
{"ev":"accepted","peer":"2:99722954","pid":1152,"t":1791306796.03246}
{"ev":"accepted","peer":"2:3106801826","pid":1152,"t":1791306796.038684}
{"ev":"accepted","peer":"2:3471520148","pid":1152,"t":1791306796.045205}
{"ev":"accepted","peer":"2:922021110","pid":1152,"t":1791306796.051012}
{"ev":"accepted","peer":"2:3992692994","pid":1152,"t":1791306796.057186}
{"ev":"accepted","peer":"2:2607258372","pid":1152,"t":1791306796.063363}
{"ev":"accepted","peer":"2:1185277304","pid":1152,"t":1791306796.069457}
{"ev":"accepted","peer":"2:3561025280","pid":1152,"t":1791306796.075776}
{"ev":"accepted","peer":"2:2429322895","pid":1152,"t":1791306796.081649}
{"ev":"accepted","peer":"2:3440501483","pid":1152,"t":1791306796.087836}
{"ev":"accepted","peer":"2:1910363317","pid":1152,"t":1791306796.094538}
{"ev":"accepted","peer":"2:1435385452","pid":1152,"t":1791306796.100098}
{"ev":"accepted","peer":"2:1781216583","pid":1152,"t":1791306796.106335}
{"ev":"accepted","peer":"2:2299953665","pid":1152,"t":1791306796.111761}
{"ev":"accepted","peer":"2:3742043706","pid":1152,"t":1791306796.117893}
{"ev":"accepted","peer":"2:3080623557","pid":1152,"t":1791306796.123404}
{"ev":"accepted","peer":"2:653747980","pid":1152,"t":1791306796.128778}
{"ev":"accepted","peer":"2:1308867536","pid":1152,"t":1791306796.134753}
{"ev":"accepted","peer":"2:2101578327","pid":1152,"t":1791306796.140633}
{"ev":"accepted","peer":"2:147677832","pid":1152,"t":1791306796.146587}
{"ev":"accepted","peer":"2:510001592","pid":1152,"t":1791306796.15163}
{"ev":"accepted","peer":"2:3182941802","pid":1152,"t":1791306796.157721}
{"ev":"accepted","peer":"2:1853267537","pid":1152,"t":1791306796.16388}
{"ev":"accepted","peer":"2:3242879354","pid":1152,"t":1791306796.170091}
{"ev":"accepted","peer":"2:787849363","pid":1152,"t":1791306796.17613}
{"ev":"accepted","peer":"2:1069421690","pid":1152,"t":1791306796.182267}
{"ev":"accepted","peer":"2:847419380","pid":1152,"t":1791306796.188343}
{"ev":"accepted","peer":"2:3236862050","pid":1152,"t":1791306796.194505}
{"ev":"accepted","peer":"2:593465636","pid":1152,"t":1791306796.200747}
{"ev":"accepted","peer":"2:156559789","pid":1152,"t":1791306796.206841}
{"ev":"accepted","peer":"2:589199963","pid":1152,"t":1791306796.213019}
{"ev":"accepted","peer":"2:3093100400","pid":1152,"t":1791306796.219028}
{"ev":"accepted","peer":"2:2413535728","pid":1152,"t":1791306796.224584}
{"ev":"accepted","peer":"2:3815137806","pid":1152,"t":1791306796.230446}
{"ev":"accepted","peer":"2:2535627161","pid":1152,"t":1791306796.236672}
{"ev":"accepted","peer":"2:65014904","pid":1152,"t":1791306796.241698}
{"ev":"accepted","peer":"2:2846750232","pid":1152,"t":1791306796.247111}
{"ev":"accepted","peer":"2:2755506547","pid":1152,"t":1791306796.253139}
{"ev":"accepted","peer":"2:2060372381","pid":1152,"t":1791306796.259214}
{"ev":"accepted","peer":"2:2988818446","pid":1152,"t":1791306796.265316}
{"ev":"accepted","peer":"2:2988044986","pid":1152,"t":1791306796.271422}
{"ev":"accepted","peer":"2:403838435","pid":1152,"t":1791306796.277575}
{"ev":"accepted","peer":"2:3044620109","pid":1152,"t":1791306796.282752}
{"ev":"accepted","peer":"2:2835570882","pid":1152,"t":1791306796.288977}
{"ev":"accepted","peer":"2:3219111370","pid":1152,"t":1791306796.295162}
{"ev":"accepted","peer":"2:4033609654","pid":1152,"t":1791306796.301367}
{"ev":"accepted","peer":"2:2268949357","pid":1152,"t":1791306796.307993}
{"ev":"accepted","peer":"2:3226580945","pid":1152,"t":1791306796.314646}
{"ev":"accepted","peer":"2:3297855290","pid":1152,"t":1791306796.319762}
{"ev":"accepted","peer":"2:2555393079","pid":1152,"t":1791306796.325051}
{"ev":"accepted","peer":"2:649382991","pid":1152,"t":1791306796.331381}
{"ev":"accepted","peer":"2:797848116","pid":1152,"t":1791306796.337442}
{"ev":"accepted","peer":"2:1603737325","pid":1152,"t":1791306796.342719}
{"ev":"accepted","peer":"2:2180883826","pid":1152,"t":1791306796.34879}
{"ev":"accepted","peer":"2:3520273014","pid":1152,"t":1791306796.354891}
{"ev":"accepted","peer":"2:8472635","pid":1152,"t":1791306796.361221}
{"ev":"accepted","peer":"2:2471142096","pid":1152,"t":1791306796.366505}
{"ev":"accepted","peer":"2:890207198","pid":1152,"t":1791306796.372629}
{"ev":"accepted","peer":"2:3658263590","pid":1152,"t":1791306796.379014}
{"ev":"accepted","peer":"2:2998709004","pid":1152,"t":1791306796.384944}
{"ev":"accepted","peer":"2:1897556404","pid":1152,"t":1791306796.390972}
{"ev":"accepted","peer":"2:992326173","pid":1152,"t":1791306796.397184}
{"ev":"accepted","peer":"2:2706721654","pid":1152,"t":1791306796.402378}
{"ev":"accepted","peer":"2:8219790","pid":1152,"t":1791306796.40848}
{"ev":"accepted","peer":"2:2273669907","pid":1152,"t":1791306796.413979}
{"ev":"accepted","peer":"2:215481086","pid":1152,"t":1791306796.419967}
{"ev":"accepted","peer":"2:1794799466","pid":1152,"t":1791306796.425588}
{"ev":"accepted","peer":"2:582459288","pid":1152,"t":1791306796.431692}
{"ev":"accepted","peer":"2:1488534562","pid":1152,"t":1791306796.437714}
{"ev":"accepted","peer":"2:2280064659","pid":1152,"t":1791306796.443784}
{"ev":"accepted","peer":"2:2624693031","pid":1152,"t":1791306796.449915}
{"ev":"accepted","peer":"2:3124210573","pid":1152,"t":1791306796.456151}
{"ev":"accepted","peer":"2:2314742996","pid":1152,"t":1791306796.461701}
{"ev":"accepted","peer":"2:2070795147","pid":1152,"t":1791306796.467752}
{"ev":"accepted","peer":"2:872122690","pid":1152,"t":1791306796.474411}
{"ev":"accepted","peer":"2:178306144","pid":1152,"t":1791306796.480358}
{"ev":"accepted","peer":"2:2098833394","pid":1152,"t":1791306796.48643}
{"ev":"accepted","peer":"2:3112758508","pid":1152,"t":1791306796.492555}
{"ev":"accepted","peer":"2:2569233468","pid":1152,"t":1791306796.499062}
{"ev":"accepted","peer":"2:3607545760","pid":1152,"t":1791306796.505182}
{"ev":"accepted","peer":"2:3763502494","pid":1152,"t":1791306796.511556}
{"ev":"accepted","peer":"2:3433045669","pid":1152,"t":1791306796.517739}
{"ev":"accepted","peer":"2:3555312331","pid":1152,"t":1791306796.523876}
{"ev":"accepted","peer":"2:3482946568","pid":1152,"t":1791306796.530085}
{"ev":"accepted","peer":"2:3545547518","pid":1152,"t":1791306796.536116}
{"ev":"accepted","peer":"2:2195099872","pid":1152,"t":1791306796.542349}
{"ev":"accepted","peer":"2:2682679255","pid":1152,"t":1791306796.548517}
{"ev":"accepted","peer":"2:2534577213","pid":1152,"t":1791306796.554094}
{"ev":"accepted","peer":"2:2928075840","pid":1152,"t":1791306796.561008}
{"ev":"accepted","peer":"2:2796740107","pid":1152,"t":1791306796.567209}
{"ev":"accepted","peer":"2:3555708247","pid":1152,"t":1791306796.573299}
{"ev":"accepted","peer":"2:1588312483","pid":1152,"t":1791306796.580994}
{"ev":"accepted","peer":"2:682732917","pid":1152,"t":1791306796.586732}
{"ev":"accepted","peer":"2:3808394902","pid":1152,"t":1791306796.592753}
{"ev":"accepted","peer":"2:2416641431","pid":1152,"t":1791306796.598986}
{"ev":"accepted","peer":"2:4192857282","pid":1152,"t":1791306796.605111}
{"ev":"accepted","peer":"2:1653542563","pid":1152,"t":1791306796.611008}
{"ev":"accepted","peer":"2:2542271612","pid":1152,"t":1791306796.616264}
{"ev":"accepted","peer":"2:297037213","pid":1152,"t":1791306796.622387}
{"ev":"accepted","peer":"2:2771366821","pid":1152,"t":1791306796.628757}
{"ev":"accepted","peer":"2:1644312529","pid":1152,"t":1791306796.634669}
{"ev":"accepted","peer":"2:1867231179","pid":1152,"t":1791306796.640739}
{"ev":"accepted","peer":"2:4031929614","pid":1152,"t":1791306796.646869}
{"ev":"accepted","peer":"2:885905128","pid":1152,"t":1791306796.652919}
{"ev":"accepted","peer":"2:2743409534","pid":1152,"t":1791306796.65953}
{"ev":"accepted","peer":"2:357075600","pid":1152,"t":1791306796.66573}
{"ev":"accepted","peer":"2:4057616986","pid":1152,"t":1791306796.67088}
{"ev":"accepted","peer":"2:2861369953","pid":1152,"t":1791306796.67712}
{"ev":"accepted","peer":"2:3414196467","pid":1152,"t":1791306796.682765}
{"ev":"accepted","peer":"2:2235081444","pid":1152,"t":1791306796.688932}
{"ev":"accepted","peer":"2:826773113","pid":1152,"t":1791306796.694337}
{"ev":"accepted","peer":"2:4230664216","pid":1152,"t":1791306796.69949}
{"ev":"accepted","peer":"2:3944022685","pid":1152,"t":1791306796.705636}
{"ev":"accepted","peer":"2:1222592234","pid":1152,"t":1791306796.711698}
{"ev":"accepted","peer":"2:1318301253","pid":1152,"t":1791306796.718881}
{"ev":"accepted","peer":"2:3884848641","pid":1152,"t":1791306796.725033}
{"ev":"accepted","peer":"2:2485673483","pid":1152,"t":1791306796.730923}
{"ev":"accepted","peer":"2:2039466346","pid":1152,"t":1791306796.736544}
{"ev":"accepted","peer":"2:1347815046","pid":1152,"t":1791306796.742921}
{"ev":"accepted","peer":"2:2737206994","pid":1152,"t":1791306796.748277}
{"ev":"accepted","peer":"2:2388614992","pid":1152,"t":1791306796.754556}
{"ev":"accepted","peer":"2:320600670","pid":1152,"t":1791306796.762681}
{"ev":"accepted","peer":"2:4227565773","pid":1152,"t":1791306796.768078}
{"ev":"accepted","peer":"2:3409635491","pid":1152,"t":1791306796.774119}
{"ev":"accepted","peer":"2:1515671965","pid":1152,"t":1791306796.780428}
{"ev":"accepted","peer":"2:1889520091","pid":1152,"t":1791306796.786638}
{"ev":"accepted","peer":"2:2064475104","pid":1152,"t":1791306796.792533}
{"ev":"accepted","peer":"2:4236407693","pid":1152,"t":1791306796.798557}
{"ev":"accepted","peer":"2:3437679009","pid":1152,"t":1791306796.803859}
{"ev":"accepted","peer":"2:518347013","pid":1152,"t":1791306796.81041}
{"ev":"accepted","peer":"2:780716586","pid":1152,"t":1791306796.819493}
{"ev":"accepted","peer":"2:2327648494","pid":1152,"t":1791306796.828113}
{"ev":"accepted","peer":"2:910078433","pid":1152,"t":1791306796.833824}
{"ev":"accepted","peer":"2:1241641710","pid":1152,"t":1791306796.839971}
{"ev":"accepted","peer":"2:788958197","pid":1152,"t":1791306796.847394}
{"ev":"accepted","peer":"2:3203775295","pid":1152,"t":1791306796.853545}
{"ev":"accepted","peer":"2:2042844641","pid":1152,"t":1791306796.858954}
{"ev":"accepted","peer":"2:1321591468","pid":1152,"t":1791306796.864229}
{"ev":"accepted","peer":"2:2741100277","pid":1152,"t":1791306796.870087}
{"ev":"start","pid":1174,"port":1024,"t":1791306796.882189,"uid":0}
{"ev":"listening","pid":1174,"t":1791306796.882333}
{"ev":"accepted","peer":"2:1486208813","pid":1174,"t":1791306796.88263}
{"ev":"accepted","peer":"2:3726515163","pid":1174,"t":1791306796.887942}
{"ev":"accepted","peer":"2:1821690976","pid":1174,"t":1791306796.894183}
{"ev":"accepted","peer":"2:1511167364","pid":1174,"t":1791306796.900203}
{"ev":"accepted","peer":"2:1993948215","pid":1174,"t":1791306796.906295}
{"ev":"accepted","peer":"2:2970765677","pid":1174,"t":1791306796.911624}
{"ev":"accepted","peer":"2:3906611015","pid":1174,"t":1791306796.917825}
{"ev":"accepted","peer":"2:2789584338","pid":1174,"t":1791306796.923751}
{"ev":"accepted","peer":"2:3684884987","pid":1174,"t":1791306796.929348}
{"ev":"accepted","peer":"2:507142936","pid":1174,"t":1791306796.935449}
{"ev":"accepted","peer":"2:4015818871","pid":1174,"t":1791306796.941474}
{"ev":"accepted","peer":"2:1780167756","pid":1174,"t":1791306796.94758}
{"ev":"accepted","peer":"2:3916102373","pid":1174,"t":1791306796.953411}
{"ev":"accepted","peer":"2:1614123888","pid":1174,"t":1791306796.959092}
{"ev":"accepted","peer":"2:1105893168","pid":1174,"t":1791306796.96523}
{"ev":"accepted","peer":"2:3980159334","pid":1174,"t":1791306796.971265}
{"ev":"accepted","peer":"2:2494484109","pid":1174,"t":1791306796.977386}
{"ev":"accepted","peer":"2:588655068","pid":1174,"t":1791306796.984012}
{"ev":"accepted","peer":"2:2505033085","pid":1174,"t":1791306796.989423}
{"ev":"accepted","peer":"2:3433092475","pid":1174,"t":1791306796.995359}
{"ev":"accepted","peer":"2:3114805749","pid":1174,"t":1791306797.001249}
{"ev":"accepted","peer":"2:3715888461","pid":1174,"t":1791306797.007133}
{"ev":"accepted","peer":"2:471358444","pid":1174,"t":1791306797.013187}
{"ev":"accepted","peer":"2:998373913","pid":1174,"t":1791306797.019287}
{"ev":"accepted","peer":"2:2608393522","pid":1174,"t":1791306797.02545}
{"ev":"accepted","peer":"2:3404078169","pid":1174,"t":1791306797.03174}
{"ev":"accepted","peer":"2:3656334453","pid":1174,"t":1791306797.037925}
{"ev":"accepted","peer":"2:3168688139","pid":1174,"t":1791306797.043137}
{"ev":"accepted","peer":"2:1386987266","pid":1174,"t":1791306797.048293}
{"ev":"accepted","peer":"2:3749207491","pid":1174,"t":1791306797.053915}
{"ev":"accepted","peer":"2:1497790149","pid":1174,"t":1791306797.06004}
{"ev":"accepted","peer":"2:2838586167","pid":1174,"t":1791306797.066264}
{"ev":"accepted","peer":"2:2708987026","pid":1174,"t":1791306797.072403}
{"ev":"accepted","peer":"2:2255637907","pid":1174,"t":1791306797.077459}
{"ev":"accepted","peer":"2:586459125","pid":1174,"t":1791306797.082627}
{"ev":"accepted","peer":"2:3439150195","pid":1174,"t":1791306797.088509}
{"ev":"accepted","peer":"2:3095719723","pid":1174,"t":1791306797.094508}
{"ev":"accepted","peer":"2:1394668866","pid":1174,"t":1791306797.100698}
{"ev":"accepted","peer":"2:2140822005","pid":1174,"t":1791306797.106931}
{"ev":"accepted","peer":"2:103330558","pid":1174,"t":1791306797.112101}
{"ev":"accepted","peer":"2:821014923","pid":1174,"t":1791306797.117909}
{"ev":"accepted","peer":"2:3430855107","pid":1174,"t":1791306797.123758}
{"ev":"accepted","peer":"2:2872573816","pid":1174,"t":1791306797.129032}
{"ev":"accepted","peer":"2:3386087146","pid":1174,"t":1791306797.134957}
{"ev":"accepted","peer":"2:1553646389","pid":1174,"t":1791306797.140077}
{"ev":"accepted","peer":"2:296442616","pid":1174,"t":1791306797.145572}
{"ev":"accepted","peer":"2:2533614879","pid":1174,"t":1791306797.150996}
{"ev":"accepted","peer":"2:2805608003","pid":1174,"t":1791306797.15706}
{"ev":"accepted","peer":"2:945877076","pid":1174,"t":1791306797.163109}
{"ev":"accepted","peer":"2:3493271843","pid":1174,"t":1791306797.169162}
{"ev":"accepted","peer":"2:3473801670","pid":1174,"t":1791306797.175285}
{"ev":"accepted","peer":"2:107705698","pid":1174,"t":1791306797.181396}
{"ev":"accepted","peer":"2:1154098912","pid":1174,"t":1791306797.186835}
{"ev":"accepted","peer":"2:34493430","pid":1174,"t":1791306797.192843}
{"ev":"accepted","peer":"2:1493069657","pid":1174,"t":1791306797.198143}
{"ev":"accepted","peer":"2:3278253540","pid":1174,"t":1791306797.203859}
{"ev":"accepted","peer":"2:2770887745","pid":1174,"t":1791306797.210118}
{"ev":"accepted","peer":"2:2457435020","pid":1174,"t":1791306797.216217}
{"ev":"accepted","peer":"2:3700079691","pid":1174,"t":1791306797.222391}
{"ev":"accepted","peer":"2:842335501","pid":1174,"t":1791306797.228516}
{"ev":"accepted","peer":"2:3859721465","pid":1174,"t":1791306797.234678}
{"ev":"accepted","peer":"2:2094832742","pid":1174,"t":1791306797.245233}
{"ev":"accepted","peer":"2:1063606354","pid":1174,"t":1791306797.248488}
{"ev":"accepted","peer":"2:1491547158","pid":1174,"t":1791306797.255393}
{"ev":"accepted","peer":"2:978824556","pid":1174,"t":1791306797.260787}
{"ev":"accepted","peer":"2:28273692","pid":1174,"t":1791306797.266227}
{"ev":"accepted","peer":"2:652088161","pid":1174,"t":1791306797.271912}
{"ev":"accepted","peer":"2:958393268","pid":1174,"t":1791306797.278057}
{"ev":"accepted","peer":"2:2254114500","pid":1174,"t":1791306797.283658}
{"ev":"accepted","peer":"2:949926039","pid":1174,"t":1791306797.289755}
{"ev":"accepted","peer":"2:3992717713","pid":1174,"t":1791306797.29565}
{"ev":"accepted","peer":"2:1939361120","pid":1174,"t":1791306797.301575}
{"ev":"accepted","peer":"2:2204119403","pid":1174,"t":1791306797.307844}
{"ev":"accepted","peer":"2:3536796249","pid":1174,"t":1791306797.314383}
{"ev":"accepted","peer":"2:628627280","pid":1174,"t":1791306797.319631}
{"ev":"accepted","peer":"2:4037181308","pid":1174,"t":1791306797.32472}
{"ev":"accepted","peer":"2:3383469352","pid":1174,"t":1791306797.330278}
{"ev":"accepted","peer":"2:3705054237","pid":1174,"t":1791306797.336461}
{"ev":"accepted","peer":"2:4086046719","pid":1174,"t":1791306797.342658}
{"ev":"accepted","peer":"2:232806201","pid":1174,"t":1791306797.348706}
{"ev":"accepted","peer":"2:2619698872","pid":1174,"t":1791306797.354898}
{"ev":"accepted","peer":"2:3651348482","pid":1174,"t":1791306797.361049}
{"ev":"accepted","peer":"2:2022254042","pid":1174,"t":1791306797.367455}
{"ev":"accepted","peer":"2:3566181853","pid":1174,"t":1791306797.37328}
{"ev":"accepted","peer":"2:2219926631","pid":1174,"t":1791306797.379429}
{"ev":"accepted","peer":"2:3406597485","pid":1174,"t":1791306797.385562}
{"ev":"accepted","peer":"2:3671189793","pid":1174,"t":1791306797.391571}
{"ev":"accepted","peer":"2:2766087708","pid":1174,"t":1791306797.397151}
{"ev":"accepted","peer":"2:68446521","pid":1174,"t":1791306797.40322}
{"ev":"accepted","peer":"2:2803171774","pid":1174,"t":1791306797.409503}
{"ev":"accepted","peer":"2:1259980667","pid":1174,"t":1791306797.415496}
{"ev":"accepted","peer":"2:2421654649","pid":1174,"t":1791306797.421553}
{"ev":"accepted","peer":"2:342410132","pid":1174,"t":1791306797.42773}
{"ev":"accepted","peer":"2:503780608","pid":1174,"t":1791306797.433042}
{"ev":"accepted","peer":"2:2282534253","pid":1174,"t":1791306797.439102}
{"ev":"accepted","peer":"2:2537087476","pid":1174,"t":1791306797.444911}
{"ev":"accepted","peer":"2:325363499","pid":1174,"t":1791306797.45112}
{"ev":"accepted","peer":"2:3068894679","pid":1174,"t":1791306797.457113}
{"ev":"accepted","peer":"2:2953014516","pid":1174,"t":1791306797.463246}
{"ev":"accepted","peer":"2:4251880286","pid":1174,"t":1791306797.468779}
{"ev":"accepted","peer":"2:2044699100","pid":1174,"t":1791306797.47489}
{"ev":"accepted","peer":"2:2719301022","pid":1174,"t":1791306797.48049}
{"ev":"accepted","peer":"2:1782513097","pid":1174,"t":1791306797.486494}
{"ev":"accepted","peer":"2:2503928177","pid":1174,"t":1791306797.492582}
{"ev":"accepted","peer":"2:4253143038","pid":1174,"t":1791306797.498747}
{"ev":"accepted","peer":"2:2527370324","pid":1174,"t":1791306797.504949}
{"ev":"accepted","peer":"2:3933197705","pid":1174,"t":1791306797.51114}
{"ev":"accepted","peer":"2:3027470289","pid":1174,"t":1791306797.517204}
{"ev":"accepted","peer":"2:4249745264","pid":1174,"t":1791306797.523307}
{"ev":"accepted","peer":"2:904007857","pid":1174,"t":1791306797.529395}
{"ev":"accepted","peer":"2:596780587","pid":1174,"t":1791306797.535547}
{"ev":"accepted","peer":"2:2727386200","pid":1174,"t":1791306797.541493}
{"ev":"accepted","peer":"2:3664300575","pid":1174,"t":1791306797.547602}
{"ev":"accepted","peer":"2:3702285966","pid":1174,"t":1791306797.553296}
{"ev":"accepted","peer":"2:2029940654","pid":1174,"t":1791306797.559481}
{"ev":"accepted","peer":"2:3162007363","pid":1174,"t":1791306797.565586}
{"ev":"accepted","peer":"2:1948818653","pid":1174,"t":1791306797.571717}
{"ev":"accepted","peer":"2:2783170145","pid":1174,"t":1791306797.577728}
{"ev":"accepted","peer":"2:203433589","pid":1174,"t":1791306797.582862}
{"ev":"accepted","peer":"2:932084796","pid":1174,"t":1791306797.588773}
{"ev":"accepted","peer":"2:491001602","pid":1174,"t":1791306797.594849}
{"ev":"accepted","peer":"2:1543583148","pid":1174,"t":1791306797.600906}
{"ev":"accepted","peer":"2:2094760515","pid":1174,"t":1791306797.606681}
{"ev":"accepted","peer":"2:458032858","pid":1174,"t":1791306797.612738}
{"ev":"accepted","peer":"2:2776126940","pid":1174,"t":1791306797.618094}
{"ev":"accepted","peer":"2:3171314091","pid":1174,"t":1791306797.62391}
{"ev":"accepted","peer":"2:2814517773","pid":1174,"t":1791306797.629901}
{"ev":"accepted","peer":"2:3162541166","pid":1174,"t":1791306797.636296}
{"ev":"accepted","peer":"2:1309749989","pid":1174,"t":1791306797.642462}
{"ev":"accepted","peer":"2:2026456981","pid":1174,"t":1791306797.647583}
{"ev":"accepted","peer":"2:4100414560","pid":1174,"t":1791306797.653714}
{"ev":"accepted","peer":"2:4012564549","pid":1174,"t":1791306797.658887}
{"ev":"accepted","peer":"2:2132107299","pid":1174,"t":1791306797.664823}
{"ev":"accepted","peer":"2:1035588160","pid":1174,"t":1791306797.670759}
{"ev":"accepted","peer":"2:1271005307","pid":1174,"t":1791306797.677405}
{"ev":"accepted","peer":"2:764622666","pid":1174,"t":1791306797.683137}
{"ev":"accepted","peer":"2:3525109935","pid":1174,"t":1791306797.689168}
{"ev":"accepted","peer":"2:2945031970","pid":1174,"t":1791306797.695057}
{"ev":"accepted","peer":"2:3603300845","pid":1174,"t":1791306797.701065}
{"ev":"accepted","peer":"2:3230741562","pid":1174,"t":1791306797.70762}
{"ev":"accepted","peer":"2:3945381110","pid":1174,"t":1791306797.713612}
{"ev":"accepted","peer":"2:3927684003","pid":1174,"t":1791306797.719433}
{"ev":"accepted","peer":"2:753999884","pid":1174,"t":1791306797.725517}
{"ev":"accepted","peer":"2:3377217208","pid":1174,"t":1791306797.731752}
{"ev":"accepted","peer":"2:163192888","pid":1174,"t":1791306797.737795}
{"ev":"accepted","peer":"2:3671117592","pid":1174,"t":1791306797.743754}
{"ev":"accepted","peer":"2:4074245562","pid":1174,"t":1791306797.749917}
{"ev":"accepted","peer":"2:2029059979","pid":1174,"t":1791306797.755165}
{"ev":"accepted","peer":"2:1665892138","pid":1174,"t":1791306797.760339}
{"ev":"accepted","peer":"2:3041850775","pid":1174,"t":1791306797.766021}
{"ev":"accepted","peer":"2:3384640317","pid":1174,"t":1791306797.772159}
{"ev":"accepted","peer":"2:2955669667","pid":1174,"t":1791306797.778299}
{"ev":"accepted","peer":"2:3551616472","pid":1174,"t":1791306797.797943}
{"ev":"accepted","peer":"2:4140712019","pid":1174,"t":1791306797.803851}
{"ev":"accepted","peer":"2:2197950753","pid":1174,"t":1791306797.808992}
{"ev":"accepted","peer":"2:2375206635","pid":1174,"t":1791306797.814111}
{"ev":"accepted","peer":"2:2943387977","pid":1174,"t":1791306797.820276}
{"ev":"accepted","peer":"2:1120831119","pid":1174,"t":1791306797.826348}
{"ev":"accepted","peer":"2:1579186220","pid":1174,"t":1791306797.832368}
{"ev":"accepted","peer":"2:4048450982","pid":1174,"t":1791306797.83751}
{"ev":"accepted","peer":"2:2274173472","pid":1174,"t":1791306797.843564}
{"ev":"accepted","peer":"2:1891015168","pid":1174,"t":1791306797.849704}
{"ev":"accepted","peer":"2:588494485","pid":1174,"t":1791306797.855677}
{"ev":"accepted","peer":"2:1206906079","pid":1174,"t":1791306797.861895}
{"ev":"accepted","peer":"2:625472359","pid":1174,"t":1791306797.867885}
{"ev":"accepted","peer":"2:3577227790","pid":1174,"t":1791306797.873579}
{"ev":"accepted","peer":"2:1583862252","pid":1174,"t":1791306797.87975}
{"ev":"accepted","peer":"2:2409158819","pid":1174,"t":1791306797.885864}
{"ev":"accepted","peer":"2:2949559105","pid":1174,"t":1791306797.891492}
{"ev":"accepted","peer":"2:2388030365","pid":1174,"t":1791306797.897737}
{"ev":"accepted","peer":"2:2228690990","pid":1174,"t":1791306797.903282}
{"ev":"accepted","peer":"2:2919866122","pid":1174,"t":1791306797.908329}
{"ev":"accepted","peer":"2:1716683880","pid":1174,"t":1791306797.914524}
{"ev":"accepted","peer":"2:4072761093","pid":1174,"t":1791306797.920251}
{"ev":"accepted","peer":"2:578749415","pid":1174,"t":1791306797.926372}
{"ev":"accepted","peer":"2:2516993431","pid":1174,"t":1791306797.931768}
{"ev":"accepted","peer":"2:1370368790","pid":1174,"t":1791306797.937798}
{"ev":"accepted","peer":"2:576578087","pid":1174,"t":1791306797.943921}
{"ev":"accepted","peer":"2:2294857280","pid":1174,"t":1791306797.949966}
{"ev":"accepted","peer":"2:755187957","pid":1174,"t":1791306797.955665}
{"ev":"accepted","peer":"2:767534895","pid":1174,"t":1791306797.960763}
{"ev":"accepted","peer":"2:373372025","pid":1174,"t":1791306797.965975}
{"ev":"accepted","peer":"2:3528893971","pid":1174,"t":1791306797.971925}
{"ev":"accepted","peer":"2:1373705355","pid":1174,"t":1791306797.978024}
{"ev":"accepted","peer":"2:1412669555","pid":1174,"t":1791306797.984178}
{"ev":"accepted","peer":"2:4170245788","pid":1174,"t":1791306797.990206}
{"ev":"accepted","peer":"2:1915513280","pid":1174,"t":1791306797.995256}
{"ev":"accepted","peer":"2:2870989029","pid":1174,"t":1791306798.000595}
{"ev":"accepted","peer":"2:3219263992","pid":1174,"t":1791306798.006101}
{"ev":"accepted","peer":"2:3118277299","pid":1174,"t":1791306798.011878}
{"ev":"accepted","peer":"2:3928389722","pid":1174,"t":1791306798.017868}
{"ev":"accepted","peer":"2:2405419469","pid":1174,"t":1791306798.023871}
{"ev":"accepted","peer":"2:1833544680","pid":1174,"t":1791306798.029018}
{"ev":"accepted","peer":"2:869846262","pid":1174,"t":1791306798.034269}
{"ev":"accepted","peer":"2:1502000287","pid":1174,"t":1791306798.040297}
{"ev":"accepted","peer":"2:1455485218","pid":1174,"t":1791306798.045508}
{"ev":"accepted","peer":"2:1513668278","pid":1174,"t":1791306798.051602}
{"ev":"accepted","peer":"2:1040961567","pid":1174,"t":1791306798.056745}
{"ev":"accepted","peer":"2:2533581727","pid":1174,"t":1791306798.063086}
{"ev":"accepted","peer":"2:4286233990","pid":1174,"t":1791306798.069284}
{"ev":"accepted","peer":"2:2183665792","pid":1174,"t":1791306798.075534}
{"ev":"accepted","peer":"2:3629420857","pid":1174,"t":1791306798.080819}
{"ev":"accepted","peer":"2:2705870269","pid":1174,"t":1791306798.085852}
{"ev":"accepted","peer":"2:1191260060","pid":1174,"t":1791306798.091893}
{"ev":"accepted","peer":"2:2978026133","pid":1174,"t":1791306798.098119}
{"ev":"accepted","peer":"2:3051565593","pid":1174,"t":1791306798.103998}
{"ev":"accepted","peer":"2:1102236155","pid":1174,"t":1791306798.110184}
{"ev":"accepted","peer":"2:1655883968","pid":1174,"t":1791306798.116302}
{"ev":"accepted","peer":"2:242293403","pid":1174,"t":1791306798.12237}
{"ev":"accepted","peer":"2:1281116543","pid":1174,"t":1791306798.128559}
{"ev":"accepted","peer":"2:537507031","pid":1174,"t":1791306798.134602}
{"ev":"accepted","peer":"2:3837536185","pid":1174,"t":1791306798.140579}
{"ev":"accepted","peer":"2:3837928324","pid":1174,"t":1791306798.146738}
{"ev":"accepted","peer":"2:1843622628","pid":1174,"t":1791306798.152867}
{"ev":"accepted","peer":"2:2883618489","pid":1174,"t":1791306798.158135}
{"ev":"accepted","peer":"2:2931035786","pid":1174,"t":1791306798.164304}
{"ev":"accepted","peer":"2:545492195","pid":1174,"t":1791306798.170475}
{"ev":"accepted","peer":"2:632114094","pid":1174,"t":1791306798.176675}
{"ev":"accepted","peer":"2:45850575","pid":1174,"t":1791306798.182804}
{"ev":"accepted","peer":"2:955715643","pid":1174,"t":1791306798.188475}
{"ev":"accepted","peer":"2:1859059722","pid":1174,"t":1791306798.194619}
{"ev":"accepted","peer":"2:1337915465","pid":1174,"t":1791306798.200765}
{"ev":"accepted","peer":"2:617856367","pid":1174,"t":1791306798.206486}
{"ev":"accepted","peer":"2:1278058176","pid":1174,"t":1791306798.211666}
{"ev":"accepted","peer":"2:1653173640","pid":1174,"t":1791306798.217772}
{"ev":"accepted","peer":"2:1048118464","pid":1174,"t":1791306798.224389}
{"ev":"accepted","peer":"2:2655447896","pid":1174,"t":1791306798.230685}
{"ev":"accepted","peer":"2:972550683","pid":1174,"t":1791306798.236632}
{"ev":"accepted","peer":"2:4094489799","pid":1174,"t":1791306798.243367}
{"ev":"accepted","peer":"2:3388172735","pid":1174,"t":1791306798.248569}
{"ev":"accepted","peer":"2:830717311","pid":1174,"t":1791306798.253568}
{"ev":"accepted","peer":"2:3279602153","pid":1174,"t":1791306798.258789}
{"ev":"accepted","peer":"2:4081204062","pid":1174,"t":1791306798.265033}
{"ev":"accepted","peer":"2:1784935931","pid":1174,"t":1791306798.271101}
{"ev":"accepted","peer":"2:1293378921","pid":1174,"t":1791306798.276485}
{"ev":"accepted","peer":"2:3969999881","pid":1174,"t":1791306798.282182}
{"ev":"accepted","peer":"2:1546873667","pid":1174,"t":1791306798.287889}
{"ev":"accepted","peer":"2:3170053158","pid":1174,"t":1791306798.294152}
{"ev":"accepted","peer":"2:2396574521","pid":1174,"t":1791306798.300188}
{"ev":"accepted","peer":"2:2549637475","pid":1174,"t":1791306798.306195}
{"ev":"accepted","peer":"2:1210951583","pid":1174,"t":1791306798.312388}
{"ev":"accepted","peer":"2:2601511423","pid":1174,"t":1791306798.320146}
{"ev":"accepted","peer":"2:4176261913","pid":1174,"t":1791306798.326416}
{"ev":"accepted","peer":"2:1998480427","pid":1174,"t":1791306798.33248}
{"ev":"accepted","peer":"2:2542575199","pid":1174,"t":1791306798.337528}
{"ev":"accepted","peer":"2:248460420","pid":1174,"t":1791306798.342732}
{"ev":"accepted","peer":"2:1515221110","pid":1174,"t":1791306798.348635}
{"ev":"accepted","peer":"2:2924463148","pid":1174,"t":1791306798.354685}
{"ev":"accepted","peer":"2:1701939400","pid":1174,"t":1791306798.360783}
{"ev":"accepted","peer":"2:1376060338","pid":1174,"t":1791306798.367088}
{"ev":"accepted","peer":"2:2308532560","pid":1174,"t":1791306798.373272}
{"ev":"accepted","peer":"2:778332238","pid":1174,"t":1791306798.378317}
{"ev":"accepted","peer":"2:1273557806","pid":1174,"t":1791306798.384365}
{"ev":"accepted","peer":"2:2673341842","pid":1174,"t":1791306798.390618}
{"ev":"accepted","peer":"2:698606159","pid":1174,"t":1791306798.396662}
{"ev":"accepted","peer":"2:1419551175","pid":1174,"t":1791306798.402397}
{"ev":"accepted","peer":"2:668393298","pid":1174,"t":1791306798.408742}
{"ev":"accepted","peer":"2:250588192","pid":1174,"t":1791306798.41501}
{"ev":"accepted","peer":"2:708914324","pid":1174,"t":1791306798.421046}
{"ev":"accepted","peer":"2:2842831530","pid":1174,"t":1791306798.427376}
{"ev":"accepted","peer":"2:2596926880","pid":1174,"t":1791306798.432827}
{"ev":"accepted","peer":"2:1957425521","pid":1174,"t":1791306798.438465}
{"ev":"accepted","peer":"2:3073197207","pid":1174,"t":1791306798.443519}
{"ev":"accepted","peer":"2:1849728216","pid":1174,"t":1791306798.449667}
{"ev":"accepted","peer":"2:3383340137","pid":1174,"t":1791306798.4549}
{"ev":"accepted","peer":"2:671442268","pid":1174,"t":1791306798.46018}
{"ev":"accepted","peer":"2:1617423410","pid":1174,"t":1791306798.466302}
{"ev":"accepted","peer":"2:971421865","pid":1174,"t":1791306798.472322}
{"ev":"accepted","peer":"2:3891944180","pid":1174,"t":1791306798.478506}
{"ev":"accepted","peer":"2:3916784213","pid":1174,"t":1791306798.484592}
{"ev":"accepted","peer":"2:1322404282","pid":1174,"t":1791306798.49073}
{"ev":"accepted","peer":"2:3787120210","pid":1174,"t":1791306798.496855}
{"ev":"accepted","peer":"2:595235494","pid":1174,"t":1791306798.502031}
{"ev":"accepted","peer":"2:4110100987","pid":1174,"t":1791306798.507288}
{"ev":"accepted","peer":"2:2458601628","pid":1174,"t":1791306798.513487}
{"ev":"accepted","peer":"2:728682298","pid":1174,"t":1791306798.519653}
{"ev":"accepted","peer":"2:2489544185","pid":1174,"t":1791306798.525946}
{"ev":"accepted","peer":"2:3497987092","pid":1174,"t":1791306798.531869}
{"ev":"accepted","peer":"2:326172757","pid":1174,"t":1791306798.537998}
{"ev":"accepted","peer":"2:3290560867","pid":1174,"t":1791306798.543145}
{"ev":"accepted","peer":"2:497560670","pid":1174,"t":1791306798.548711}
{"ev":"accepted","peer":"2:3312423108","pid":1174,"t":1791306798.554864}
{"ev":"accepted","peer":"2:3399220075","pid":1174,"t":1791306798.561023}
{"ev":"accepted","peer":"2:677070920","pid":1174,"t":1791306798.567231}
{"ev":"accepted","peer":"2:1006705034","pid":1174,"t":1791306798.573457}
{"ev":"accepted","peer":"2:2740161672","pid":1174,"t":1791306798.579933}
{"ev":"accepted","peer":"2:138978504","pid":1174,"t":1791306798.586031}
{"ev":"accepted","peer":"2:4250052111","pid":1174,"t":1791306798.591511}
{"ev":"accepted","peer":"2:1614848687","pid":1174,"t":1791306798.596732}
{"ev":"accepted","peer":"2:4218747134","pid":1174,"t":1791306798.602751}
{"ev":"accepted","peer":"2:3077557484","pid":1174,"t":1791306798.60911}
{"ev":"accepted","peer":"2:2608034513","pid":1174,"t":1791306798.615489}
{"ev":"accepted","peer":"2:2734504067","pid":1174,"t":1791306798.620395}
{"ev":"accepted","peer":"2:4066474881","pid":1174,"t":1791306798.625642}
{"ev":"accepted","peer":"2:3649347235","pid":1174,"t":1791306798.631943}
{"ev":"accepted","peer":"2:373752610","pid":1174,"t":1791306798.637251}
{"ev":"accepted","peer":"2:1923321057","pid":1174,"t":1791306798.642611}
{"ev":"accepted","peer":"2:2812050219","pid":1174,"t":1791306798.648341}
{"ev":"accepted","peer":"2:2590192560","pid":1174,"t":1791306798.654176}
{"ev":"accepted","peer":"2:3589434331","pid":1174,"t":1791306798.660268}
{"ev":"accepted","peer":"2:420992464","pid":1174,"t":1791306798.666315}
{"ev":"accepted","peer":"2:1691072406","pid":1174,"t":1791306798.671843}
{"ev":"accepted","peer":"2:2276923166","pid":1174,"t":1791306798.677889}
{"ev":"accepted","peer":"2:2468717042","pid":1174,"t":1791306798.683387}
{"ev":"accepted","peer":"2:1482605279","pid":1174,"t":1791306798.689492}
{"ev":"accepted","peer":"2:1114464906","pid":1174,"t":1791306798.695345}
{"ev":"accepted","peer":"2:274778768","pid":1174,"t":1791306798.701317}
{"ev":"accepted","peer":"2:3525566463","pid":1174,"t":1791306798.706758}
{"ev":"accepted","peer":"2:3885528037","pid":1174,"t":1791306798.713209}
{"ev":"accepted","peer":"2:2226484724","pid":1174,"t":1791306798.719636}
{"ev":"accepted","peer":"2:3923496983","pid":1174,"t":1791306798.724899}
{"ev":"accepted","peer":"2:3916208358","pid":1174,"t":1791306798.730789}
{"ev":"accepted","peer":"2:517111183","pid":1174,"t":1791306798.736481}
{"ev":"accepted","peer":"2:525738411","pid":1174,"t":1791306798.743867}
{"ev":"accepted","peer":"2:1490476227","pid":1174,"t":1791306798.749962}
{"ev":"accepted","peer":"2:2973358740","pid":1174,"t":1791306798.756309}
{"ev":"accepted","peer":"2:3796354161","pid":1174,"t":1791306798.762136}
{"ev":"accepted","peer":"2:1705238135","pid":1174,"t":1791306798.767967}
{"ev":"accepted","peer":"2:3787064796","pid":1174,"t":1791306798.774599}
{"ev":"accepted","peer":"2:1703180147","pid":1174,"t":1791306798.780834}
{"ev":"accepted","peer":"2:936508628","pid":1174,"t":1791306798.787301}
{"ev":"accepted","peer":"2:3998068410","pid":1174,"t":1791306798.7935}
{"ev":"accepted","peer":"2:3802217693","pid":1174,"t":1791306798.800044}
{"ev":"accepted","peer":"2:1089582681","pid":1174,"t":1791306798.806271}
{"ev":"accepted","peer":"2:1089440803","pid":1174,"t":1791306798.811956}
{"ev":"accepted","peer":"2:2613056326","pid":1174,"t":1791306798.818116}
{"ev":"accepted","peer":"2:3191493474","pid":1174,"t":1791306798.824358}
{"ev":"accepted","peer":"2:1468004705","pid":1174,"t":1791306798.829684}
{"ev":"accepted","peer":"2:1537209502","pid":1174,"t":1791306798.834939}
{"ev":"accepted","peer":"2:801730117","pid":1174,"t":1791306798.843202}
{"ev":"accepted","peer":"2:3916544372","pid":1174,"t":1791306798.849126}
{"ev":"accepted","peer":"2:3987396515","pid":1174,"t":1791306798.85523}
{"ev":"accepted","peer":"2:3732372059","pid":1174,"t":1791306798.862666}
{"ev":"accepted","peer":"2:1228509900","pid":1174,"t":1791306798.869051}
{"ev":"accepted","peer":"2:53415436","pid":1174,"t":1791306798.874113}
{"ev":"accepted","peer":"2:881041954","pid":1174,"t":1791306798.880639}
{"ev":"accepted","peer":"2:2541621291","pid":1174,"t":1791306798.88659}
{"ev":"accepted","peer":"2:1782201133","pid":1174,"t":1791306798.895368}
{"ev":"accepted","peer":"2:4030216100","pid":1174,"t":1791306798.901659}
{"ev":"accepted","peer":"2:2971646302","pid":1174,"t":1791306798.907692}
{"ev":"accepted","peer":"2:1903666093","pid":1174,"t":1791306798.913838}
{"ev":"accepted","peer":"2:333906485","pid":1174,"t":1791306798.919873}
{"ev":"accepted","peer":"2:1502768176","pid":1174,"t":1791306798.927112}
{"ev":"accepted","peer":"2:1493859633","pid":1174,"t":1791306798.933111}
{"ev":"accepted","peer":"2:2850737748","pid":1174,"t":1791306798.939321}
{"ev":"accepted","peer":"2:3798205232","pid":1174,"t":1791306798.944942}
{"ev":"accepted","peer":"2:1000191730","pid":1174,"t":1791306798.950476}
{"ev":"accepted","peer":"2:3625963563","pid":1174,"t":1791306798.956598}
{"ev":"accepted","peer":"2:2253041320","pid":1174,"t":1791306798.961683}
{"ev":"accepted","peer":"2:3612058060","pid":1174,"t":1791306798.968117}
{"ev":"accepted","peer":"2:1359499365","pid":1174,"t":1791306798.974277}
{"ev":"accepted","peer":"2:173783611","pid":1174,"t":1791306798.98098}
{"ev":"accepted","peer":"2:1773852262","pid":1174,"t":1791306798.987132}
{"ev":"accepted","peer":"2:1510467004","pid":1174,"t":1791306798.996047}
{"ev":"accepted","peer":"2:1837452027","pid":1174,"t":1791306799.002135}
{"ev":"accepted","peer":"2:3147909245","pid":1174,"t":1791306799.00844}
{"ev":"accepted","peer":"2:3592549871","pid":1174,"t":1791306799.014377}
{"ev":"accepted","peer":"2:468335658","pid":1174,"t":1791306799.019654}
{"ev":"accepted","peer":"2:1571865836","pid":1174,"t":1791306799.025521}
{"ev":"accepted","peer":"2:4022782654","pid":1174,"t":1791306799.031547}
{"ev":"accepted","peer":"2:1219796492","pid":1174,"t":1791306799.037952}
{"ev":"accepted","peer":"2:614594551","pid":1174,"t":1791306799.04384}
{"ev":"accepted","peer":"2:3519460846","pid":1174,"t":1791306799.049468}
{"ev":"accepted","peer":"2:376588104","pid":1174,"t":1791306799.055603}
{"ev":"accepted","peer":"2:911786802","pid":1174,"t":1791306799.060918}
{"ev":"accepted","peer":"2:3737199643","pid":1174,"t":1791306799.066886}
{"ev":"accepted","peer":"2:3747998167","pid":1174,"t":1791306799.073169}
{"ev":"accepted","peer":"2:1523251182","pid":1174,"t":1791306799.079197}
{"ev":"accepted","peer":"2:967191181","pid":1174,"t":1791306799.085234}
{"ev":"accepted","peer":"2:1205255283","pid":1174,"t":1791306799.091395}
{"ev":"accepted","peer":"2:3812977710","pid":1174,"t":1791306799.097493}
{"ev":"accepted","peer":"2:4241189125","pid":1174,"t":1791306799.103366}
{"ev":"accepted","peer":"2:1741251090","pid":1174,"t":1791306799.109506}
{"ev":"accepted","peer":"2:743845210","pid":1174,"t":1791306799.115737}
{"ev":"accepted","peer":"2:1765123358","pid":1174,"t":1791306799.1217}
{"ev":"accepted","peer":"2:111685343","pid":1174,"t":1791306799.12807}
{"ev":"accepted","peer":"2:786461110","pid":1174,"t":1791306799.133133}
{"ev":"accepted","peer":"2:3788732350","pid":1174,"t":1791306799.167106}
{"ev":"accepted","peer":"2:4224252776","pid":1174,"t":1791306799.17445}
{"ev":"accepted","peer":"2:143209642","pid":1174,"t":1791306799.184398}
{"ev":"accepted","peer":"2:3457776643","pid":1174,"t":1791306799.18864}
{"ev":"accepted","peer":"2:70564405","pid":1174,"t":1791306799.19471}
{"ev":"accepted","peer":"2:3122951812","pid":1174,"t":1791306799.20085}
{"ev":"accepted","peer":"2:3347727051","pid":1174,"t":1791306799.206959}
{"ev":"accepted","peer":"2:2467261639","pid":1174,"t":1791306799.213056}
{"ev":"accepted","peer":"2:3361935622","pid":1174,"t":1791306799.218645}
{"ev":"accepted","peer":"2:3606766811","pid":1174,"t":1791306799.224966}
{"ev":"accepted","peer":"2:1905655036","pid":1174,"t":1791306799.230939}
{"ev":"accepted","peer":"2:1162061237","pid":1174,"t":1791306799.236641}
{"ev":"accepted","peer":"2:4273545080","pid":1174,"t":1791306799.243453}
{"ev":"accepted","peer":"2:3955577455","pid":1174,"t":1791306799.248567}
{"ev":"accepted","peer":"2:2953862461","pid":1174,"t":1791306799.253684}
{"ev":"accepted","peer":"2:375232845","pid":1174,"t":1791306799.259993}
{"ev":"accepted","peer":"2:1727479538","pid":1174,"t":1791306799.266301}
{"ev":"accepted","peer":"2:4147891493","pid":1174,"t":1791306799.271261}
{"ev":"accepted","peer":"2:3538482129","pid":1174,"t":1791306799.276605}
{"ev":"accepted","peer":"2:2634642767","pid":1174,"t":1791306799.282854}
{"ev":"accepted","peer":"2:1705421815","pid":1174,"t":1791306799.287735}
{"ev":"accepted","peer":"2:2079555704","pid":1174,"t":1791306799.293458}
{"ev":"accepted","peer":"2:2667021199","pid":1174,"t":1791306799.29958}
{"ev":"accepted","peer":"2:1450577016","pid":1174,"t":1791306799.305718}
{"ev":"accepted","peer":"2:874496458","pid":1174,"t":1791306799.311723}
{"ev":"accepted","peer":"2:2507864072","pid":1174,"t":1791306799.317878}
{"ev":"accepted","peer":"2:2258929829","pid":1174,"t":1791306799.323591}
{"ev":"accepted","peer":"2:2144235293","pid":1174,"t":1791306799.328942}
{"ev":"accepted","peer":"2:4102233406","pid":1174,"t":1791306799.335502}
{"ev":"accepted","peer":"2:2249818556","pid":1174,"t":1791306799.341431}
{"ev":"accepted","peer":"2:2461439108","pid":1174,"t":1791306799.347357}
{"ev":"accepted","peer":"2:2724178839","pid":1174,"t":1791306799.35405}
{"ev":"accepted","peer":"2:2940107522","pid":1174,"t":1791306799.361749}
{"ev":"accepted","peer":"2:3724784544","pid":1174,"t":1791306799.367774}
{"ev":"accepted","peer":"2:2203240136","pid":1174,"t":1791306799.373779}
{"ev":"accepted","peer":"2:3290642146","pid":1174,"t":1791306799.385591}
{"ev":"accepted","peer":"2:3355430310","pid":1174,"t":1791306799.396064}
{"ev":"accepted","peer":"2:1818658167","pid":1174,"t":1791306799.402811}
{"ev":"accepted","peer":"2:3971139057","pid":1174,"t":1791306799.407238}
{"ev":"accepted","peer":"2:1161568586","pid":1174,"t":1791306799.413762}
{"ev":"accepted","peer":"2:2293163489","pid":1174,"t":1791306799.419554}
{"ev":"accepted","peer":"2:654054020","pid":1174,"t":1791306799.426578}
{"ev":"accepted","peer":"2:3747136320","pid":1174,"t":1791306799.432693}
{"ev":"accepted","peer":"2:3133795481","pid":1174,"t":1791306799.438943}
{"ev":"accepted","peer":"2:712597039","pid":1174,"t":1791306799.445918}
{"ev":"accepted","peer":"2:3282212821","pid":1174,"t":1791306799.45175}
{"ev":"accepted","peer":"2:304715237","pid":1174,"t":1791306799.459241}
{"ev":"accepted","peer":"2:3487406670","pid":1174,"t":1791306799.464714}
{"ev":"accepted","peer":"2:970604992","pid":1174,"t":1791306799.470984}
{"ev":"accepted","peer":"2:1710399904","pid":1174,"t":1791306799.476452}
{"ev":"accepted","peer":"2:3188841520","pid":1174,"t":1791306799.482268}
{"ev":"accepted","peer":"2:436542662","pid":1174,"t":1791306799.488532}
{"ev":"accepted","peer":"2:2851169051","pid":1174,"t":1791306799.494584}
{"ev":"accepted","peer":"2:69983115","pid":1174,"t":1791306799.50261}
{"ev":"accepted","peer":"2:3671803537","pid":1174,"t":1791306799.514516}
{"ev":"accepted","peer":"2:3720002628","pid":1174,"t":1791306799.520902}
{"ev":"accepted","peer":"2:74446838","pid":1174,"t":1791306799.52878}
{"ev":"accepted","peer":"2:1138812223","pid":1174,"t":1791306799.534739}
{"ev":"accepted","peer":"2:1433602356","pid":1174,"t":1791306799.540786}
{"ev":"accepted","peer":"2:1686320081","pid":1174,"t":1791306799.546956}
{"ev":"accepted","peer":"2:349153014","pid":1174,"t":1791306799.552999}
{"ev":"accepted","peer":"2:3734479824","pid":1174,"t":1791306799.559017}
{"ev":"accepted","peer":"2:842616880","pid":1174,"t":1791306799.565262}
{"ev":"accepted","peer":"2:99487719","pid":1174,"t":1791306799.571764}
{"ev":"accepted","peer":"2:666921618","pid":1174,"t":1791306799.579897}
{"ev":"accepted","peer":"2:4176388601","pid":1174,"t":1791306799.58354}
{"ev":"accepted","peer":"2:1427357082","pid":1174,"t":1791306799.589175}
{"ev":"accepted","peer":"2:684287311","pid":1174,"t":1791306799.594924}
{"ev":"accepted","peer":"2:1974264238","pid":1174,"t":1791306799.600306}
{"ev":"accepted","peer":"2:2048668470","pid":1174,"t":1791306799.60653}
{"ev":"accepted","peer":"2:1588204228","pid":1174,"t":1791306799.611822}
{"ev":"accepted","peer":"2:1301155242","pid":1174,"t":1791306799.617882}
{"ev":"accepted","peer":"2:220315456","pid":1174,"t":1791306799.623435}
{"ev":"accepted","peer":"2:3216850152","pid":1174,"t":1791306799.628718}
{"ev":"accepted","peer":"2:562555056","pid":1174,"t":1791306799.634982}
{"ev":"accepted","peer":"2:1148535531","pid":1174,"t":1791306799.641156}
{"ev":"accepted","peer":"2:3626625097","pid":1174,"t":1791306799.647023}
{"ev":"accepted","peer":"2:1914658836","pid":1174,"t":1791306799.653261}
{"ev":"accepted","peer":"2:2117087737","pid":1174,"t":1791306799.663497}
{"ev":"accepted","peer":"2:3977366992","pid":1174,"t":1791306799.665007}
{"ev":"accepted","peer":"2:2885485627","pid":1174,"t":1791306799.670286}
{"ev":"accepted","peer":"2:3825980538","pid":1174,"t":1791306799.676682}
{"ev":"accepted","peer":"2:3849076521","pid":1174,"t":1791306799.682534}
{"ev":"accepted","peer":"2:601856217","pid":1174,"t":1791306799.689651}
{"ev":"accepted","peer":"2:1324086441","pid":1174,"t":1791306799.697032}
{"ev":"accepted","peer":"2:2063479185","pid":1174,"t":1791306799.702755}
{"ev":"accepted","peer":"2:1666783889","pid":1174,"t":1791306799.707752}
{"ev":"accepted","peer":"2:1784836011","pid":1174,"t":1791306799.715554}
{"ev":"accepted","peer":"2:2399811992","pid":1174,"t":1791306799.721254}
{"ev":"accepted","peer":"2:3545585203","pid":1174,"t":1791306799.727673}
{"ev":"accepted","peer":"2:3484114503","pid":1174,"t":1791306799.73296}
{"ev":"accepted","peer":"2:3540364798","pid":1174,"t":1791306799.738592}
{"ev":"accepted","peer":"2:1004449995","pid":1174,"t":1791306799.744286}
{"ev":"accepted","peer":"2:2286325408","pid":1174,"t":1791306799.749642}
{"ev":"accepted","peer":"2:801877419","pid":1174,"t":1791306799.755867}
{"ev":"accepted","peer":"2:3105318643","pid":1174,"t":1791306799.763029}
{"ev":"accepted","peer":"2:3023319304","pid":1174,"t":1791306799.768006}
{"ev":"accepted","peer":"2:3390814687","pid":1174,"t":1791306799.774175}
{"ev":"accepted","peer":"2:599683436","pid":1174,"t":1791306799.780237}
{"ev":"accepted","peer":"2:1780579917","pid":1174,"t":1791306799.785478}
{"ev":"accepted","peer":"2:895475695","pid":1174,"t":1791306799.791605}
{"ev":"accepted","peer":"2:1711217527","pid":1174,"t":1791306799.797649}
{"ev":"accepted","peer":"2:2284563498","pid":1174,"t":1791306799.803558}
{"ev":"accepted","peer":"2:434983788","pid":1174,"t":1791306799.810334}
{"ev":"accepted","peer":"2:1813360504","pid":1174,"t":1791306799.815865}
{"ev":"accepted","peer":"2:3523815548","pid":1174,"t":1791306799.821398}
{"ev":"accepted","peer":"2:1825608219","pid":1174,"t":1791306799.828546}
{"ev":"accepted","peer":"2:887618185","pid":1174,"t":1791306799.834683}
{"ev":"accepted","peer":"2:3406220721","pid":1174,"t":1791306799.840761}
{"ev":"accepted","peer":"2:3775983979","pid":1174,"t":1791306799.846627}
{"ev":"accepted","peer":"2:628373049","pid":1174,"t":1791306799.852758}
{"ev":"accepted","peer":"2:3773001807","pid":1174,"t":1791306799.860963}
{"ev":"accepted","peer":"2:2682014624","pid":1174,"t":1791306799.864323}
{"ev":"accepted","peer":"2:3997358019","pid":1174,"t":1791306799.869513}
{"ev":"accepted","peer":"2:3706105727","pid":1174,"t":1791306799.875597}
{"ev":"accepted","peer":"2:1347610100","pid":1174,"t":1791306799.881716}
{"ev":"accepted","peer":"2:2503402080","pid":1174,"t":1791306799.886901}
{"ev":"accepted","peer":"2:123830484","pid":1174,"t":1791306799.894719}
{"ev":"accepted","peer":"2:2898361152","pid":1174,"t":1791306799.900766}
{"ev":"accepted","peer":"2:1998518814","pid":1174,"t":1791306799.907033}
{"ev":"accepted","peer":"2:1578609202","pid":1174,"t":1791306799.920345}
{"ev":"accepted","peer":"2:2854040032","pid":1174,"t":1791306799.936763}
{"ev":"accepted","peer":"2:1240706537","pid":1174,"t":1791306799.942726}
{"ev":"accepted","peer":"2:4224029501","pid":1174,"t":1791306799.948981}
{"ev":"accepted","peer":"2:3623811160","pid":1174,"t":1791306799.955255}
{"ev":"accepted","peer":"2:4128096636","pid":1174,"t":1791306799.961401}
{"ev":"accepted","peer":"2:967877007","pid":1174,"t":1791306799.967942}
{"ev":"accepted","peer":"2:1661844433","pid":1174,"t":1791306799.973799}
{"ev":"accepted","peer":"2:900502342","pid":1174,"t":1791306799.979256}
{"ev":"accepted","peer":"2:2496780795","pid":1174,"t":1791306799.985625}
{"ev":"accepted","peer":"2:838008493","pid":1174,"t":1791306799.994129}
{"ev":"accepted","peer":"2:735825911","pid":1174,"t":1791306799.999847}
{"ev":"accepted","peer":"2:3373200963","pid":1174,"t":1791306800.006491}
{"ev":"accepted","peer":"2:2114927201","pid":1174,"t":1791306800.011833}
{"ev":"accepted","peer":"2:3858812749","pid":1174,"t":1791306800.017968}
{"ev":"accepted","peer":"2:2020077219","pid":1174,"t":1791306800.023901}
{"ev":"accepted","peer":"2:2937524589","pid":1174,"t":1791306800.030077}
{"ev":"accepted","peer":"2:2839320304","pid":1174,"t":1791306800.036244}
{"ev":"accepted","peer":"2:1615738819","pid":1174,"t":1791306800.042429}
{"ev":"accepted","peer":"2:1026134048","pid":1174,"t":1791306800.048755}
{"ev":"accepted","peer":"2:2604710592","pid":1174,"t":1791306800.054027}
{"ev":"accepted","peer":"2:1183441670","pid":1174,"t":1791306800.060756}
{"ev":"accepted","peer":"2:900811232","pid":1174,"t":1791306800.066475}
{"ev":"accepted","peer":"2:2949873522","pid":1174,"t":1791306800.072328}
{"ev":"accepted","peer":"2:3020447608","pid":1174,"t":1791306800.078582}
{"ev":"accepted","peer":"2:1514227210","pid":1174,"t":1791306800.084022}
{"ev":"accepted","peer":"2:2478523795","pid":1174,"t":1791306800.089758}
{"ev":"accepted","peer":"2:2228502590","pid":1174,"t":1791306800.095319}
{"ev":"accepted","peer":"2:2720557207","pid":1174,"t":1791306800.100681}
{"ev":"accepted","peer":"2:1944527821","pid":1174,"t":1791306800.106846}
{"ev":"accepted","peer":"2:268590041","pid":1174,"t":1791306800.113548}
{"ev":"accepted","peer":"2:2762249956","pid":1174,"t":1791306800.118183}
{"ev":"accepted","peer":"2:2892800305","pid":1174,"t":1791306800.123444}
{"ev":"accepted","peer":"2:2394415621","pid":1174,"t":1791306800.129592}
{"ev":"accepted","peer":"2:159350062","pid":1174,"t":1791306800.135359}
{"ev":"accepted","peer":"2:2837116958","pid":1174,"t":1791306800.141371}
{"ev":"accepted","peer":"2:619334224","pid":1174,"t":1791306800.146826}
{"ev":"accepted","peer":"2:3971031449","pid":1174,"t":1791306800.152942}
{"ev":"accepted","peer":"2:3194191847","pid":1174,"t":1791306800.163065}
{"ev":"accepted","peer":"2:497489223","pid":1174,"t":1791306800.168104}
{"ev":"accepted","peer":"2:2630245599","pid":1174,"t":1791306800.17422}
{"ev":"accepted","peer":"2:3233556897","pid":1174,"t":1791306800.180275}
{"ev":"accepted","peer":"2:60190877","pid":1174,"t":1791306800.18673}
{"ev":"accepted","peer":"2:1844962121","pid":1174,"t":1791306800.198422}
{"ev":"accepted","peer":"2:2321769599","pid":1174,"t":1791306800.199622}
{"ev":"accepted","peer":"2:2407132121","pid":1174,"t":1791306800.205546}
{"ev":"accepted","peer":"2:847380193","pid":1174,"t":1791306800.211849}
{"ev":"accepted","peer":"2:3459449788","pid":1174,"t":1791306800.217544}
{"ev":"accepted","peer":"2:1660418610","pid":1174,"t":1791306800.223109}
{"ev":"accepted","peer":"2:424413816","pid":1174,"t":1791306800.229307}
{"ev":"accepted","peer":"2:3075402042","pid":1174,"t":1791306800.235354}
{"ev":"accepted","peer":"2:2342709254","pid":1174,"t":1791306800.241391}
{"ev":"accepted","peer":"2:2703539600","pid":1174,"t":1791306813.263304}
{"ev":"accepted","peer":"2:2601697372","pid":1174,"t":1791306813.269023}
{"ev":"accepted","peer":"2:2253800182","pid":1174,"t":1791306813.274105}
{"ev":"accepted","peer":"2:3311802146","pid":1174,"t":1791306813.280262}
{"ev":"accepted","peer":"2:3581722133","pid":1174,"t":1791306813.28634}
{"ev":"accepted","peer":"2:1131685813","pid":1174,"t":1791306813.292348}
{"ev":"accepted","peer":"2:260182770","pid":1174,"t":1791306813.297897}
{"ev":"accepted","peer":"2:4095883444","pid":1174,"t":1791306813.303219}
{"ev":"accepted","peer":"2:1608448466","pid":1174,"t":1791306813.309248}
{"ev":"accepted","peer":"2:3025539536","pid":1174,"t":1791306813.31538}
{"ev":"accepted","peer":"2:3214603617","pid":1174,"t":1791306813.321588}
{"ev":"accepted","peer":"2:4269313295","pid":1174,"t":1791306813.32753}
{"ev":"accepted","peer":"2:2968577056","pid":1174,"t":1791306813.333717}
{"ev":"accepted","peer":"2:3171180335","pid":1174,"t":1791306813.339001}
{"ev":"accepted","peer":"2:3775235304","pid":1174,"t":1791306813.344875}
{"ev":"accepted","peer":"2:925965139","pid":1174,"t":1791306813.350914}
{"ev":"accepted","peer":"2:3663817862","pid":1174,"t":1791306813.357144}
{"ev":"accepted","peer":"2:456125684","pid":1174,"t":1791306813.363344}
{"ev":"accepted","peer":"2:2195298874","pid":1174,"t":1791306813.368544}
{"ev":"accepted","peer":"2:2789774739","pid":1174,"t":1791306813.373618}
{"ev":"accepted","peer":"2:1990415720","pid":1174,"t":1791306813.379182}
{"ev":"accepted","peer":"2:3284547420","pid":1174,"t":1791306813.38534}
{"ev":"accepted","peer":"2:2616225225","pid":1174,"t":1791306813.391535}
{"ev":"accepted","peer":"2:3433818986","pid":1174,"t":1791306813.39709}
{"ev":"accepted","peer":"2:1106792786","pid":1174,"t":1791306813.403179}
{"ev":"accepted","peer":"2:3037797515","pid":1174,"t":1791306813.409465}
{"ev":"accepted","peer":"2:2386716435","pid":1174,"t":1791306813.414588}
{"ev":"accepted","peer":"2:935495673","pid":1174,"t":1791306813.419594}
{"ev":"accepted","peer":"2:4004294954","pid":1174,"t":1791306813.424894}
{"ev":"accepted","peer":"2:68842120","pid":1174,"t":1791306813.431018}
{"ev":"accepted","peer":"2:3992380646","pid":1174,"t":1791306813.436996}
{"ev":"accepted","peer":"2:3996030378","pid":1174,"t":1791306813.443126}
{"ev":"accepted","peer":"2:670743018","pid":1174,"t":1791306813.449265}
{"ev":"accepted","peer":"2:1915474681","pid":1174,"t":1791306813.455475}
{"ev":"accepted","peer":"2:2784111823","pid":1174,"t":1791306813.461554}
{"ev":"accepted","peer":"2:3224941028","pid":1174,"t":1791306813.466839}
{"ev":"accepted","peer":"2:2038545711","pid":1174,"t":1791306813.472568}
{"ev":"accepted","peer":"2:1283575171","pid":1174,"t":1791306813.478454}
{"ev":"accepted","peer":"2:200963367","pid":1174,"t":1791306813.484502}
{"ev":"accepted","peer":"2:386537165","pid":1174,"t":1791306813.490568}
{"ev":"accepted","peer":"2:4024719416","pid":1174,"t":1791306813.49564}
{"ev":"accepted","peer":"2:1964516576","pid":1174,"t":1791306813.501841}
{"ev":"accepted","peer":"2:573619704","pid":1174,"t":1791306813.508092}
{"ev":"accepted","peer":"2:865407468","pid":1174,"t":1791306813.513885}
{"ev":"accepted","peer":"2:3687525547","pid":1174,"t":1791306813.519297}
{"ev":"accepted","peer":"2:3080610629","pid":1174,"t":1791306813.525739}
{"ev":"accepted","peer":"2:3897487004","pid":1174,"t":1791306813.531867}
{"ev":"accepted","peer":"2:2251289684","pid":1174,"t":1791306813.53794}
{"ev":"accepted","peer":"2:3315145937","pid":1174,"t":1791306813.543549}
{"ev":"accepted","peer":"2:484318930","pid":1174,"t":1791306813.549275}
{"ev":"accepted","peer":"2:229581487","pid":1174,"t":1791306813.555317}
{"ev":"accepted","peer":"2:3260166292","pid":1174,"t":1791306813.561509}
{"ev":"accepted","peer":"2:2897211501","pid":1174,"t":1791306813.566552}
{"ev":"accepted","peer":"2:4147516073","pid":1174,"t":1791306813.571857}
{"ev":"accepted","peer":"2:1380607136","pid":1174,"t":1791306813.576981}
{"ev":"accepted","peer":"2:1149679045","pid":1174,"t":1791306813.583208}
{"ev":"accepted","peer":"2:752654866","pid":1174,"t":1791306813.589403}
{"ev":"accepted","peer":"2:158120696","pid":1174,"t":1791306813.594867}
{"ev":"accepted","peer":"2:3107851223","pid":1174,"t":1791306813.600498}
{"ev":"accepted","peer":"2:1458401764","pid":1174,"t":1791306813.60656}
{"ev":"accepted","peer":"2:3280077071","pid":1174,"t":1791306813.611624}
{"ev":"accepted","peer":"2:3433165638","pid":1174,"t":1791306813.617911}
{"ev":"accepted","peer":"2:3701430094","pid":1174,"t":1791306813.624249}
{"ev":"accepted","peer":"2:3174988391","pid":1174,"t":1791306813.629227}
{"ev":"accepted","peer":"2:224502309","pid":1174,"t":1791306813.634466}
{"ev":"accepted","peer":"2:1370240558","pid":1174,"t":1791306813.64029}
{"ev":"accepted","peer":"2:658002183","pid":1174,"t":1791306813.645876}
{"ev":"accepted","peer":"2:2398129258","pid":1174,"t":1791306813.652044}
{"ev":"accepted","peer":"2:4205437430","pid":1174,"t":1791306813.658043}
{"ev":"accepted","peer":"2:4044512734","pid":1174,"t":1791306813.664106}
{"ev":"accepted","peer":"2:846073161","pid":1174,"t":1791306813.669954}
{"ev":"accepted","peer":"2:2689856500","pid":1174,"t":1791306813.675776}
{"ev":"accepted","peer":"2:700384328","pid":1174,"t":1791306813.680863}
{"ev":"accepted","peer":"2:3619165824","pid":1174,"t":1791306813.686863}
{"ev":"accepted","peer":"2:741299285","pid":1174,"t":1791306813.692964}
{"ev":"accepted","peer":"2:2003156230","pid":1174,"t":1791306813.698371}
{"ev":"accepted","peer":"2:4059705790","pid":1174,"t":1791306813.704108}
{"ev":"accepted","peer":"2:531481950","pid":1174,"t":1791306813.709366}
{"ev":"accepted","peer":"2:3766350848","pid":1174,"t":1791306813.715465}
{"ev":"accepted","peer":"2:4181076569","pid":1174,"t":1791306813.721782}
{"ev":"accepted","peer":"2:3466609349","pid":1174,"t":1791306813.727755}
{"ev":"accepted","peer":"2:659865797","pid":1174,"t":1791306813.733667}
{"ev":"accepted","peer":"2:1548242793","pid":1174,"t":1791306813.739774}
{"ev":"accepted","peer":"2:515561736","pid":1174,"t":1791306813.745035}
{"ev":"accepted","peer":"2:379852324","pid":1174,"t":1791306813.751084}
{"ev":"accepted","peer":"2:1990136915","pid":1174,"t":1791306813.756177}
{"ev":"accepted","peer":"2:1189543554","pid":1174,"t":1791306813.761645}
{"ev":"accepted","peer":"2:2053479468","pid":1174,"t":1791306813.767634}
{"ev":"accepted","peer":"2:2802306883","pid":1174,"t":1791306813.772587}
{"ev":"accepted","peer":"2:4257634089","pid":1174,"t":1791306813.778725}
{"ev":"accepted","peer":"2:1871113269","pid":1174,"t":1791306813.784891}
{"ev":"accepted","peer":"2:2852826703","pid":1174,"t":1791306813.790024}
{"ev":"accepted","peer":"2:65017010","pid":1174,"t":1791306813.796131}
{"ev":"accepted","peer":"2:1113318721","pid":1174,"t":1791306813.802194}
{"ev":"accepted","peer":"2:2773212844","pid":1174,"t":1791306813.808041}
{"ev":"accepted","peer":"2:3161404406","pid":1174,"t":1791306813.813452}
{"ev":"accepted","peer":"2:3641619647","pid":1174,"t":1791306813.818525}
{"ev":"accepted","peer":"2:3945005152","pid":1174,"t":1791306813.823826}
{"ev":"accepted","peer":"2:1939778696","pid":1174,"t":1791306813.829832}
{"ev":"accepted","peer":"2:1671604463","pid":1174,"t":1791306813.834886}
{"ev":"accepted","peer":"2:1757345510","pid":1174,"t":1791306813.840277}
{"ev":"accepted","peer":"2:3094100321","pid":1174,"t":1791306813.84627}
{"ev":"accepted","peer":"2:830593774","pid":1174,"t":1791306813.852351}
{"ev":"accepted","peer":"2:3354243978","pid":1174,"t":1791306813.858524}
{"ev":"accepted","peer":"2:2316822909","pid":1174,"t":1791306813.864606}
{"ev":"accepted","peer":"2:3264991575","pid":1174,"t":1791306813.870132}
{"ev":"accepted","peer":"2:2220031455","pid":1174,"t":1791306813.875316}
{"ev":"accepted","peer":"2:2613878878","pid":1174,"t":1791306813.88137}
{"ev":"accepted","peer":"2:547703307","pid":1174,"t":1791306813.886667}
{"ev":"accepted","peer":"2:2878705114","pid":1174,"t":1791306813.89273}
{"ev":"accepted","peer":"2:3863944787","pid":1174,"t":1791306813.898998}
{"ev":"accepted","peer":"2:557203182","pid":1174,"t":1791306813.905203}
{"ev":"accepted","peer":"2:3834370141","pid":1174,"t":1791306813.911199}
{"ev":"accepted","peer":"2:3034316243","pid":1174,"t":1791306813.917393}
{"ev":"accepted","peer":"2:1947768596","pid":1174,"t":1791306813.922616}
{"ev":"accepted","peer":"2:95299107","pid":1174,"t":1791306813.927668}
{"ev":"accepted","peer":"2:242576756","pid":1174,"t":1791306813.933049}
{"ev":"accepted","peer":"2:1573157996","pid":1174,"t":1791306813.938799}
{"ev":"accepted","peer":"2:2369950346","pid":1174,"t":1791306813.944853}
{"ev":"accepted","peer":"2:3446899375","pid":1174,"t":1791306813.951107}
{"ev":"accepted","peer":"2:901445725","pid":1174,"t":1791306813.957134}
{"ev":"accepted","peer":"2:2866293055","pid":1174,"t":1791306813.96328}
{"ev":"accepted","peer":"2:201731165","pid":1174,"t":1791306813.968443}
{"ev":"accepted","peer":"2:3551615537","pid":1174,"t":1791306813.973497}
{"ev":"accepted","peer":"2:4159595634","pid":1174,"t":1791306813.979543}
{"ev":"accepted","peer":"2:1454271040","pid":1174,"t":1791306813.985677}
{"ev":"accepted","peer":"2:429573235","pid":1174,"t":1791306813.99184}
{"ev":"accepted","peer":"2:4080179010","pid":1174,"t":1791306813.998138}
{"ev":"accepted","peer":"2:560703917","pid":1174,"t":1791306814.003508}
{"ev":"accepted","peer":"2:2233778409","pid":1174,"t":1791306814.009436}
{"ev":"accepted","peer":"2:3727136597","pid":1174,"t":1791306814.014524}
{"ev":"accepted","peer":"2:2542762117","pid":1174,"t":1791306814.020821}
{"ev":"accepted","peer":"2:2412016902","pid":1174,"t":1791306814.026801}
{"ev":"accepted","peer":"2:1455099297","pid":1174,"t":1791306814.033008}
{"ev":"accepted","peer":"2:3172843143","pid":1174,"t":1791306814.038514}
{"ev":"accepted","peer":"2:2110683646","pid":1174,"t":1791306814.044563}
{"ev":"accepted","peer":"2:1113952850","pid":1174,"t":1791306814.050716}
{"ev":"accepted","peer":"2:2348546373","pid":1174,"t":1791306814.056956}
{"ev":"accepted","peer":"2:3669251297","pid":1174,"t":1791306814.062627}
{"ev":"accepted","peer":"2:1664078983","pid":1174,"t":1791306814.067842}
{"ev":"accepted","peer":"2:2572704397","pid":1174,"t":1791306814.074082}
{"ev":"accepted","peer":"2:24610139","pid":1174,"t":1791306814.080145}
{"ev":"accepted","peer":"2:286028111","pid":1174,"t":1791306814.085605}
{"ev":"accepted","peer":"2:4057497238","pid":1174,"t":1791306814.091445}
{"ev":"accepted","peer":"2:1990570057","pid":1174,"t":1791306814.09751}
{"ev":"accepted","peer":"2:2601998920","pid":1174,"t":1791306814.103466}
{"ev":"accepted","peer":"2:3558523963","pid":1174,"t":1791306814.10963}
{"ev":"accepted","peer":"2:2098605408","pid":1174,"t":1791306814.115834}
{"ev":"accepted","peer":"2:2582810737","pid":1174,"t":1791306814.121151}
{"ev":"accepted","peer":"2:1638081534","pid":1174,"t":1791306814.127355}
{"ev":"accepted","peer":"2:1808124531","pid":1174,"t":1791306814.133516}
{"ev":"accepted","peer":"2:3029007563","pid":1174,"t":1791306814.139548}
{"ev":"accepted","peer":"2:2047414128","pid":1174,"t":1791306814.144816}
{"ev":"accepted","peer":"2:3039377289","pid":1174,"t":1791306814.15107}
{"ev":"accepted","peer":"2:984057056","pid":1174,"t":1791306814.15615}
{"ev":"accepted","peer":"2:3007853683","pid":1174,"t":1791306814.161562}
{"ev":"accepted","peer":"2:2458393938","pid":1174,"t":1791306814.166713}
{"ev":"accepted","peer":"2:2677269098","pid":1174,"t":1791306814.172885}
{"ev":"accepted","peer":"2:4222004251","pid":1174,"t":1791306814.178467}
{"ev":"accepted","peer":"2:4042220839","pid":1174,"t":1791306814.184552}
{"ev":"accepted","peer":"2:2853949882","pid":1174,"t":1791306814.190638}
{"ev":"accepted","peer":"2:2396959798","pid":1174,"t":1791306814.196818}
{"ev":"accepted","peer":"2:206870286","pid":1174,"t":1791306814.20305}
{"ev":"accepted","peer":"2:1712651933","pid":1174,"t":1791306814.209113}
{"ev":"accepted","peer":"2:179548140","pid":1174,"t":1791306814.215279}
{"ev":"accepted","peer":"2:2121110404","pid":1174,"t":1791306814.220751}
{"ev":"accepted","peer":"2:878183911","pid":1174,"t":1791306814.226992}
{"ev":"accepted","peer":"2:683731934","pid":1174,"t":1791306814.232268}
{"ev":"accepted","peer":"2:1323859089","pid":1174,"t":1791306814.237994}
{"ev":"accepted","peer":"2:25953261","pid":1174,"t":1791306814.24407}
{"ev":"accepted","peer":"2:1957366448","pid":1174,"t":1791306814.250192}
{"ev":"accepted","peer":"2:3233638109","pid":1174,"t":1791306814.255237}
{"ev":"accepted","peer":"2:3991472330","pid":1174,"t":1791306814.261423}
{"ev":"accepted","peer":"2:4109295447","pid":1174,"t":1791306814.267439}
{"ev":"accepted","peer":"2:941212650","pid":1174,"t":1791306814.273476}
{"ev":"accepted","peer":"2:711771337","pid":1174,"t":1791306814.278713}
{"ev":"accepted","peer":"2:2820929159","pid":1174,"t":1791306814.284019}
{"ev":"accepted","peer":"2:2040404574","pid":1174,"t":1791306814.289271}
{"ev":"accepted","peer":"2:3414109522","pid":1174,"t":1791306814.295459}
{"ev":"accepted","peer":"2:3194629579","pid":1174,"t":1791306814.300804}
{"ev":"accepted","peer":"2:1742881182","pid":1174,"t":1791306814.306087}
{"ev":"accepted","peer":"2:960211794","pid":1174,"t":1791306814.31123}
{"ev":"accepted","peer":"2:2844864997","pid":1174,"t":1791306814.317464}
{"ev":"accepted","peer":"2:3514163480","pid":1174,"t":1791306814.322857}
{"ev":"accepted","peer":"2:687612664","pid":1174,"t":1791306814.328853}
{"ev":"accepted","peer":"2:2028780272","pid":1174,"t":1791306814.334195}
{"ev":"accepted","peer":"2:3694608178","pid":1174,"t":1791306814.339347}
{"ev":"accepted","peer":"2:3913203820","pid":1174,"t":1791306814.345374}
{"ev":"accepted","peer":"2:2365996235","pid":1174,"t":1791306814.351413}
{"ev":"accepted","peer":"2:3610447984","pid":1174,"t":1791306814.357637}
{"ev":"accepted","peer":"2:2257608674","pid":1174,"t":1791306814.36399}
{"ev":"accepted","peer":"2:489501815","pid":1174,"t":1791306814.370162}
{"ev":"accepted","peer":"2:3669253312","pid":1174,"t":1791306814.376451}
{"ev":"accepted","peer":"2:3057285893","pid":1174,"t":1791306814.38214}
{"ev":"accepted","peer":"2:1388282978","pid":1174,"t":1791306814.388035}
{"ev":"accepted","peer":"2:2153251330","pid":1174,"t":1791306814.393188}
{"ev":"accepted","peer":"2:2328172838","pid":1174,"t":1791306814.399389}
{"ev":"accepted","peer":"2:299564782","pid":1174,"t":1791306814.404654}
{"ev":"accepted","peer":"2:330182088","pid":1174,"t":1791306814.409925}
{"ev":"accepted","peer":"2:399448313","pid":1174,"t":1791306814.416199}
{"ev":"accepted","peer":"2:3656319087","pid":1174,"t":1791306814.422323}
{"ev":"accepted","peer":"2:3282608777","pid":1174,"t":1791306814.42834}
{"ev":"accepted","peer":"2:3975872525","pid":1174,"t":1791306814.433586}
{"ev":"accepted","peer":"2:940287815","pid":1174,"t":1791306814.440087}
{"ev":"accepted","peer":"2:3106281208","pid":1174,"t":1791306814.447741}
{"ev":"accepted","peer":"2:354439317","pid":1174,"t":1791306814.453275}
{"ev":"accepted","peer":"2:873570217","pid":1174,"t":1791306814.459816}
{"ev":"accepted","peer":"2:4017684360","pid":1174,"t":1791306814.468007}
{"ev":"accepted","peer":"2:1988132068","pid":1174,"t":1791306814.470528}
{"ev":"accepted","peer":"2:317007645","pid":1174,"t":1791306814.47669}
{"ev":"accepted","peer":"2:4284865575","pid":1174,"t":1791306814.491271}
{"ev":"accepted","peer":"2:809716786","pid":1174,"t":1791306814.493902}
{"ev":"accepted","peer":"2:295203455","pid":1174,"t":1791306814.498741}
{"ev":"accepted","peer":"2:1169069086","pid":1174,"t":1791306814.504834}
{"ev":"accepted","peer":"2:2255775194","pid":1174,"t":1791306814.510652}
{"ev":"accepted","peer":"2:3487677640","pid":1174,"t":1791306814.515699}
{"ev":"accepted","peer":"2:2195618907","pid":1174,"t":1791306814.520994}
{"ev":"accepted","peer":"2:4039367834","pid":1174,"t":1791306814.527467}
{"ev":"accepted","peer":"2:512250914","pid":1174,"t":1791306814.533383}
{"ev":"accepted","peer":"2:3261723745","pid":1174,"t":1791306814.539069}
{"ev":"accepted","peer":"2:4021312612","pid":1174,"t":1791306814.545209}
{"ev":"accepted","peer":"2:3238938662","pid":1174,"t":1791306814.55127}
{"ev":"accepted","peer":"2:3359172320","pid":1174,"t":1791306814.557314}
{"ev":"accepted","peer":"2:1081841605","pid":1174,"t":1791306814.563433}
{"ev":"accepted","peer":"2:2267909467","pid":1174,"t":1791306814.569481}
{"ev":"accepted","peer":"2:83269814","pid":1174,"t":1791306814.575732}
{"ev":"accepted","peer":"2:2911986373","pid":1174,"t":1791306814.581392}
{"ev":"accepted","peer":"2:4222194013","pid":1174,"t":1791306814.587402}
{"ev":"accepted","peer":"2:2759777254","pid":1174,"t":1791306814.593536}
{"ev":"accepted","peer":"2:1511231038","pid":1174,"t":1791306814.599819}
{"ev":"accepted","peer":"2:3894876584","pid":1174,"t":1791306814.60584}
{"ev":"accepted","peer":"2:2995860543","pid":1174,"t":1791306814.612081}
{"ev":"accepted","peer":"2:258897900","pid":1174,"t":1791306814.61759}
{"ev":"accepted","peer":"2:704678139","pid":1174,"t":1791306814.62381}
{"ev":"accepted","peer":"2:1890483931","pid":1174,"t":1791306814.629943}
{"ev":"accepted","peer":"2:1770958578","pid":1174,"t":1791306814.635153}
{"ev":"accepted","peer":"2:2766119283","pid":1174,"t":1791306814.641267}
{"ev":"accepted","peer":"2:2911425532","pid":1174,"t":1791306814.647504}
{"ev":"accepted","peer":"2:1916715405","pid":1174,"t":1791306814.652621}
{"ev":"accepted","peer":"2:796165837","pid":1174,"t":1791306814.658013}
{"ev":"accepted","peer":"2:3772938895","pid":1174,"t":1791306814.663796}
{"ev":"accepted","peer":"2:616977511","pid":1174,"t":1791306814.669994}
{"ev":"accepted","peer":"2:3813497809","pid":1174,"t":1791306814.675301}
{"ev":"accepted","peer":"2:3357842670","pid":1174,"t":1791306814.680726}
{"ev":"accepted","peer":"2:2446063347","pid":1174,"t":1791306814.686692}
{"ev":"accepted","peer":"2:1703317844","pid":1174,"t":1791306814.692787}
{"ev":"accepted","peer":"2:1959213118","pid":1174,"t":1791306814.698889}
{"ev":"accepted","peer":"2:2198038502","pid":1174,"t":1791306814.705147}
{"ev":"accepted","peer":"2:3252720302","pid":1174,"t":1791306814.711239}
{"ev":"accepted","peer":"2:1253070622","pid":1174,"t":1791306814.717265}
{"ev":"accepted","peer":"2:2547046553","pid":1174,"t":1791306814.723527}
{"ev":"accepted","peer":"2:4020884700","pid":1174,"t":1791306814.729619}
{"ev":"accepted","peer":"2:1575665689","pid":1174,"t":1791306814.73478}
{"ev":"accepted","peer":"2:2788397866","pid":1174,"t":1791306814.740197}
{"ev":"accepted","peer":"2:3847628059","pid":1174,"t":1791306814.745441}
{"ev":"accepted","peer":"2:1076328911","pid":1174,"t":1791306814.751446}
{"ev":"accepted","peer":"2:691042518","pid":1174,"t":1791306814.757687}
{"ev":"accepted","peer":"2:2913596648","pid":1174,"t":1791306814.764006}
{"ev":"accepted","peer":"2:1088008352","pid":1174,"t":1791306814.769987}
{"ev":"accepted","peer":"2:4022537782","pid":1174,"t":1791306814.777245}
{"ev":"accepted","peer":"2:2227670388","pid":1174,"t":1791306814.783285}
{"ev":"accepted","peer":"2:1193345641","pid":1174,"t":1791306814.789464}
{"ev":"accepted","peer":"2:757207453","pid":1174,"t":1791306814.795575}
{"ev":"accepted","peer":"2:4056635458","pid":1174,"t":1791306814.803557}
{"ev":"accepted","peer":"2:3220983418","pid":1174,"t":1791306814.809692}
{"ev":"accepted","peer":"2:2407994511","pid":1174,"t":1791306814.815747}
{"ev":"accepted","peer":"2:162484215","pid":1174,"t":1791306814.821989}
{"ev":"accepted","peer":"2:4209864467","pid":1174,"t":1791306814.827116}
{"ev":"accepted","peer":"2:2694766653","pid":1174,"t":1791306814.833241}
{"ev":"accepted","peer":"2:4208708609","pid":1174,"t":1791306814.839485}
{"ev":"accepted","peer":"2:3805641001","pid":1174,"t":1791306814.84483}
{"ev":"accepted","peer":"2:2471724827","pid":1174,"t":1791306814.850954}
{"ev":"accepted","peer":"2:1401185589","pid":1174,"t":1791306814.856207}
{"ev":"accepted","peer":"2:2802570139","pid":1174,"t":1791306814.86255}
{"ev":"accepted","peer":"2:4130031914","pid":1174,"t":1791306814.868635}
{"ev":"accepted","peer":"2:2618423315","pid":1174,"t":1791306814.874678}
{"ev":"accepted","peer":"2:2730375318","pid":1174,"t":1791306814.88066}
{"ev":"accepted","peer":"2:1301353822","pid":1174,"t":1791306814.886793}
{"ev":"accepted","peer":"2:3251038298","pid":1174,"t":1791306814.892961}
{"ev":"accepted","peer":"2:2669226042","pid":1174,"t":1791306814.898813}
{"ev":"accepted","peer":"2:4134859604","pid":1174,"t":1791306814.905055}
{"ev":"accepted","peer":"2:1696506297","pid":1174,"t":1791306814.910794}
{"ev":"accepted","peer":"2:736324104","pid":1174,"t":1791306814.916688}
{"ev":"accepted","peer":"2:266957628","pid":1174,"t":1791306814.922698}
{"ev":"accepted","peer":"2:2169919266","pid":1174,"t":1791306814.928677}
{"ev":"accepted","peer":"2:1053359788","pid":1174,"t":1791306814.934095}
{"ev":"accepted","peer":"2:3147289676","pid":1174,"t":1791306814.939347}
{"ev":"accepted","peer":"2:1701027902","pid":1174,"t":1791306814.945434}
{"ev":"accepted","peer":"2:2906284399","pid":1174,"t":1791306814.950813}
{"ev":"accepted","peer":"2:3092884103","pid":1174,"t":1791306814.956498}
{"ev":"accepted","peer":"2:734658838","pid":1174,"t":1791306814.961796}
{"ev":"accepted","peer":"2:2606947406","pid":1174,"t":1791306814.96796}
{"ev":"accepted","peer":"2:1545138615","pid":1174,"t":1791306814.974106}
{"ev":"accepted","peer":"2:174765239","pid":1174,"t":1791306814.980279}
{"ev":"accepted","peer":"2:478836389","pid":1174,"t":1791306814.985517}
{"ev":"accepted","peer":"2:925639757","pid":1174,"t":1791306814.990556}
{"ev":"accepted","peer":"2:3475874458","pid":1174,"t":1791306814.99614}
{"ev":"accepted","peer":"2:42092686","pid":1174,"t":1791306815.001732}
{"ev":"accepted","peer":"2:3233741988","pid":1174,"t":1791306815.007728}
{"ev":"accepted","peer":"2:661064250","pid":1174,"t":1791306815.013177}
{"ev":"accepted","peer":"2:3500790476","pid":1174,"t":1791306815.01936}
{"ev":"accepted","peer":"2:1995083353","pid":1174,"t":1791306815.025739}
{"ev":"accepted","peer":"2:2267918524","pid":1174,"t":1791306815.03199}
{"ev":"accepted","peer":"2:3431183964","pid":1174,"t":1791306815.037374}
{"ev":"accepted","peer":"2:1306222755","pid":1174,"t":1791306815.042487}
{"ev":"accepted","peer":"2:840803234","pid":1174,"t":1791306815.048796}
{"ev":"accepted","peer":"2:2568959170","pid":1174,"t":1791306815.053893}
{"ev":"accepted","peer":"2:2003245159","pid":1174,"t":1791306815.059546}
{"ev":"accepted","peer":"2:790799868","pid":1174,"t":1791306815.06567}
{"ev":"accepted","peer":"2:3922612766","pid":1174,"t":1791306815.071735}
{"ev":"accepted","peer":"2:296616832","pid":1174,"t":1791306815.077889}
{"ev":"accepted","peer":"2:4053879018","pid":1174,"t":1791306815.08393}
{"ev":"accepted","peer":"2:716444833","pid":1174,"t":1791306815.08996}
{"ev":"accepted","peer":"2:3319253905","pid":1174,"t":1791306815.095388}
{"ev":"accepted","peer":"2:1203454834","pid":1174,"t":1791306815.101614}
{"ev":"accepted","peer":"2:787774386","pid":1174,"t":1791306815.107616}
{"ev":"accepted","peer":"2:1513687380","pid":1174,"t":1791306815.113318}
{"ev":"accepted","peer":"2:3685649757","pid":1174,"t":1791306815.118673}
{"ev":"accepted","peer":"2:486727400","pid":1174,"t":1791306815.124446}
{"ev":"accepted","peer":"2:3028971149","pid":1174,"t":1791306815.130621}
{"ev":"accepted","peer":"2:2075276080","pid":1174,"t":1791306815.136674}
{"ev":"accepted","peer":"2:4170431411","pid":1174,"t":1791306815.141855}
{"ev":"accepted","peer":"2:885658492","pid":1174,"t":1791306815.147933}
{"ev":"accepted","peer":"2:3986397388","pid":1174,"t":1791306815.1541}
{"ev":"accepted","peer":"2:300900968","pid":1174,"t":1791306815.160196}
{"ev":"accepted","peer":"2:4173986742","pid":1174,"t":1791306815.165604}
{"ev":"accepted","peer":"2:1315000469","pid":1174,"t":1791306815.171608}
{"ev":"accepted","peer":"2:4237464091","pid":1174,"t":1791306815.177227}
{"ev":"accepted","peer":"2:2108443788","pid":1174,"t":1791306815.18242}
{"ev":"accepted","peer":"2:2139365028","pid":1174,"t":1791306815.187602}
{"ev":"accepted","peer":"2:2778710664","pid":1174,"t":1791306815.193688}
{"ev":"accepted","peer":"2:2278845703","pid":1174,"t":1791306815.199746}
{"ev":"accepted","peer":"2:2533352877","pid":1174,"t":1791306815.205873}
{"ev":"accepted","peer":"2:195689608","pid":1174,"t":1791306815.211923}
{"ev":"accepted","peer":"2:3467812715","pid":1174,"t":1791306815.218096}
{"ev":"accepted","peer":"2:1150471535","pid":1174,"t":1791306815.224144}
{"ev":"accepted","peer":"2:971029705","pid":1174,"t":1791306815.229505}
{"ev":"accepted","peer":"2:1101440718","pid":1174,"t":1791306815.235614}
{"ev":"accepted","peer":"2:793532302","pid":1174,"t":1791306815.241672}
{"ev":"accepted","peer":"2:3103608232","pid":1174,"t":1791306815.247235}
{"ev":"accepted","peer":"2:1150649940","pid":1174,"t":1791306815.252461}
{"ev":"accepted","peer":"2:1405732305","pid":1174,"t":1791306815.257515}
{"ev":"accepted","peer":"2:2666689299","pid":1174,"t":1791306815.263584}
{"ev":"accepted","peer":"2:109004369","pid":1174,"t":1791306815.270323}
{"ev":"accepted","peer":"2:3123833132","pid":1174,"t":1791306815.276353}
{"ev":"accepted","peer":"2:1925944789","pid":1174,"t":1791306815.282289}
{"ev":"accepted","peer":"2:3621626161","pid":1174,"t":1791306815.288061}
{"ev":"accepted","peer":"2:3471617226","pid":1174,"t":1791306815.294069}
{"ev":"accepted","peer":"2:3992000110","pid":1174,"t":1791306815.299925}
{"ev":"accepted","peer":"2:473663254","pid":1174,"t":1791306815.306075}
{"ev":"accepted","peer":"2:1049838739","pid":1174,"t":1791306815.312173}
{"ev":"accepted","peer":"2:1853570624","pid":1174,"t":1791306815.318012}
{"ev":"accepted","peer":"2:3941618840","pid":1174,"t":1791306815.324102}
{"ev":"accepted","peer":"2:2726246995","pid":1174,"t":1791306815.329213}
{"ev":"accepted","peer":"2:1040321836","pid":1174,"t":1791306815.335276}
{"ev":"accepted","peer":"2:1004818661","pid":1174,"t":1791306815.341595}
{"ev":"accepted","peer":"2:363127734","pid":1174,"t":1791306815.347524}
{"ev":"accepted","peer":"2:2135606098","pid":1174,"t":1791306815.353133}
{"ev":"accepted","peer":"2:583306600","pid":1174,"t":1791306815.359007}
{"ev":"accepted","peer":"2:3779638573","pid":1174,"t":1791306815.364378}
{"ev":"accepted","peer":"2:275671833","pid":1174,"t":1791306815.370394}
{"ev":"accepted","peer":"2:1619706404","pid":1174,"t":1791306815.376399}
{"ev":"accepted","peer":"2:4263351519","pid":1174,"t":1791306815.382515}
{"ev":"accepted","peer":"2:3689494343","pid":1174,"t":1791306815.388524}
{"ev":"accepted","peer":"2:3956822956","pid":1174,"t":1791306815.394849}
{"ev":"accepted","peer":"2:4231128826","pid":1174,"t":1791306815.400637}
{"ev":"accepted","peer":"2:3050796682","pid":1174,"t":1791306815.406205}
{"ev":"accepted","peer":"2:1010100023","pid":1174,"t":1791306815.411725}
{"ev":"accepted","peer":"2:1271330368","pid":1174,"t":1791306815.417489}
{"ev":"accepted","peer":"2:3306062559","pid":1174,"t":1791306815.423682}
{"ev":"accepted","peer":"2:1878950197","pid":1174,"t":1791306815.429707}
{"ev":"accepted","peer":"2:1207925961","pid":1174,"t":1791306815.435741}
{"ev":"accepted","peer":"2:4152131664","pid":1174,"t":1791306815.441151}
{"ev":"accepted","peer":"2:250693703","pid":1174,"t":1791306815.446477}
{"ev":"accepted","peer":"2:2638024179","pid":1174,"t":1791306815.451724}
{"ev":"accepted","peer":"2:1372782186","pid":1174,"t":1791306815.457881}
{"ev":"accepted","peer":"2:577837654","pid":1174,"t":1791306815.464855}
{"ev":"accepted","peer":"2:3464075492","pid":1174,"t":1791306815.469729}
{"ev":"accepted","peer":"2:3413909631","pid":1174,"t":1791306815.474726}
{"ev":"accepted","peer":"2:1543164036","pid":1174,"t":1791306815.480082}
{"ev":"accepted","peer":"2:4291877700","pid":1174,"t":1791306815.48621}
{"ev":"accepted","peer":"2:2439203991","pid":1174,"t":1791306815.491934}
{"ev":"accepted","peer":"2:1320015500","pid":1174,"t":1791306815.497911}
{"ev":"accepted","peer":"2:3285888201","pid":1174,"t":1791306815.504245}
{"ev":"accepted","peer":"2:3421823129","pid":1174,"t":1791306815.510225}
{"ev":"accepted","peer":"2:4061972225","pid":1174,"t":1791306815.51735}
{"ev":"accepted","peer":"2:501864977","pid":1174,"t":1791306815.523037}
{"ev":"accepted","peer":"2:966040646","pid":1174,"t":1791306815.533752}
{"ev":"accepted","peer":"2:3270640956","pid":1174,"t":1791306815.53845}
{"ev":"accepted","peer":"2:3757662365","pid":1174,"t":1791306815.543976}
{"ev":"accepted","peer":"2:3336302753","pid":1174,"t":1791306815.55002}
{"ev":"accepted","peer":"2:2090569688","pid":1174,"t":1791306815.555425}
{"ev":"accepted","peer":"2:511351436","pid":1174,"t":1791306815.560595}
{"ev":"accepted","peer":"2:244408866","pid":1174,"t":1791306815.566516}
{"ev":"accepted","peer":"2:2853746829","pid":1174,"t":1791306815.572579}
{"ev":"accepted","peer":"2:2980369982","pid":1174,"t":1791306815.578954}
{"ev":"accepted","peer":"2:1047328019","pid":1174,"t":1791306815.58484}
{"ev":"accepted","peer":"2:2872736902","pid":1174,"t":1791306815.591054}
{"ev":"accepted","peer":"2:2408391229","pid":1174,"t":1791306815.597195}
{"ev":"accepted","peer":"2:3706467280","pid":1174,"t":1791306815.602954}
{"ev":"accepted","peer":"2:1049185412","pid":1174,"t":1791306815.608189}
{"ev":"accepted","peer":"2:1299428853","pid":1174,"t":1791306815.614323}
{"ev":"accepted","peer":"2:1845679568","pid":1174,"t":1791306815.620387}
{"ev":"accepted","peer":"2:3729747068","pid":1174,"t":1791306815.626897}
{"ev":"accepted","peer":"2:1367490110","pid":1174,"t":1791306815.631165}
{"ev":"accepted","peer":"2:2070504600","pid":1174,"t":1791306815.6371}
{"ev":"accepted","peer":"2:3630164028","pid":1174,"t":1791306815.645963}
{"ev":"accepted","peer":"2:3777413475","pid":1174,"t":1791306815.651988}
{"ev":"accepted","peer":"2:1043917586","pid":1174,"t":1791306815.657918}
{"ev":"accepted","peer":"2:2279177763","pid":1174,"t":1791306815.663083}
{"ev":"accepted","peer":"2:733296633","pid":1174,"t":1791306815.669153}
{"ev":"accepted","peer":"2:3038598908","pid":1174,"t":1791306815.67469}
{"ev":"accepted","peer":"2:2658870145","pid":1174,"t":1791306815.680084}
{"ev":"accepted","peer":"2:1432378630","pid":1174,"t":1791306815.685312}
{"ev":"accepted","peer":"2:4122624473","pid":1174,"t":1791306815.691482}
{"ev":"accepted","peer":"2:1565991975","pid":1174,"t":1791306815.69756}
{"ev":"accepted","peer":"2:3612399387","pid":1174,"t":1791306815.703746}
{"ev":"accepted","peer":"2:3555928880","pid":1174,"t":1791306815.710734}
{"ev":"accepted","peer":"2:4014939105","pid":1174,"t":1791306815.716918}
{"ev":"accepted","peer":"2:1953123986","pid":1174,"t":1791306815.722277}
{"ev":"accepted","peer":"2:1258092533","pid":1174,"t":1791306815.728408}
{"ev":"accepted","peer":"2:2031502423","pid":1174,"t":1791306815.734579}
{"ev":"accepted","peer":"2:286180176","pid":1174,"t":1791306815.740101}
{"ev":"accepted","peer":"2:2859292764","pid":1174,"t":1791306815.745362}
{"ev":"accepted","peer":"2:3514462279","pid":1174,"t":1791306815.750902}
{"ev":"accepted","peer":"2:3407316097","pid":1174,"t":1791306815.756891}
{"ev":"accepted","peer":"2:1903729821","pid":1174,"t":1791306815.762105}
{"ev":"accepted","peer":"2:2862620586","pid":1174,"t":1791306815.76799}
{"ev":"accepted","peer":"2:1483220859","pid":1174,"t":1791306815.773907}
{"ev":"accepted","peer":"2:2220678064","pid":1174,"t":1791306815.77986}
{"ev":"accepted","peer":"2:3885261756","pid":1174,"t":1791306815.785962}
{"ev":"accepted","peer":"2:4194037827","pid":1174,"t":1791306815.792023}
{"ev":"accepted","peer":"2:1123388846","pid":1174,"t":1791306815.798021}
{"ev":"accepted","peer":"2:2178535375","pid":1174,"t":1791306815.804325}
{"ev":"accepted","peer":"2:3098066386","pid":1174,"t":1791306815.809719}
{"ev":"accepted","peer":"2:831604513","pid":1174,"t":1791306815.814898}
{"ev":"accepted","peer":"2:3825549802","pid":1174,"t":1791306815.82082}
{"ev":"accepted","peer":"2:1826743716","pid":1174,"t":1791306815.827246}
{"ev":"accepted","peer":"2:3396934844","pid":1174,"t":1791306815.832937}
{"ev":"accepted","peer":"2:1011583785","pid":1174,"t":1791306815.838328}
{"ev":"accepted","peer":"2:3513732015","pid":1174,"t":1791306815.845339}
{"ev":"accepted","peer":"2:2569084428","pid":1174,"t":1791306815.851621}
{"ev":"accepted","peer":"2:3331005307","pid":1174,"t":1791306815.85692}
{"ev":"accepted","peer":"2:3826904054","pid":1174,"t":1791306815.862509}
{"ev":"accepted","peer":"2:1007662865","pid":1174,"t":1791306815.868717}
{"ev":"accepted","peer":"2:3102272712","pid":1174,"t":1791306815.874919}
{"ev":"accepted","peer":"2:3468724252","pid":1174,"t":1791306815.880342}
{"ev":"accepted","peer":"2:525734476","pid":1174,"t":1791306815.885763}
{"ev":"accepted","peer":"2:967878217","pid":1174,"t":1791306815.891438}
{"ev":"accepted","peer":"2:852783540","pid":1174,"t":1791306815.897524}
{"ev":"accepted","peer":"2:955728981","pid":1174,"t":1791306815.902782}
{"ev":"accepted","peer":"2:1359914378","pid":1174,"t":1791306815.908612}
{"ev":"start","pid":1188,"port":1024,"t":1791306815.918638,"uid":0}
{"ev":"listening","pid":1188,"t":1791306815.918796}
{"ev":"accepted","peer":"2:2555729090","pid":1188,"t":1791306815.920156}
{"ev":"accepted","peer":"2:3717396728","pid":1188,"t":1791306815.925423}
{"ev":"accepted","peer":"2:629813633","pid":1188,"t":1791306815.931643}
{"ev":"accepted","peer":"2:62097078","pid":1188,"t":1791306815.93753}
{"ev":"accepted","peer":"2:1867196138","pid":1188,"t":1791306815.943628}
{"ev":"accepted","peer":"2:1167785268","pid":1188,"t":1791306815.94908}
{"ev":"accepted","peer":"2:1927549892","pid":1188,"t":1791306815.954431}
{"ev":"accepted","peer":"2:2096586914","pid":1188,"t":1791306815.959641}
{"ev":"accepted","peer":"2:2824391380","pid":1188,"t":1791306815.964961}
{"ev":"accepted","peer":"2:60374967","pid":1188,"t":1791306815.970897}
{"ev":"accepted","peer":"2:2881915637","pid":1188,"t":1791306815.977129}
{"ev":"accepted","peer":"2:2718468116","pid":1188,"t":1791306815.983252}
{"ev":"accepted","peer":"2:1777673546","pid":1188,"t":1791306815.98952}
{"ev":"accepted","peer":"2:499722355","pid":1188,"t":1791306815.994754}
{"ev":"accepted","peer":"2:861316055","pid":1188,"t":1791306816.000855}
{"ev":"accepted","peer":"2:1920903325","pid":1188,"t":1791306816.007023}
{"ev":"accepted","peer":"2:1734900511","pid":1188,"t":1791306816.012548}
{"ev":"accepted","peer":"2:1369548666","pid":1188,"t":1791306816.017979}
{"ev":"accepted","peer":"2:4121885033","pid":1188,"t":1791306816.023458}
{"ev":"accepted","peer":"2:2485711073","pid":1188,"t":1791306816.029093}
{"ev":"accepted","peer":"2:1392608969","pid":1188,"t":1791306816.034809}
{"ev":"accepted","peer":"2:2389241879","pid":1188,"t":1791306816.03983}
{"ev":"accepted","peer":"2:140237720","pid":1188,"t":1791306816.044958}
{"ev":"accepted","peer":"2:4033070986","pid":1188,"t":1791306816.050576}
{"ev":"accepted","peer":"2:3865127634","pid":1188,"t":1791306816.056043}
{"ev":"accepted","peer":"2:3551858187","pid":1188,"t":1791306816.062164}
{"ev":"accepted","peer":"2:2168430097","pid":1188,"t":1791306816.068276}
{"ev":"accepted","peer":"2:2809180785","pid":1188,"t":1791306816.108501}
{"ev":"accepted","peer":"2:2967720801","pid":1188,"t":1791306816.120582}
{"ev":"accepted","peer":"2:3850440674","pid":1188,"t":1791306816.126624}
{"ev":"accepted","peer":"2:1615336616","pid":1188,"t":1791306816.1314}
{"ev":"accepted","peer":"2:3270889434","pid":1188,"t":1791306816.137431}
{"ev":"accepted","peer":"2:3762721828","pid":1188,"t":1791306816.14359}
{"ev":"accepted","peer":"2:1305479836","pid":1188,"t":1791306816.149115}
{"ev":"accepted","peer":"2:2456198847","pid":1188,"t":1791306816.15445}
{"ev":"accepted","peer":"2:4250269265","pid":1188,"t":1791306816.159539}
{"ev":"accepted","peer":"2:1098530883","pid":1188,"t":1791306816.164675}
{"ev":"accepted","peer":"2:778819686","pid":1188,"t":1791306816.170382}
{"ev":"accepted","peer":"2:1488661525","pid":1188,"t":1791306816.176781}
{"ev":"accepted","peer":"2:955960700","pid":1188,"t":1791306816.182874}
{"ev":"accepted","peer":"2:3918124509","pid":1188,"t":1791306816.188531}
{"ev":"accepted","peer":"2:2232476728","pid":1188,"t":1791306816.194285}
{"ev":"accepted","peer":"2:2954511567","pid":1188,"t":1791306816.200376}
{"ev":"accepted","peer":"2:2533142034","pid":1188,"t":1791306816.206325}
{"ev":"accepted","peer":"2:2275486388","pid":1188,"t":1791306816.212587}
{"ev":"accepted","peer":"2:698577075","pid":1188,"t":1791306816.21872}
{"ev":"accepted","peer":"2:1969035815","pid":1188,"t":1791306816.224089}
{"ev":"accepted","peer":"2:329314218","pid":1188,"t":1791306816.229744}
{"ev":"accepted","peer":"2:4001808327","pid":1188,"t":1791306816.235335}
{"ev":"accepted","peer":"2:3790850438","pid":1188,"t":1791306816.241455}
{"ev":"accepted","peer":"2:3768846006","pid":1188,"t":1791306816.247591}
{"ev":"accepted","peer":"2:1947351990","pid":1188,"t":1791306816.252968}
{"ev":"accepted","peer":"2:784202038","pid":1188,"t":1791306816.259708}
{"ev":"accepted","peer":"2:183210727","pid":1188,"t":1791306816.265141}
{"ev":"accepted","peer":"2:3426597078","pid":1188,"t":1791306816.271117}
{"ev":"accepted","peer":"2:2516482154","pid":1188,"t":1791306816.276779}
{"ev":"accepted","peer":"2:3367532382","pid":1188,"t":1791306816.281752}
{"ev":"accepted","peer":"2:3565118328","pid":1188,"t":1791306816.287234}
{"ev":"accepted","peer":"2:1558940408","pid":1188,"t":1791306816.292616}
{"ev":"accepted","peer":"2:3448322396","pid":1188,"t":1791306816.298149}
{"ev":"accepted","peer":"2:2529803102","pid":1188,"t":1791306816.303506}
{"ev":"accepted","peer":"2:2954890433","pid":1188,"t":1791306816.309048}
{"ev":"accepted","peer":"2:3894265628","pid":1188,"t":1791306816.314581}
{"ev":"accepted","peer":"2:1532584045","pid":1188,"t":1791306816.320812}
{"ev":"accepted","peer":"2:4240984183","pid":1188,"t":1791306816.327333}
{"ev":"accepted","peer":"2:1909652235","pid":1188,"t":1791306816.333854}
{"ev":"accepted","peer":"2:1853728834","pid":1188,"t":1791306816.339489}
{"ev":"accepted","peer":"2:1327590463","pid":1188,"t":1791306816.345583}
{"ev":"accepted","peer":"2:3866317359","pid":1188,"t":1791306816.350737}
{"ev":"accepted","peer":"2:2687643192","pid":1188,"t":1791306816.356499}
{"ev":"accepted","peer":"2:4044406316","pid":1188,"t":1791306816.361871}
{"ev":"accepted","peer":"2:1945065205","pid":1188,"t":1791306816.367036}
{"ev":"accepted","peer":"2:2695681345","pid":1188,"t":1791306816.372997}
{"ev":"accepted","peer":"2:4183108038","pid":1188,"t":1791306816.378549}
{"ev":"accepted","peer":"2:3078209306","pid":1188,"t":1791306816.38469}
{"ev":"accepted","peer":"2:3578160647","pid":1188,"t":1791306816.390149}
{"ev":"accepted","peer":"2:3856758556","pid":1188,"t":1791306816.395593}
{"ev":"accepted","peer":"2:3651664689","pid":1188,"t":1791306816.401128}
{"ev":"accepted","peer":"2:38386918","pid":1188,"t":1791306816.406707}
{"ev":"accepted","peer":"2:4162546399","pid":1188,"t":1791306816.412832}
{"ev":"accepted","peer":"2:4160257647","pid":1188,"t":1791306816.418759}
{"ev":"accepted","peer":"2:3845557302","pid":1188,"t":1791306816.423902}
{"ev":"accepted","peer":"2:2257513098","pid":1188,"t":1791306816.42962}
{"ev":"accepted","peer":"2:896234154","pid":1188,"t":1791306816.435056}
{"ev":"accepted","peer":"2:492463480","pid":1188,"t":1791306816.441064}
{"ev":"accepted","peer":"2:2746341725","pid":1188,"t":1791306816.447183}
{"ev":"accepted","peer":"2:2315004484","pid":1188,"t":1791306816.452707}
{"ev":"accepted","peer":"2:1775904263","pid":1188,"t":1791306816.458497}
{"ev":"accepted","peer":"2:1904871715","pid":1188,"t":1791306816.463685}
{"ev":"accepted","peer":"2:1654738452","pid":1188,"t":1791306816.469134}
{"ev":"accepted","peer":"2:714943448","pid":1188,"t":1791306816.475209}
{"ev":"accepted","peer":"2:32340722","pid":1188,"t":1791306816.481289}
{"ev":"accepted","peer":"2:455606483","pid":1188,"t":1791306816.487457}
{"ev":"accepted","peer":"2:2519415178","pid":1188,"t":1791306816.492888}
{"ev":"accepted","peer":"2:1581872297","pid":1188,"t":1791306816.498}
{"ev":"accepted","peer":"2:4083618830","pid":1188,"t":1791306816.503962}
{"ev":"accepted","peer":"2:2167604138","pid":1188,"t":1791306816.510154}
{"ev":"accepted","peer":"2:2860373130","pid":1188,"t":1791306816.516249}
{"ev":"accepted","peer":"2:271184751","pid":1188,"t":1791306816.522443}
{"ev":"accepted","peer":"2:2936636411","pid":1188,"t":1791306816.528049}
{"ev":"accepted","peer":"2:1041432193","pid":1188,"t":1791306816.533517}
{"ev":"accepted","peer":"2:2810889242","pid":1188,"t":1791306816.539206}
{"ev":"accepted","peer":"2:1241022306","pid":1188,"t":1791306816.544443}
{"ev":"accepted","peer":"2:818317765","pid":1188,"t":1791306816.549923}
{"ev":"accepted","peer":"2:758166409","pid":1188,"t":1791306816.555957}
{"ev":"accepted","peer":"2:4267517813","pid":1188,"t":1791306816.561415}
{"ev":"accepted","peer":"2:3076175476","pid":1188,"t":1791306816.567601}
{"ev":"accepted","peer":"2:2647978452","pid":1188,"t":1791306816.573338}
{"ev":"accepted","peer":"2:4147261391","pid":1188,"t":1791306816.579439}
{"ev":"accepted","peer":"2:1030836708","pid":1188,"t":1791306816.58552}
{"ev":"accepted","peer":"2:1165240950","pid":1188,"t":1791306816.591621}
{"ev":"accepted","peer":"2:851327123","pid":1188,"t":1791306816.597398}
{"ev":"accepted","peer":"2:677697396","pid":1188,"t":1791306816.603522}
{"ev":"accepted","peer":"2:2011509697","pid":1188,"t":1791306816.609607}
{"ev":"accepted","peer":"2:3578379264","pid":1188,"t":1791306816.61567}
{"ev":"accepted","peer":"2:923351381","pid":1188,"t":1791306816.621845}
{"ev":"accepted","peer":"2:1800800429","pid":1188,"t":1791306816.627129}
{"ev":"accepted","peer":"2:4094728","pid":1188,"t":1791306816.633226}
{"ev":"accepted","peer":"2:3465401955","pid":1188,"t":1791306816.638724}
{"ev":"accepted","peer":"2:2371028875","pid":1188,"t":1791306816.644866}
{"ev":"accepted","peer":"2:4018084959","pid":1188,"t":1791306816.651166}
{"ev":"accepted","peer":"2:1131829044","pid":1188,"t":1791306816.656481}
{"ev":"accepted","peer":"2:3616447733","pid":1188,"t":1791306816.662018}
{"ev":"accepted","peer":"2:1355555873","pid":1188,"t":1791306816.667835}
{"ev":"accepted","peer":"2:4262515886","pid":1188,"t":1791306816.673142}
{"ev":"accepted","peer":"2:1987920957","pid":1188,"t":1791306816.678567}
{"ev":"accepted","peer":"2:352903953","pid":1188,"t":1791306816.683969}
{"ev":"accepted","peer":"2:342000241","pid":1188,"t":1791306816.690126}
{"ev":"accepted","peer":"2:3674726185","pid":1188,"t":1791306816.695624}
{"ev":"accepted","peer":"2:2069351437","pid":1188,"t":1791306816.701513}
{"ev":"accepted","peer":"2:2698141921","pid":1188,"t":1791306816.707788}
{"ev":"accepted","peer":"2:996925587","pid":1188,"t":1791306816.713051}
{"ev":"accepted","peer":"2:2687810345","pid":1188,"t":1791306816.71921}
{"ev":"accepted","peer":"2:2426840477","pid":1188,"t":1791306816.725312}
{"ev":"accepted","peer":"2:2965169239","pid":1188,"t":1791306816.731571}
{"ev":"accepted","peer":"2:2653315423","pid":1188,"t":1791306816.737376}
{"ev":"accepted","peer":"2:4254577025","pid":1188,"t":1791306816.742827}
{"ev":"accepted","peer":"2:4076459864","pid":1188,"t":1791306816.749057}
{"ev":"accepted","peer":"2:389754721","pid":1188,"t":1791306816.75513}
{"ev":"accepted","peer":"2:2642582899","pid":1188,"t":1791306816.761042}
{"ev":"accepted","peer":"2:1261834365","pid":1188,"t":1791306816.767179}
{"ev":"accepted","peer":"2:4020669612","pid":1188,"t":1791306816.773097}
{"ev":"accepted","peer":"2:3382695201","pid":1188,"t":1791306816.77931}
{"ev":"accepted","peer":"2:1635368569","pid":1188,"t":1791306816.784314}
{"ev":"accepted","peer":"2:1720207560","pid":1188,"t":1791306816.789838}
{"ev":"accepted","peer":"2:176224928","pid":1188,"t":1791306816.79534}
{"ev":"accepted","peer":"2:143031854","pid":1188,"t":1791306816.801503}
{"ev":"accepted","peer":"2:1427860088","pid":1188,"t":1791306816.806686}
{"ev":"accepted","peer":"2:1018396861","pid":1188,"t":1791306816.812747}
{"ev":"accepted","peer":"2:1574129182","pid":1188,"t":1791306816.818998}
{"ev":"accepted","peer":"2:2320551845","pid":1188,"t":1791306816.825269}
{"ev":"accepted","peer":"2:3975668358","pid":1188,"t":1791306816.831356}
{"ev":"accepted","peer":"2:301672943","pid":1188,"t":1791306816.837518}
{"ev":"accepted","peer":"2:3697061559","pid":1188,"t":1791306816.843646}
{"ev":"accepted","peer":"2:4068047906","pid":1188,"t":1791306816.84977}
{"ev":"accepted","peer":"2:3556266027","pid":1188,"t":1791306816.856044}
{"ev":"accepted","peer":"2:898362652","pid":1188,"t":1791306816.862131}
{"ev":"accepted","peer":"2:3641809176","pid":1188,"t":1791306816.867714}
{"ev":"accepted","peer":"2:793605020","pid":1188,"t":1791306816.873877}
{"ev":"accepted","peer":"2:1135769901","pid":1188,"t":1791306816.879994}
{"ev":"accepted","peer":"2:3294146723","pid":1188,"t":1791306816.886129}
{"ev":"accepted","peer":"2:743836176","pid":1188,"t":1791306816.892154}
{"ev":"accepted","peer":"2:3895364777","pid":1188,"t":1791306816.898252}
{"ev":"accepted","peer":"2:3324491254","pid":1188,"t":1791306816.904334}
{"ev":"accepted","peer":"2:3503560947","pid":1188,"t":1791306816.91032}
{"ev":"accepted","peer":"2:3851227249","pid":1188,"t":1791306816.915092}
{"ev":"accepted","peer":"2:93112605","pid":1188,"t":1791306816.921208}
{"ev":"accepted","peer":"2:695428120","pid":1188,"t":1791306816.927545}
{"ev":"accepted","peer":"2:3147317019","pid":1188,"t":1791306816.932797}
{"ev":"accepted","peer":"2:2934920423","pid":1188,"t":1791306816.937938}
{"ev":"accepted","peer":"2:3752041276","pid":1188,"t":1791306816.943763}
{"ev":"accepted","peer":"2:2370707940","pid":1188,"t":1791306816.949059}
{"ev":"accepted","peer":"2:2597310010","pid":1188,"t":1791306816.95452}
{"ev":"accepted","peer":"2:4044092652","pid":1188,"t":1791306816.96021}
{"ev":"accepted","peer":"2:3252204965","pid":1188,"t":1791306816.966257}
{"ev":"accepted","peer":"2:1749503869","pid":1188,"t":1791306816.97241}
{"ev":"accepted","peer":"2:35170898","pid":1188,"t":1791306816.978392}
{"ev":"accepted","peer":"2:4208286617","pid":1188,"t":1791306816.984662}
{"ev":"accepted","peer":"2:355542717","pid":1188,"t":1791306816.990822}
{"ev":"accepted","peer":"2:4033928236","pid":1188,"t":1791306816.996785}
{"ev":"accepted","peer":"2:267410785","pid":1188,"t":1791306817.002829}
{"ev":"accepted","peer":"2:730023637","pid":1188,"t":1791306817.008978}
{"ev":"accepted","peer":"2:3943154674","pid":1188,"t":1791306817.014439}
{"ev":"accepted","peer":"2:3796184166","pid":1188,"t":1791306817.019499}
{"ev":"accepted","peer":"2:3204314285","pid":1188,"t":1791306817.025774}
{"ev":"accepted","peer":"2:3118549176","pid":1188,"t":1791306817.031873}
{"ev":"accepted","peer":"2:2125236202","pid":1188,"t":1791306817.037804}
{"ev":"accepted","peer":"2:1903710137","pid":1188,"t":1791306817.043896}
{"ev":"accepted","peer":"2:1988286885","pid":1188,"t":1791306817.049965}
{"ev":"accepted","peer":"2:2729268356","pid":1188,"t":1791306817.056149}
{"ev":"accepted","peer":"2:3789537358","pid":1188,"t":1791306817.062234}
{"ev":"accepted","peer":"2:3077468154","pid":1188,"t":1791306817.068484}
{"ev":"accepted","peer":"2:700540599","pid":1188,"t":1791306817.074385}
{"ev":"accepted","peer":"2:1423101150","pid":1188,"t":1791306817.080606}
{"ev":"accepted","peer":"2:333289418","pid":1188,"t":1791306817.086666}
{"ev":"accepted","peer":"2:937109703","pid":1188,"t":1791306817.092815}
{"ev":"accepted","peer":"2:3753353980","pid":1188,"t":1791306817.098885}
{"ev":"accepted","peer":"2:127492180","pid":1188,"t":1791306817.104926}
{"ev":"accepted","peer":"2:2294206228","pid":1188,"t":1791306817.11097}
{"ev":"accepted","peer":"2:1812189093","pid":1188,"t":1791306817.116493}
{"ev":"accepted","peer":"2:988325438","pid":1188,"t":1791306817.122502}
{"ev":"accepted","peer":"2:1680476639","pid":1188,"t":1791306817.129907}
{"ev":"accepted","peer":"2:3525117899","pid":1188,"t":1791306817.135996}
{"ev":"accepted","peer":"2:1265730093","pid":1188,"t":1791306817.141993}
{"ev":"accepted","peer":"2:3831181431","pid":1188,"t":1791306817.148126}
{"ev":"accepted","peer":"2:574187621","pid":1188,"t":1791306817.154113}
{"ev":"accepted","peer":"2:640495016","pid":1188,"t":1791306817.160279}
{"ev":"accepted","peer":"2:3112737055","pid":1188,"t":1791306817.166482}
{"ev":"accepted","peer":"2:1162405056","pid":1188,"t":1791306817.172462}
{"ev":"accepted","peer":"2:1309634783","pid":1188,"t":1791306817.178682}
{"ev":"accepted","peer":"2:1821566420","pid":1188,"t":1791306817.184736}
{"ev":"accepted","peer":"2:2590599886","pid":1188,"t":1791306817.191006}
{"ev":"accepted","peer":"2:240299327","pid":1188,"t":1791306817.196963}
{"ev":"accepted","peer":"2:3661072693","pid":1188,"t":1791306817.203116}
{"ev":"accepted","peer":"2:456697342","pid":1188,"t":1791306817.209174}
{"ev":"accepted","peer":"2:1894851963","pid":1188,"t":1791306817.215446}
{"ev":"accepted","peer":"2:894803339","pid":1188,"t":1791306817.220471}
{"ev":"accepted","peer":"2:3559907524","pid":1188,"t":1791306817.229298}
{"ev":"accepted","peer":"2:444694970","pid":1188,"t":1791306817.235414}
{"ev":"accepted","peer":"2:131912404","pid":1188,"t":1791306817.241662}
{"ev":"accepted","peer":"2:91035249","pid":1188,"t":1791306817.247}
{"ev":"accepted","peer":"2:2148292869","pid":1188,"t":1791306817.25345}
{"ev":"accepted","peer":"2:1100097918","pid":1188,"t":1791306817.259459}
{"ev":"accepted","peer":"2:1794076776","pid":1188,"t":1791306817.265789}
{"ev":"accepted","peer":"2:761487576","pid":1188,"t":1791306817.27193}
{"ev":"accepted","peer":"2:1477834093","pid":1188,"t":1791306817.277988}
{"ev":"accepted","peer":"2:602133588","pid":1188,"t":1791306817.284084}
{"ev":"accepted","peer":"2:255528907","pid":1188,"t":1791306817.290347}
{"ev":"accepted","peer":"2:316485896","pid":1188,"t":1791306817.296434}
{"ev":"accepted","peer":"2:4153091180","pid":1188,"t":1791306817.302752}
{"ev":"accepted","peer":"2:1803000591","pid":1188,"t":1791306817.308455}
{"ev":"accepted","peer":"2:1687046311","pid":1188,"t":1791306817.316083}
{"ev":"accepted","peer":"2:1965395081","pid":1188,"t":1791306817.322124}
{"ev":"accepted","peer":"2:1312154033","pid":1188,"t":1791306817.327717}
{"ev":"accepted","peer":"2:2581693163","pid":1188,"t":1791306817.332931}
{"ev":"accepted","peer":"2:1661905414","pid":1188,"t":1791306817.338966}
{"ev":"accepted","peer":"2:914500337","pid":1188,"t":1791306817.345039}
{"ev":"accepted","peer":"2:3099875458","pid":1188,"t":1791306817.351122}
{"ev":"accepted","peer":"2:2546528030","pid":1188,"t":1791306817.357262}
{"ev":"accepted","peer":"2:543560564","pid":1188,"t":1791306817.363325}
{"ev":"accepted","peer":"2:974250405","pid":1188,"t":1791306817.369493}
{"ev":"accepted","peer":"2:1691694430","pid":1188,"t":1791306817.376906}
{"ev":"accepted","peer":"2:3090800957","pid":1188,"t":1791306817.382709}
{"ev":"accepted","peer":"2:1387925942","pid":1188,"t":1791306817.388757}
{"ev":"accepted","peer":"2:875713594","pid":1188,"t":1791306817.394057}
{"ev":"accepted","peer":"2:2169204717","pid":1188,"t":1791306817.400183}
{"ev":"accepted","peer":"2:757060351","pid":1188,"t":1791306817.406379}
{"ev":"accepted","peer":"2:3325196783","pid":1188,"t":1791306817.41183}
{"ev":"accepted","peer":"2:992292770","pid":1188,"t":1791306817.418004}
{"ev":"accepted","peer":"2:2230886364","pid":1188,"t":1791306817.424173}
{"ev":"accepted","peer":"2:3076065099","pid":1188,"t":1791306817.429718}
{"ev":"accepted","peer":"2:1347772265","pid":1188,"t":1791306817.435778}
{"ev":"accepted","peer":"2:901748040","pid":1188,"t":1791306817.441818}
{"ev":"accepted","peer":"2:1172764805","pid":1188,"t":1791306817.448016}
{"ev":"accepted","peer":"2:1262653610","pid":1188,"t":1791306817.45411}
{"ev":"accepted","peer":"2:1815509495","pid":1188,"t":1791306817.45976}
{"ev":"accepted","peer":"2:1927371290","pid":1188,"t":1791306817.465971}
{"ev":"accepted","peer":"2:296339784","pid":1188,"t":1791306817.472154}
{"ev":"accepted","peer":"2:3499352066","pid":1188,"t":1791306817.47769}
{"ev":"accepted","peer":"2:3592425635","pid":1188,"t":1791306817.483006}
{"ev":"accepted","peer":"2:3161098578","pid":1188,"t":1791306817.488931}
{"ev":"accepted","peer":"2:1888988064","pid":1188,"t":1791306817.494727}
{"ev":"accepted","peer":"2:767035658","pid":1188,"t":1791306817.501002}
{"ev":"accepted","peer":"2:1914459422","pid":1188,"t":1791306817.507108}
{"ev":"accepted","peer":"2:2830084937","pid":1188,"t":1791306817.513118}
{"ev":"accepted","peer":"2:1724712341","pid":1188,"t":1791306817.519173}
{"ev":"accepted","peer":"2:2043051944","pid":1188,"t":1791306817.525232}
{"ev":"accepted","peer":"2:2106632094","pid":1188,"t":1791306817.531194}
{"ev":"accepted","peer":"2:3182825037","pid":1188,"t":1791306817.537351}
{"ev":"accepted","peer":"2:1473379056","pid":1188,"t":1791306817.542765}
{"ev":"accepted","peer":"2:349096150","pid":1188,"t":1791306817.54878}
{"ev":"accepted","peer":"2:2284639222","pid":1188,"t":1791306817.554892}
{"ev":"accepted","peer":"2:469385556","pid":1188,"t":1791306817.560356}
{"ev":"accepted","peer":"2:3471538935","pid":1188,"t":1791306817.565603}
{"ev":"accepted","peer":"2:2720856500","pid":1188,"t":1791306817.570825}
{"ev":"accepted","peer":"2:2784231375","pid":1188,"t":1791306817.577561}
{"ev":"accepted","peer":"2:3095402395","pid":1188,"t":1791306817.583716}
{"ev":"accepted","peer":"2:330480922","pid":1188,"t":1791306817.588939}
{"ev":"accepted","peer":"2:3622432690","pid":1188,"t":1791306817.596445}
{"ev":"accepted","peer":"2:937931630","pid":1188,"t":1791306817.601711}
{"ev":"accepted","peer":"2:878616686","pid":1188,"t":1791306817.606929}
{"ev":"accepted","peer":"2:1352764164","pid":1188,"t":1791306817.612239}
{"ev":"accepted","peer":"2:2780798785","pid":1188,"t":1791306817.618461}
{"ev":"accepted","peer":"2:2617517932","pid":1188,"t":1791306817.624762}
{"ev":"accepted","peer":"2:4130458951","pid":1188,"t":1791306817.630952}
{"ev":"accepted","peer":"2:2422493828","pid":1188,"t":1791306817.63719}
{"ev":"accepted","peer":"2:639904584","pid":1188,"t":1791306817.643472}
{"ev":"accepted","peer":"2:278094890","pid":1188,"t":1791306817.649057}
{"ev":"accepted","peer":"2:86812146","pid":1188,"t":1791306817.654965}
{"ev":"accepted","peer":"2:1939687938","pid":1188,"t":1791306817.660395}
{"ev":"accepted","peer":"2:1991134451","pid":1188,"t":1791306817.666646}
{"ev":"accepted","peer":"2:1034526846","pid":1188,"t":1791306817.672819}
{"ev":"accepted","peer":"2:3659910878","pid":1188,"t":1791306817.678913}
{"ev":"accepted","peer":"2:2120704054","pid":1188,"t":1791306817.684446}
{"ev":"accepted","peer":"2:1549498084","pid":1188,"t":1791306817.690441}
{"ev":"accepted","peer":"2:2332490153","pid":1188,"t":1791306817.696582}
{"ev":"accepted","peer":"2:1545993210","pid":1188,"t":1791306817.702571}
{"ev":"accepted","peer":"2:4185670682","pid":1188,"t":1791306817.707938}
{"ev":"accepted","peer":"2:3311234523","pid":1188,"t":1791306817.713226}
{"ev":"accepted","peer":"2:3469299111","pid":1188,"t":1791306817.718713}
{"ev":"accepted","peer":"2:3556137674","pid":1188,"t":1791306817.72494}
{"ev":"accepted","peer":"2:1097141349","pid":1188,"t":1791306817.730977}
{"ev":"accepted","peer":"2:3263432686","pid":1188,"t":1791306817.737055}
{"ev":"accepted","peer":"2:1862064702","pid":1188,"t":1791306817.743135}
{"ev":"accepted","peer":"2:1678287086","pid":1188,"t":1791306817.749311}
{"ev":"accepted","peer":"2:3904188841","pid":1188,"t":1791306817.754848}
{"ev":"accepted","peer":"2:111122886","pid":1188,"t":1791306817.761086}
{"ev":"accepted","peer":"2:1570829015","pid":1188,"t":1791306817.767227}
{"ev":"accepted","peer":"2:1406028214","pid":1188,"t":1791306817.773369}
{"ev":"accepted","peer":"2:1805842952","pid":1188,"t":1791306817.778456}
{"ev":"accepted","peer":"2:2813003506","pid":1188,"t":1791306817.783701}
{"ev":"accepted","peer":"2:1555982260","pid":1188,"t":1791306817.789765}
{"ev":"accepted","peer":"2:4252904061","pid":1188,"t":1791306817.795885}
{"ev":"accepted","peer":"2:162959040","pid":1188,"t":1791306817.801487}
{"ev":"accepted","peer":"2:1663150698","pid":1188,"t":1791306817.807687}
{"ev":"accepted","peer":"2:45239956","pid":1188,"t":1791306817.813353}
{"ev":"accepted","peer":"2:1193405346","pid":1188,"t":1791306817.819458}
{"ev":"accepted","peer":"2:2325603280","pid":1188,"t":1791306817.825445}
{"ev":"accepted","peer":"2:4078409440","pid":1188,"t":1791306817.831619}
{"ev":"accepted","peer":"2:3764078294","pid":1188,"t":1791306817.837726}
{"ev":"accepted","peer":"2:3610487501","pid":1188,"t":1791306817.845176}
{"ev":"accepted","peer":"2:2566237944","pid":1188,"t":1791306817.850848}
{"ev":"accepted","peer":"2:2508141585","pid":1188,"t":1791306817.856653}
{"ev":"accepted","peer":"2:1562794022","pid":1188,"t":1791306817.862825}
{"ev":"accepted","peer":"2:2962146522","pid":1188,"t":1791306817.868978}
{"ev":"accepted","peer":"2:2846741945","pid":1188,"t":1791306817.875197}
{"ev":"accepted","peer":"2:1434654131","pid":1188,"t":1791306817.881003}
{"ev":"accepted","peer":"2:714148199","pid":1188,"t":1791306817.887411}
{"ev":"accepted","peer":"2:2967470815","pid":1188,"t":1791306817.893042}
{"ev":"accepted","peer":"2:3859093977","pid":1188,"t":1791306817.899152}
{"ev":"accepted","peer":"2:3592708377","pid":1188,"t":1791306817.905174}
{"ev":"accepted","peer":"2:2214210699","pid":1188,"t":1791306817.911318}
{"ev":"accepted","peer":"2:3641169333","pid":1188,"t":1791306817.917406}
{"ev":"accepted","peer":"2:1573629176","pid":1188,"t":1791306817.923653}
{"ev":"accepted","peer":"2:2527792849","pid":1188,"t":1791306817.928853}
{"ev":"accepted","peer":"2:1457534998","pid":1188,"t":1791306817.934479}
{"ev":"accepted","peer":"2:924781348","pid":1188,"t":1791306817.941519}
{"ev":"accepted","peer":"2:2791712219","pid":1188,"t":1791306817.947511}
{"ev":"accepted","peer":"2:4171477399","pid":1188,"t":1791306817.953669}
{"ev":"accepted","peer":"2:4176464931","pid":1188,"t":1791306817.958809}
{"ev":"accepted","peer":"2:1239929709","pid":1188,"t":1791306817.965011}
{"ev":"accepted","peer":"2:4284810555","pid":1188,"t":1791306817.971152}
{"ev":"accepted","peer":"2:1010129560","pid":1188,"t":1791306817.976376}
{"ev":"accepted","peer":"2:1209642714","pid":1188,"t":1791306817.981614}
{"ev":"accepted","peer":"2:2007825841","pid":1188,"t":1791306817.987214}
{"ev":"accepted","peer":"2:3895937268","pid":1188,"t":1791306817.992769}
{"ev":"accepted","peer":"2:3210151131","pid":1188,"t":1791306817.999016}
{"ev":"accepted","peer":"2:579405319","pid":1188,"t":1791306818.004689}
{"ev":"accepted","peer":"2:1876136423","pid":1188,"t":1791306818.010774}
{"ev":"accepted","peer":"2:1010146874","pid":1188,"t":1791306818.017116}
{"ev":"accepted","peer":"2:2869059924","pid":1188,"t":1791306818.023091}
{"ev":"accepted","peer":"2:2468765654","pid":1188,"t":1791306818.02934}
{"ev":"accepted","peer":"2:1421593532","pid":1188,"t":1791306818.035292}
{"ev":"accepted","peer":"2:2319381635","pid":1188,"t":1791306818.0416}
{"ev":"accepted","peer":"2:2734848638","pid":1188,"t":1791306818.047607}
{"ev":"accepted","peer":"2:3004990458","pid":1188,"t":1791306818.053638}
{"ev":"accepted","peer":"2:309489799","pid":1188,"t":1791306818.059488}
{"ev":"accepted","peer":"2:3546117468","pid":1188,"t":1791306818.065677}
{"ev":"accepted","peer":"2:3451030134","pid":1188,"t":1791306818.071586}
{"ev":"accepted","peer":"2:3927024559","pid":1188,"t":1791306818.076851}
{"ev":"accepted","peer":"2:3931619425","pid":1188,"t":1791306818.082881}
{"ev":"accepted","peer":"2:1420703233","pid":1188,"t":1791306818.08903}
{"ev":"accepted","peer":"2:2569560826","pid":1188,"t":1791306818.094246}
{"ev":"accepted","peer":"2:4283209072","pid":1188,"t":1791306818.100289}
{"ev":"accepted","peer":"2:2211782946","pid":1188,"t":1791306818.10634}
{"ev":"accepted","peer":"2:520738100","pid":1188,"t":1791306818.112418}
{"ev":"accepted","peer":"2:1935482901","pid":1188,"t":1791306818.118517}
{"ev":"accepted","peer":"2:1086601972","pid":1188,"t":1791306818.124814}
{"ev":"accepted","peer":"2:725993007","pid":1188,"t":1791306818.129957}
{"ev":"accepted","peer":"2:131573967","pid":1188,"t":1791306818.136121}
{"ev":"accepted","peer":"2:1475155514","pid":1188,"t":1791306818.14171}
{"ev":"accepted","peer":"2:4068022379","pid":1188,"t":1791306818.148043}
{"ev":"accepted","peer":"2:1656623937","pid":1188,"t":1791306818.153961}
{"ev":"accepted","peer":"2:1584607383","pid":1188,"t":1791306818.159218}
{"ev":"accepted","peer":"2:3880720593","pid":1188,"t":1791306818.164516}
{"ev":"accepted","peer":"2:2127876166","pid":1188,"t":1791306818.170734}
{"ev":"accepted","peer":"2:2923481635","pid":1188,"t":1791306818.176747}
{"ev":"accepted","peer":"2:1418645592","pid":1188,"t":1791306818.182726}
{"ev":"accepted","peer":"2:9520453","pid":1188,"t":1791306818.188263}
{"ev":"accepted","peer":"2:4088151225","pid":1188,"t":1791306818.194338}
{"ev":"accepted","peer":"2:4075940338","pid":1188,"t":1791306818.200403}
{"ev":"accepted","peer":"2:1606477969","pid":1188,"t":1791306818.205598}
{"ev":"accepted","peer":"2:1236767097","pid":1188,"t":1791306818.211859}
{"ev":"accepted","peer":"2:3692560350","pid":1188,"t":1791306818.217919}
{"ev":"accepted","peer":"2:3076013772","pid":1188,"t":1791306818.224014}
{"ev":"accepted","peer":"2:2268492193","pid":1188,"t":1791306818.230011}
{"ev":"accepted","peer":"2:3428325957","pid":1188,"t":1791306818.235838}
{"ev":"accepted","peer":"2:3918441227","pid":1188,"t":1791306818.241683}
{"ev":"accepted","peer":"2:2094669861","pid":1188,"t":1791306818.246933}
{"ev":"accepted","peer":"2:937843982","pid":1188,"t":1791306818.253051}
{"ev":"accepted","peer":"2:3360733444","pid":1188,"t":1791306818.259048}
{"ev":"accepted","peer":"2:1452052316","pid":1188,"t":1791306818.265029}
{"ev":"accepted","peer":"2:920343019","pid":1188,"t":1791306818.271484}
{"ev":"accepted","peer":"2:453225319","pid":1188,"t":1791306818.276413}
{"ev":"accepted","peer":"2:413571501","pid":1188,"t":1791306818.282569}
{"ev":"accepted","peer":"2:2365749487","pid":1188,"t":1791306818.288994}
{"ev":"accepted","peer":"2:3195330637","pid":1188,"t":1791306818.295002}
{"ev":"accepted","peer":"2:3211017570","pid":1188,"t":1791306818.301076}
{"ev":"accepted","peer":"2:3462036448","pid":1188,"t":1791306818.307208}
{"ev":"accepted","peer":"2:2785115254","pid":1188,"t":1791306818.313295}
{"ev":"accepted","peer":"2:62845141","pid":1188,"t":1791306818.319314}
{"ev":"accepted","peer":"2:330674716","pid":1188,"t":1791306818.324875}
{"ev":"accepted","peer":"2:1196707168","pid":1188,"t":1791306818.330235}
{"ev":"accepted","peer":"2:1055832936","pid":1188,"t":1791306818.336278}
{"ev":"accepted","peer":"2:3153560324","pid":1188,"t":1791306818.342176}
{"ev":"accepted","peer":"2:1345567538","pid":1188,"t":1791306818.347302}
{"ev":"accepted","peer":"2:1299394606","pid":1188,"t":1791306818.352496}
{"ev":"accepted","peer":"2:2228850822","pid":1188,"t":1791306818.35865}
{"ev":"accepted","peer":"2:2971848073","pid":1188,"t":1791306818.364146}
{"ev":"accepted","peer":"2:1413698660","pid":1188,"t":1791306818.370099}
{"ev":"accepted","peer":"2:774145304","pid":1188,"t":1791306818.376042}
{"ev":"accepted","peer":"2:213378780","pid":1188,"t":1791306818.382227}
{"ev":"accepted","peer":"2:2411941994","pid":1188,"t":1791306818.387206}
{"ev":"accepted","peer":"2:1884440052","pid":1188,"t":1791306818.392436}
{"ev":"accepted","peer":"2:1311191650","pid":1188,"t":1791306818.398075}
{"ev":"accepted","peer":"2:3292263604","pid":1188,"t":1791306818.403287}
{"ev":"accepted","peer":"2:2288503557","pid":1188,"t":1791306818.40839}
{"ev":"accepted","peer":"2:4031477817","pid":1188,"t":1791306818.413906}
{"ev":"accepted","peer":"2:113701789","pid":1188,"t":1791306818.419484}
{"ev":"accepted","peer":"2:3964781194","pid":1188,"t":1791306818.425842}
{"ev":"accepted","peer":"2:67405073","pid":1188,"t":1791306818.431917}
{"ev":"accepted","peer":"2:4108035965","pid":1188,"t":1791306818.438075}
{"ev":"accepted","peer":"2:3774401064","pid":1188,"t":1791306818.443517}
{"ev":"accepted","peer":"2:1117194612","pid":1188,"t":1791306818.449658}
{"ev":"accepted","peer":"2:2053942159","pid":1188,"t":1791306818.455039}
{"ev":"accepted","peer":"2:2779820852","pid":1188,"t":1791306818.460839}
{"ev":"accepted","peer":"2:740210793","pid":1188,"t":1791306818.465978}
{"ev":"accepted","peer":"2:1112158396","pid":1188,"t":1791306818.472198}
{"ev":"accepted","peer":"2:3970796055","pid":1188,"t":1791306818.478177}
{"ev":"accepted","peer":"2:331450775","pid":1188,"t":1791306818.484297}
{"ev":"accepted","peer":"2:3768972142","pid":1188,"t":1791306818.490423}
{"ev":"accepted","peer":"2:1860834124","pid":1188,"t":1791306818.495598}
{"ev":"accepted","peer":"2:1699464295","pid":1188,"t":1791306818.501035}
{"ev":"accepted","peer":"2:1334846051","pid":1188,"t":1791306818.506649}
{"ev":"accepted","peer":"2:2872829080","pid":1188,"t":1791306818.512293}
{"ev":"accepted","peer":"2:1965503084","pid":1188,"t":1791306818.518337}
{"ev":"accepted","peer":"2:2338825779","pid":1188,"t":1791306818.524635}
{"ev":"accepted","peer":"2:4181075666","pid":1188,"t":1791306818.530359}
{"ev":"accepted","peer":"2:2930221494","pid":1188,"t":1791306818.536389}
{"ev":"accepted","peer":"2:2559468907","pid":1188,"t":1791306818.542485}
{"ev":"accepted","peer":"2:346399048","pid":1188,"t":1791306818.547957}
{"ev":"accepted","peer":"2:605138865","pid":1188,"t":1791306818.55397}
{"ev":"accepted","peer":"2:1354248598","pid":1188,"t":1791306818.55957}
{"ev":"accepted","peer":"2:4055903279","pid":1188,"t":1791306818.565863}
{"ev":"accepted","peer":"2:54076896","pid":1188,"t":1791306818.571956}
{"ev":"accepted","peer":"2:3428727749","pid":1188,"t":1791306818.578127}
{"ev":"accepted","peer":"2:2858918991","pid":1188,"t":1791306818.584161}
{"ev":"accepted","peer":"2:1969436540","pid":1188,"t":1791306818.590349}
{"ev":"accepted","peer":"2:1144555477","pid":1188,"t":1791306818.596096}
{"ev":"accepted","peer":"2:1614940758","pid":1188,"t":1791306818.602209}
{"ev":"accepted","peer":"2:2557025440","pid":1188,"t":1791306818.608317}
{"ev":"accepted","peer":"2:1344208883","pid":1188,"t":1791306818.613558}
{"ev":"accepted","peer":"2:1750922198","pid":1188,"t":1791306818.61877}
{"ev":"accepted","peer":"2:2400657015","pid":1188,"t":1791306818.62494}
{"ev":"accepted","peer":"2:938561215","pid":1188,"t":1791306818.631046}
{"ev":"accepted","peer":"2:3352596171","pid":1188,"t":1791306818.63654}
{"ev":"accepted","peer":"2:3489302333","pid":1188,"t":1791306818.642628}
{"ev":"accepted","peer":"2:4269411259","pid":1188,"t":1791306818.648776}
{"ev":"accepted","peer":"2:1864265939","pid":1188,"t":1791306818.654864}
{"ev":"accepted","peer":"2:3349570778","pid":1188,"t":1791306818.661586}
{"ev":"accepted","peer":"2:1883368747","pid":1188,"t":1791306818.667637}
{"ev":"accepted","peer":"2:736272688","pid":1188,"t":1791306818.673758}
{"ev":"accepted","peer":"2:749891758","pid":1188,"t":1791306818.679764}
{"ev":"accepted","peer":"2:2563360849","pid":1188,"t":1791306818.68498}
{"ev":"accepted","peer":"2:2160970539","pid":1188,"t":1791306818.690145}
{"ev":"accepted","peer":"2:197631370","pid":1188,"t":1791306818.696038}
{"ev":"accepted","peer":"2:2495161312","pid":1188,"t":1791306818.702195}
{"ev":"accepted","peer":"2:1662177613","pid":1188,"t":1791306818.708376}
{"ev":"accepted","peer":"2:1783360700","pid":1188,"t":1791306818.713703}
{"ev":"accepted","peer":"2:3727219174","pid":1188,"t":1791306818.719905}
{"ev":"accepted","peer":"2:734454901","pid":1188,"t":1791306818.726132}
{"ev":"accepted","peer":"2:3106680468","pid":1188,"t":1791306818.732335}
{"ev":"accepted","peer":"2:2528217533","pid":1188,"t":1791306818.738485}
{"ev":"accepted","peer":"2:2134324823","pid":1188,"t":1791306818.744544}
{"ev":"accepted","peer":"2:3545115283","pid":1188,"t":1791306818.7506}
{"ev":"accepted","peer":"2:2049444367","pid":1188,"t":1791306818.756883}
{"ev":"accepted","peer":"2:2641924795","pid":1188,"t":1791306818.762959}
{"ev":"accepted","peer":"2:1774578668","pid":1188,"t":1791306818.76934}
{"ev":"accepted","peer":"2:3637205739","pid":1188,"t":1791306818.775015}
{"ev":"accepted","peer":"2:4147099816","pid":1188,"t":1791306818.780403}
{"ev":"accepted","peer":"2:3053437808","pid":1188,"t":1791306818.785648}
{"ev":"accepted","peer":"2:2419054907","pid":1188,"t":1791306818.791742}
{"ev":"accepted","peer":"2:2768872580","pid":1188,"t":1791306818.797512}
{"ev":"accepted","peer":"2:3443508352","pid":1188,"t":1791306818.803764}
{"ev":"accepted","peer":"2:2300537975","pid":1188,"t":1791306818.809783}
{"ev":"accepted","peer":"2:622894584","pid":1188,"t":1791306818.81592}
{"ev":"accepted","peer":"2:1397252927","pid":1188,"t":1791306818.822078}
{"ev":"accepted","peer":"2:3277329154","pid":1188,"t":1791306818.828593}
{"ev":"accepted","peer":"2:590815244","pid":1188,"t":1791306818.833749}
{"ev":"accepted","peer":"2:4034334614","pid":1188,"t":1791306818.839913}
{"ev":"accepted","peer":"2:1912034022","pid":1188,"t":1791306818.845964}
{"ev":"accepted","peer":"2:3131836153","pid":1188,"t":1791306818.851997}
{"ev":"accepted","peer":"2:1670925302","pid":1188,"t":1791306818.857149}
{"ev":"accepted","peer":"2:320738916","pid":1188,"t":1791306818.862977}
{"ev":"accepted","peer":"2:4035252779","pid":1188,"t":1791306818.868147}
{"ev":"accepted","peer":"2:4062031350","pid":1188,"t":1791306818.874523}
{"ev":"accepted","peer":"2:4205755760","pid":1188,"t":1791306818.879668}
{"ev":"accepted","peer":"2:4016339714","pid":1188,"t":1791306818.885267}
{"ev":"accepted","peer":"2:645076754","pid":1188,"t":1791306818.891443}
{"ev":"accepted","peer":"2:1458462998","pid":1188,"t":1791306818.897399}
{"ev":"accepted","peer":"2:1685915516","pid":1188,"t":1791306818.903427}
{"ev":"accepted","peer":"2:1275260627","pid":1188,"t":1791306818.908637}
{"ev":"accepted","peer":"2:3806452521","pid":1188,"t":1791306818.91444}
{"ev":"accepted","peer":"2:652539437","pid":1188,"t":1791306818.919913}
{"ev":"accepted","peer":"2:1622865023","pid":1188,"t":1791306818.926217}
{"ev":"accepted","peer":"2:2609534440","pid":1188,"t":1791306818.932234}
{"ev":"accepted","peer":"2:944255573","pid":1188,"t":1791306818.938466}
{"ev":"accepted","peer":"2:1828616046","pid":1188,"t":1791306818.944702}
{"ev":"accepted","peer":"2:2807303505","pid":1188,"t":1791306818.950729}
{"ev":"accepted","peer":"2:183980253","pid":1188,"t":1791306818.95675}
{"ev":"accepted","peer":"2:1193107251","pid":1188,"t":1791306818.96288}
{"ev":"accepted","peer":"2:2050223646","pid":1188,"t":1791306818.969114}
{"ev":"accepted","peer":"2:736021965","pid":1188,"t":1791306818.975006}
{"ev":"accepted","peer":"2:2836319620","pid":1188,"t":1791306818.980671}
{"ev":"accepted","peer":"2:1080433262","pid":1188,"t":1791306818.986839}
{"ev":"accepted","peer":"2:1770564341","pid":1188,"t":1791306818.992979}
{"ev":"accepted","peer":"2:58092318","pid":1188,"t":1791306818.999071}
{"ev":"accepted","peer":"2:3810394142","pid":1188,"t":1791306819.005221}
{"ev":"accepted","peer":"2:896476152","pid":1188,"t":1791306819.010897}
{"ev":"accepted","peer":"2:4216273125","pid":1188,"t":1791306819.017014}
{"ev":"accepted","peer":"2:4170797987","pid":1188,"t":1791306819.02308}
{"ev":"accepted","peer":"2:418256593","pid":1188,"t":1791306819.029251}
{"ev":"accepted","peer":"2:181610237","pid":1188,"t":1791306819.035575}
{"ev":"accepted","peer":"2:1344653487","pid":1188,"t":1791306819.04084}
{"ev":"accepted","peer":"2:1606315907","pid":1188,"t":1791306819.046804}
{"ev":"accepted","peer":"2:2305224788","pid":1188,"t":1791306819.052017}
{"ev":"accepted","peer":"2:132297661","pid":1188,"t":1791306819.058119}
{"ev":"accepted","peer":"2:1262253141","pid":1188,"t":1791306819.064024}
{"ev":"accepted","peer":"2:122586227","pid":1188,"t":1791306819.069961}
{"ev":"accepted","peer":"2:622099497","pid":1188,"t":1791306819.075997}
{"ev":"accepted","peer":"2:1555894595","pid":1188,"t":1791306819.082164}
{"ev":"accepted","peer":"2:2717689258","pid":1188,"t":1791306819.08858}
{"ev":"accepted","peer":"2:1088154964","pid":1188,"t":1791306819.093717}
{"ev":"accepted","peer":"2:3725767400","pid":1188,"t":1791306819.099848}
{"ev":"accepted","peer":"2:552070711","pid":1188,"t":1791306819.105341}
{"ev":"accepted","peer":"2:1004190685","pid":1188,"t":1791306819.111162}
{"ev":"accepted","peer":"2:1563206315","pid":1188,"t":1791306819.116766}
{"ev":"accepted","peer":"2:2745813261","pid":1188,"t":1791306819.122421}
{"ev":"accepted","peer":"2:3996154740","pid":1188,"t":1791306819.128959}
{"ev":"accepted","peer":"2:2922939319","pid":1188,"t":1791306819.135022}
{"ev":"accepted","peer":"2:694066376","pid":1188,"t":1791306819.141207}
{"ev":"accepted","peer":"2:1926099703","pid":1188,"t":1791306819.146791}
{"ev":"accepted","peer":"2:73039628","pid":1188,"t":1791306819.152867}
{"ev":"accepted","peer":"2:2316268422","pid":1188,"t":1791306819.158096}
{"ev":"accepted","peer":"2:4196153150","pid":1188,"t":1791306819.164029}
{"ev":"accepted","peer":"2:2032522589","pid":1188,"t":1791306819.170042}
{"ev":"accepted","peer":"2:1612408403","pid":1188,"t":1791306819.1761}
{"ev":"accepted","peer":"2:4164803979","pid":1188,"t":1791306819.182449}
{"ev":"accepted","peer":"2:3243889062","pid":1188,"t":1791306819.18857}
{"ev":"accepted","peer":"2:3309124751","pid":1188,"t":1791306819.194737}
{"ev":"accepted","peer":"2:30047993","pid":1188,"t":1791306819.200829}
{"ev":"accepted","peer":"2:1912039342","pid":1188,"t":1791306819.206923}
{"ev":"accepted","peer":"2:3721141475","pid":1188,"t":1791306819.21303}
{"ev":"accepted","peer":"2:3818098047","pid":1188,"t":1791306819.218234}
{"ev":"accepted","peer":"2:1005596190","pid":1188,"t":1791306819.223718}
{"ev":"accepted","peer":"2:2344333348","pid":1188,"t":1791306819.229929}
{"ev":"accepted","peer":"2:2202148935","pid":1188,"t":1791306819.23605}
{"ev":"accepted","peer":"2:462340335","pid":1188,"t":1791306819.241903}
{"ev":"accepted","peer":"2:386039228","pid":1188,"t":1791306819.247329}
{"ev":"accepted","peer":"2:1958247909","pid":1188,"t":1791306819.253503}
{"ev":"accepted","peer":"2:2512417982","pid":1188,"t":1791306819.259431}
{"ev":"accepted","peer":"2:3404933550","pid":1188,"t":1791306832.282245}
{"ev":"accepted","peer":"2:826796839","pid":1188,"t":1791306832.287519}
{"ev":"accepted","peer":"2:2223256236","pid":1188,"t":1791306832.292964}
{"ev":"accepted","peer":"2:899868573","pid":1188,"t":1791306832.298095}
{"ev":"accepted","peer":"2:1838774854","pid":1188,"t":1791306832.304411}
{"ev":"accepted","peer":"2:2705919013","pid":1188,"t":1791306832.310494}
{"ev":"accepted","peer":"2:3934476195","pid":1188,"t":1791306832.316677}
{"ev":"accepted","peer":"2:940294721","pid":1188,"t":1791306832.321716}
{"ev":"accepted","peer":"2:1526217490","pid":1188,"t":1791306832.327922}
{"ev":"accepted","peer":"2:4106753874","pid":1188,"t":1791306832.333977}
{"ev":"accepted","peer":"2:2014565521","pid":1188,"t":1791306832.339816}
{"ev":"accepted","peer":"2:3430645909","pid":1188,"t":1791306832.345937}
{"ev":"accepted","peer":"2:211634605","pid":1188,"t":1791306832.352037}
{"ev":"accepted","peer":"2:780838214","pid":1188,"t":1791306832.357867}
{"ev":"accepted","peer":"2:1057080950","pid":1188,"t":1791306832.363085}
{"ev":"accepted","peer":"2:416544022","pid":1188,"t":1791306832.368377}
{"ev":"accepted","peer":"2:107801992","pid":1188,"t":1791306832.373701}
{"ev":"accepted","peer":"2:3205129454","pid":1188,"t":1791306832.379687}
{"ev":"accepted","peer":"2:3657121335","pid":1188,"t":1791306832.384861}
{"ev":"accepted","peer":"2:300949843","pid":1188,"t":1791306832.390372}
{"ev":"accepted","peer":"2:766355701","pid":1188,"t":1791306832.395691}
{"ev":"accepted","peer":"2:795092520","pid":1188,"t":1791306832.401849}
{"ev":"accepted","peer":"2:2207019082","pid":1188,"t":1791306832.406991}
{"ev":"accepted","peer":"2:2633760753","pid":1188,"t":1791306832.412422}
{"ev":"accepted","peer":"2:3239387830","pid":1188,"t":1791306832.4177}
{"ev":"accepted","peer":"2:1133967880","pid":1188,"t":1791306832.423845}
{"ev":"accepted","peer":"2:1430199164","pid":1188,"t":1791306832.429087}
{"ev":"accepted","peer":"2:811391829","pid":1188,"t":1791306832.435231}
{"ev":"accepted","peer":"2:4126096711","pid":1188,"t":1791306832.440631}
{"ev":"accepted","peer":"2:168485419","pid":1188,"t":1791306832.446807}
{"ev":"accepted","peer":"2:3359594043","pid":1188,"t":1791306832.452799}
{"ev":"accepted","peer":"2:1794561933","pid":1188,"t":1791306832.457995}
{"ev":"accepted","peer":"2:8355661","pid":1188,"t":1791306832.463594}
{"ev":"accepted","peer":"2:2098962825","pid":1188,"t":1791306832.468716}
{"ev":"accepted","peer":"2:3960798798","pid":1188,"t":1791306832.474295}
{"ev":"accepted","peer":"2:1484882061","pid":1188,"t":1791306832.480486}
{"ev":"accepted","peer":"2:1907447640","pid":1188,"t":1791306832.486572}
{"ev":"accepted","peer":"2:395495519","pid":1188,"t":1791306832.492381}
{"ev":"accepted","peer":"2:3901499943","pid":1188,"t":1791306832.497691}
{"ev":"accepted","peer":"2:775382084","pid":1188,"t":1791306832.50281}
{"ev":"accepted","peer":"2:4101467827","pid":1188,"t":1791306832.508827}
{"ev":"accepted","peer":"2:3632587116","pid":1188,"t":1791306832.514943}
{"ev":"accepted","peer":"2:1323976208","pid":1188,"t":1791306832.521014}
{"ev":"accepted","peer":"2:1829106672","pid":1188,"t":1791306832.5275}
{"ev":"accepted","peer":"2:509895762","pid":1188,"t":1791306832.532974}
{"ev":"accepted","peer":"2:3644262956","pid":1188,"t":1791306832.539038}
{"ev":"accepted","peer":"2:808460361","pid":1188,"t":1791306832.545196}
{"ev":"accepted","peer":"2:733169470","pid":1188,"t":1791306832.551185}
{"ev":"accepted","peer":"2:1975671514","pid":1188,"t":1791306832.557373}
{"ev":"accepted","peer":"2:4092702219","pid":1188,"t":1791306832.562553}
{"ev":"accepted","peer":"2:3657555296","pid":1188,"t":1791306832.56867}
{"ev":"accepted","peer":"2:2907625272","pid":1188,"t":1791306832.573979}
{"ev":"accepted","peer":"2:1136984053","pid":1188,"t":1791306832.580264}
{"ev":"accepted","peer":"2:2099435486","pid":1188,"t":1791306832.586303}
{"ev":"accepted","peer":"2:1789187733","pid":1188,"t":1791306832.592015}
{"ev":"accepted","peer":"2:4088332697","pid":1188,"t":1791306832.598105}
{"ev":"accepted","peer":"2:377026330","pid":1188,"t":1791306832.604293}
{"ev":"accepted","peer":"2:314244475","pid":1188,"t":1791306832.610453}
{"ev":"accepted","peer":"2:269266491","pid":1188,"t":1791306832.615808}
{"ev":"accepted","peer":"2:2224355908","pid":1188,"t":1791306832.621325}
{"ev":"accepted","peer":"2:3820994188","pid":1188,"t":1791306832.626476}
{"ev":"accepted","peer":"2:3332604102","pid":1188,"t":1791306832.632002}
{"ev":"accepted","peer":"2:2162144246","pid":1188,"t":1791306832.63814}
{"ev":"accepted","peer":"2:867344899","pid":1188,"t":1791306832.644234}
{"ev":"accepted","peer":"2:2734667546","pid":1188,"t":1791306832.649685}
{"ev":"accepted","peer":"2:2144247029","pid":1188,"t":1791306832.655751}
{"ev":"accepted","peer":"2:1755125542","pid":1188,"t":1791306832.661891}
{"ev":"accepted","peer":"2:4255724985","pid":1188,"t":1791306832.667902}
{"ev":"accepted","peer":"2:3571278973","pid":1188,"t":1791306832.673113}
{"ev":"accepted","peer":"2:2435661411","pid":1188,"t":1791306832.679177}
{"ev":"accepted","peer":"2:1066264663","pid":1188,"t":1791306832.685391}
{"ev":"accepted","peer":"2:2120897372","pid":1188,"t":1791306832.691365}
{"ev":"accepted","peer":"2:1419548653","pid":1188,"t":1791306832.69759}
{"ev":"accepted","peer":"2:2491374416","pid":1188,"t":1791306832.703677}
{"ev":"accepted","peer":"2:2662172734","pid":1188,"t":1791306832.7098}
{"ev":"accepted","peer":"2:1787398424","pid":1188,"t":1791306832.714893}
{"ev":"accepted","peer":"2:1166217793","pid":1188,"t":1791306832.720115}
{"ev":"accepted","peer":"2:3055069016","pid":1188,"t":1791306832.726213}
{"ev":"accepted","peer":"2:292825720","pid":1188,"t":1791306832.732383}
{"ev":"accepted","peer":"2:3167217449","pid":1188,"t":1791306832.7385}
{"ev":"accepted","peer":"2:1626853568","pid":1188,"t":1791306832.743671}
{"ev":"accepted","peer":"2:871851556","pid":1188,"t":1791306832.749587}
{"ev":"accepted","peer":"2:1364443580","pid":1188,"t":1791306832.755807}
{"ev":"accepted","peer":"2:4198628235","pid":1188,"t":1791306832.761828}
{"ev":"accepted","peer":"2:1255689069","pid":1188,"t":1791306832.768083}
{"ev":"accepted","peer":"2:3270532579","pid":1188,"t":1791306832.774306}
{"ev":"accepted","peer":"2:161603008","pid":1188,"t":1791306832.779745}
{"ev":"accepted","peer":"2:4016336992","pid":1188,"t":1791306832.785175}
{"ev":"accepted","peer":"2:43960927","pid":1188,"t":1791306832.791367}
{"ev":"accepted","peer":"2:2757073116","pid":1188,"t":1791306832.797527}
{"ev":"accepted","peer":"2:3632880282","pid":1188,"t":1791306832.80279}
{"ev":"accepted","peer":"2:3338933522","pid":1188,"t":1791306832.808898}
{"ev":"accepted","peer":"2:3759103791","pid":1188,"t":1791306832.815013}
{"ev":"accepted","peer":"2:2367946827","pid":1188,"t":1791306832.820122}
{"ev":"accepted","peer":"2:1282741970","pid":1188,"t":1791306832.82645}
{"ev":"accepted","peer":"2:4135145709","pid":1188,"t":1791306832.838263}
{"ev":"accepted","peer":"2:1303980102","pid":1188,"t":1791306832.84431}
{"ev":"accepted","peer":"2:549546980","pid":1188,"t":1791306832.850449}
{"ev":"accepted","peer":"2:1338755009","pid":1188,"t":1791306832.855849}
{"ev":"accepted","peer":"2:1293567951","pid":1188,"t":1791306832.860868}
{"ev":"accepted","peer":"2:1566047101","pid":1188,"t":1791306832.866218}
{"ev":"accepted","peer":"2:3937342678","pid":1188,"t":1791306832.872306}
{"ev":"accepted","peer":"2:3483410481","pid":1188,"t":1791306832.877574}
{"ev":"accepted","peer":"2:1705952854","pid":1188,"t":1791306832.882904}
{"ev":"accepted","peer":"2:3133102427","pid":1188,"t":1791306832.889001}
{"ev":"accepted","peer":"2:3824296558","pid":1188,"t":1791306832.895165}
{"ev":"accepted","peer":"2:847750739","pid":1188,"t":1791306832.901249}
{"ev":"accepted","peer":"2:3689786434","pid":1188,"t":1791306832.907497}
{"ev":"accepted","peer":"2:1688415330","pid":1188,"t":1791306832.913676}
{"ev":"accepted","peer":"2:2386971870","pid":1188,"t":1791306832.919875}
{"ev":"accepted","peer":"2:3224823103","pid":1188,"t":1791306832.925139}
{"ev":"accepted","peer":"2:2328091793","pid":1188,"t":1791306832.931234}
{"ev":"accepted","peer":"2:3970759451","pid":1188,"t":1791306832.937535}
{"ev":"accepted","peer":"2:819732672","pid":1188,"t":1791306832.943702}
{"ev":"accepted","peer":"2:517615623","pid":1188,"t":1791306832.949659}
{"ev":"accepted","peer":"2:93713603","pid":1188,"t":1791306832.95476}
{"ev":"accepted","peer":"2:2934510374","pid":1188,"t":1791306832.960963}
{"ev":"accepted","peer":"2:2205027621","pid":1188,"t":1791306832.96722}
{"ev":"accepted","peer":"2:429237830","pid":1188,"t":1791306832.97321}
{"ev":"accepted","peer":"2:1483617008","pid":1188,"t":1791306832.97886}
{"ev":"accepted","peer":"2:2194869454","pid":1188,"t":1791306832.985499}
{"ev":"accepted","peer":"2:483802643","pid":1188,"t":1791306832.991729}
{"ev":"accepted","peer":"2:1387674550","pid":1188,"t":1791306832.997132}
{"ev":"accepted","peer":"2:364883317","pid":1188,"t":1791306833.003384}
{"ev":"accepted","peer":"2:1581796954","pid":1188,"t":1791306833.009457}
{"ev":"accepted","peer":"2:4149798459","pid":1188,"t":1791306833.015639}
{"ev":"accepted","peer":"2:197192577","pid":1188,"t":1791306833.021706}
{"ev":"accepted","peer":"2:4220216391","pid":1188,"t":1791306833.027773}
{"ev":"accepted","peer":"2:3969031542","pid":1188,"t":1791306833.032968}
{"ev":"accepted","peer":"2:3175716938","pid":1188,"t":1791306833.039056}
{"ev":"accepted","peer":"2:427744064","pid":1188,"t":1791306833.044999}
{"ev":"accepted","peer":"2:1580405864","pid":1188,"t":1791306833.050999}
{"ev":"accepted","peer":"2:3223064194","pid":1188,"t":1791306833.057204}
{"ev":"accepted","peer":"2:2539679844","pid":1188,"t":1791306833.06246}
{"ev":"accepted","peer":"2:3600705336","pid":1188,"t":1791306833.068614}
{"ev":"accepted","peer":"2:2680182851","pid":1188,"t":1791306833.074752}
{"ev":"accepted","peer":"2:413842907","pid":1188,"t":1791306833.080873}
{"ev":"accepted","peer":"2:24294306","pid":1188,"t":1791306833.086099}
{"ev":"accepted","peer":"2:872587031","pid":1188,"t":1791306833.092055}
{"ev":"accepted","peer":"2:1170875426","pid":1188,"t":1791306833.098132}
{"ev":"accepted","peer":"2:1178215797","pid":1188,"t":1791306833.104216}
{"ev":"accepted","peer":"2:2553681","pid":1188,"t":1791306833.109478}
{"ev":"accepted","peer":"2:2696787065","pid":1188,"t":1791306833.114872}
{"ev":"accepted","peer":"2:2731181992","pid":1188,"t":1791306833.121037}
{"ev":"accepted","peer":"2:563913904","pid":1188,"t":1791306833.127175}
{"ev":"accepted","peer":"2:1295140409","pid":1188,"t":1791306833.132352}
{"ev":"accepted","peer":"2:2600347573","pid":1188,"t":1791306833.142611}
{"ev":"accepted","peer":"2:3300873498","pid":1188,"t":1791306833.147418}
{"ev":"accepted","peer":"2:775645284","pid":1188,"t":1791306833.153611}
{"ev":"accepted","peer":"2:2980742847","pid":1188,"t":1791306833.15962}
{"ev":"accepted","peer":"2:595010821","pid":1188,"t":1791306833.165723}
{"ev":"accepted","peer":"2:307248807","pid":1188,"t":1791306833.171843}
{"ev":"accepted","peer":"2:2531522318","pid":1188,"t":1791306833.178047}
{"ev":"accepted","peer":"2:1559035980","pid":1188,"t":1791306833.184192}
{"ev":"accepted","peer":"2:2274046924","pid":1188,"t":1791306833.189293}
{"ev":"accepted","peer":"2:2797429110","pid":1188,"t":1791306833.195322}
{"ev":"accepted","peer":"2:1171514452","pid":1188,"t":1791306833.201514}
{"ev":"accepted","peer":"2:3864275948","pid":1188,"t":1791306833.20767}
{"ev":"accepted","peer":"2:3574278792","pid":1188,"t":1791306833.213478}
{"ev":"accepted","peer":"2:3340131650","pid":1188,"t":1791306833.219694}
{"ev":"accepted","peer":"2:3002703070","pid":1188,"t":1791306833.225265}
{"ev":"accepted","peer":"2:3173275788","pid":1188,"t":1791306833.231548}
{"ev":"accepted","peer":"2:377694053","pid":1188,"t":1791306833.237614}
{"ev":"accepted","peer":"2:598208690","pid":1188,"t":1791306833.243705}
{"ev":"accepted","peer":"2:1615268345","pid":1188,"t":1791306833.249899}
{"ev":"accepted","peer":"2:4005896220","pid":1188,"t":1791306833.255318}
{"ev":"accepted","peer":"2:650423283","pid":1188,"t":1791306833.261459}
{"ev":"accepted","peer":"2:564690084","pid":1188,"t":1791306833.266956}
{"ev":"accepted","peer":"2:3749985247","pid":1188,"t":1791306833.273001}
{"ev":"accepted","peer":"2:3887062764","pid":1188,"t":1791306833.279035}
{"ev":"accepted","peer":"2:4228632796","pid":1188,"t":1791306833.285189}
{"ev":"accepted","peer":"2:3499449986","pid":1188,"t":1791306833.291264}
{"ev":"accepted","peer":"2:121803506","pid":1188,"t":1791306833.297051}
{"ev":"accepted","peer":"2:125404438","pid":1188,"t":1791306833.303253}
{"ev":"accepted","peer":"2:1325572320","pid":1188,"t":1791306833.309541}
{"ev":"accepted","peer":"2:833989577","pid":1188,"t":1791306833.3152}
{"ev":"accepted","peer":"2:1983883660","pid":1188,"t":1791306833.320303}
{"ev":"accepted","peer":"2:1451036448","pid":1188,"t":1791306833.326451}
{"ev":"accepted","peer":"2:457733271","pid":1188,"t":1791306833.332567}
{"ev":"accepted","peer":"2:2236693267","pid":1188,"t":1791306833.338778}
{"ev":"accepted","peer":"2:3244666056","pid":1188,"t":1791306833.344058}
{"ev":"accepted","peer":"2:1567604351","pid":1188,"t":1791306833.349454}
{"ev":"accepted","peer":"2:1578859966","pid":1188,"t":1791306833.355595}
{"ev":"accepted","peer":"2:2403576713","pid":1188,"t":1791306833.361755}
{"ev":"accepted","peer":"2:2573694491","pid":1188,"t":1791306833.367846}
{"ev":"accepted","peer":"2:1656561356","pid":1188,"t":1791306833.373552}
{"ev":"accepted","peer":"2:87787335","pid":1188,"t":1791306833.37962}
{"ev":"accepted","peer":"2:2032690975","pid":1188,"t":1791306833.385677}
{"ev":"accepted","peer":"2:406101073","pid":1188,"t":1791306833.391696}
{"ev":"accepted","peer":"2:2097414791","pid":1188,"t":1791306833.397883}
{"ev":"accepted","peer":"2:1865459007","pid":1188,"t":1791306833.403967}
{"ev":"accepted","peer":"2:2221800732","pid":1188,"t":1791306833.410037}
{"ev":"accepted","peer":"2:4042741733","pid":1188,"t":1791306833.416106}
{"ev":"accepted","peer":"2:1616363679","pid":1188,"t":1791306833.422285}
{"ev":"accepted","peer":"2:825817929","pid":1188,"t":1791306833.428536}
{"ev":"accepted","peer":"2:3023769929","pid":1188,"t":1791306833.433533}
{"ev":"accepted","peer":"2:1582598626","pid":1188,"t":1791306833.438856}
{"ev":"accepted","peer":"2:104285192","pid":1188,"t":1791306833.444904}
{"ev":"accepted","peer":"2:2914655211","pid":1188,"t":1791306833.450997}
{"ev":"accepted","peer":"2:3350497314","pid":1188,"t":1791306833.456091}
{"ev":"accepted","peer":"2:401418989","pid":1188,"t":1791306833.4615}
{"ev":"accepted","peer":"2:2391098438","pid":1188,"t":1791306833.467039}
{"ev":"accepted","peer":"2:2310518641","pid":1188,"t":1791306833.473152}
{"ev":"accepted","peer":"2:670015028","pid":1188,"t":1791306833.478762}
{"ev":"accepted","peer":"2:2323310990","pid":1188,"t":1791306833.485003}
{"ev":"accepted","peer":"2:2698785208","pid":1188,"t":1791306833.491282}
{"ev":"accepted","peer":"2:3678117271","pid":1188,"t":1791306833.497325}
{"ev":"accepted","peer":"2:3817552413","pid":1188,"t":1791306833.502554}
{"ev":"accepted","peer":"2:2093097373","pid":1188,"t":1791306833.508643}
{"ev":"accepted","peer":"2:824020982","pid":1188,"t":1791306833.514254}
{"ev":"accepted","peer":"2:888349958","pid":1188,"t":1791306833.520303}
{"ev":"accepted","peer":"2:4230805158","pid":1188,"t":1791306833.526487}
{"ev":"accepted","peer":"2:2402094112","pid":1188,"t":1791306833.532604}
{"ev":"accepted","peer":"2:355270229","pid":1188,"t":1791306833.538649}
{"ev":"accepted","peer":"2:631194467","pid":1188,"t":1791306833.544267}
{"ev":"accepted","peer":"2:678214156","pid":1188,"t":1791306833.549621}
{"ev":"accepted","peer":"2:2122195835","pid":1188,"t":1791306833.555824}
{"ev":"accepted","peer":"2:3068720602","pid":1188,"t":1791306833.56195}
{"ev":"accepted","peer":"2:1768040975","pid":1188,"t":1791306833.567542}
{"ev":"accepted","peer":"2:770808239","pid":1188,"t":1791306833.573088}
{"ev":"accepted","peer":"2:4054364885","pid":1188,"t":1791306833.578638}
{"ev":"accepted","peer":"2:4196535600","pid":1188,"t":1791306833.584787}
{"ev":"accepted","peer":"2:2895119787","pid":1188,"t":1791306833.591026}
{"ev":"accepted","peer":"2:2116003154","pid":1188,"t":1791306833.597139}
{"ev":"accepted","peer":"2:1330095352","pid":1188,"t":1791306833.60301}
{"ev":"accepted","peer":"2:411654431","pid":1188,"t":1791306833.608529}
{"ev":"accepted","peer":"2:391697357","pid":1188,"t":1791306833.616594}
{"ev":"accepted","peer":"2:3492068363","pid":1188,"t":1791306833.622735}
{"ev":"accepted","peer":"2:594547654","pid":1188,"t":1791306833.628815}
{"ev":"accepted","peer":"2:2625510929","pid":1188,"t":1791306833.634918}
{"ev":"accepted","peer":"2:1795026811","pid":1188,"t":1791306833.641096}
{"ev":"accepted","peer":"2:1159161203","pid":1188,"t":1791306833.647102}
{"ev":"accepted","peer":"2:3060034772","pid":1188,"t":1791306833.653318}
{"ev":"accepted","peer":"2:1867513867","pid":1188,"t":1791306833.65847}
{"ev":"accepted","peer":"2:2785265342","pid":1188,"t":1791306833.663723}
{"ev":"accepted","peer":"2:2671953592","pid":1188,"t":1791306833.669857}
{"ev":"accepted","peer":"2:3820188413","pid":1188,"t":1791306833.675423}
{"ev":"accepted","peer":"2:3876019871","pid":1188,"t":1791306833.681424}
{"ev":"accepted","peer":"2:3149447642","pid":1188,"t":1791306833.687133}
{"ev":"accepted","peer":"2:508643582","pid":1188,"t":1791306833.693025}
{"ev":"accepted","peer":"2:60225552","pid":1188,"t":1791306833.699135}
{"ev":"accepted","peer":"2:4293889278","pid":1188,"t":1791306833.704639}
{"ev":"accepted","peer":"2:1221179514","pid":1188,"t":1791306833.710684}
{"ev":"accepted","peer":"2:2404003202","pid":1188,"t":1791306833.716292}
{"ev":"accepted","peer":"2:3957988489","pid":1188,"t":1791306833.722588}
{"ev":"accepted","peer":"2:943193379","pid":1188,"t":1791306833.728718}
{"ev":"accepted","peer":"2:934560742","pid":1188,"t":1791306833.734669}
{"ev":"accepted","peer":"2:2909558691","pid":1188,"t":1791306833.740927}
{"ev":"accepted","peer":"2:1451978312","pid":1188,"t":1791306833.746275}
{"ev":"accepted","peer":"2:2251277632","pid":1188,"t":1791306833.751454}
{"ev":"accepted","peer":"2:521433704","pid":1188,"t":1791306833.757266}
{"ev":"accepted","peer":"2:3611641433","pid":1188,"t":1791306833.763222}
{"ev":"accepted","peer":"2:865148487","pid":1188,"t":1791306833.769262}
{"ev":"accepted","peer":"2:2802277051","pid":1188,"t":1791306833.774442}
{"ev":"accepted","peer":"2:4291451215","pid":1188,"t":1791306833.780351}
{"ev":"accepted","peer":"2:1785321997","pid":1188,"t":1791306833.786442}
{"ev":"accepted","peer":"2:1102374861","pid":1188,"t":1791306833.792438}
{"ev":"accepted","peer":"2:4068603861","pid":1188,"t":1791306833.798065}
{"ev":"accepted","peer":"2:1668839089","pid":1188,"t":1791306833.804207}
{"ev":"accepted","peer":"2:812786403","pid":1188,"t":1791306833.809419}
{"ev":"accepted","peer":"2:866664818","pid":1188,"t":1791306833.815138}
{"ev":"accepted","peer":"2:674233902","pid":1188,"t":1791306833.820607}
{"ev":"accepted","peer":"2:1981381846","pid":1188,"t":1791306833.826766}
{"ev":"accepted","peer":"2:2598112781","pid":1188,"t":1791306833.832756}
{"ev":"accepted","peer":"2:1863577251","pid":1188,"t":1791306833.838449}
{"ev":"accepted","peer":"2:2284715614","pid":1188,"t":1791306833.844561}
{"ev":"accepted","peer":"2:3064045406","pid":1188,"t":1791306833.850568}
{"ev":"accepted","peer":"2:394221708","pid":1188,"t":1791306833.856759}
{"ev":"accepted","peer":"2:1964627215","pid":1188,"t":1791306833.864951}
{"ev":"accepted","peer":"2:2456967891","pid":1188,"t":1791306833.87055}
{"ev":"accepted","peer":"2:2851731520","pid":1188,"t":1791306833.875858}
{"ev":"accepted","peer":"2:2535403638","pid":1188,"t":1791306833.881851}
{"ev":"accepted","peer":"2:2319632685","pid":1188,"t":1791306833.887294}
{"ev":"accepted","peer":"2:121019835","pid":1188,"t":1791306833.893388}
{"ev":"accepted","peer":"2:4220261561","pid":1188,"t":1791306833.899488}
{"ev":"accepted","peer":"2:1177281497","pid":1188,"t":1791306833.905597}
{"ev":"accepted","peer":"2:927663428","pid":1188,"t":1791306833.911616}
{"ev":"accepted","peer":"2:2392559461","pid":1188,"t":1791306833.91706}
{"ev":"accepted","peer":"2:2143982156","pid":1188,"t":1791306833.922139}
{"ev":"accepted","peer":"2:312400933","pid":1188,"t":1791306833.927393}
{"ev":"accepted","peer":"2:3554892063","pid":1188,"t":1791306833.933048}
{"ev":"accepted","peer":"2:2493868208","pid":1188,"t":1791306833.939276}
{"ev":"accepted","peer":"2:1142591986","pid":1188,"t":1791306833.945506}
{"ev":"accepted","peer":"2:1605669488","pid":1188,"t":1791306833.951669}
{"ev":"accepted","peer":"2:901431303","pid":1188,"t":1791306833.957395}
{"ev":"accepted","peer":"2:857664331","pid":1188,"t":1791306833.96243}
{"ev":"accepted","peer":"2:741204752","pid":1188,"t":1791306833.968101}
{"ev":"accepted","peer":"2:3281632558","pid":1188,"t":1791306833.974202}
{"ev":"accepted","peer":"2:2003012223","pid":1188,"t":1791306833.979799}
{"ev":"accepted","peer":"2:1510587916","pid":1188,"t":1791306833.984957}
{"ev":"accepted","peer":"2:3790847258","pid":1188,"t":1791306833.990209}
{"ev":"accepted","peer":"2:1256109241","pid":1188,"t":1791306833.995714}
{"ev":"accepted","peer":"2:1995729593","pid":1188,"t":1791306834.001788}
{"ev":"accepted","peer":"2:2758878212","pid":1188,"t":1791306834.00692}
{"ev":"accepted","peer":"2:3189241245","pid":1188,"t":1791306834.01249}
{"ev":"accepted","peer":"2:2381210477","pid":1188,"t":1791306834.018588}
{"ev":"accepted","peer":"2:3023925179","pid":1188,"t":1791306834.024705}
{"ev":"accepted","peer":"2:3992879997","pid":1188,"t":1791306834.0308}
{"ev":"accepted","peer":"2:183286887","pid":1188,"t":1791306834.036987}
{"ev":"accepted","peer":"2:4189431511","pid":1188,"t":1791306834.044278}
{"ev":"accepted","peer":"2:3817981880","pid":1188,"t":1791306834.05037}
{"ev":"accepted","peer":"2:3200956262","pid":1188,"t":1791306834.056157}
{"ev":"accepted","peer":"2:3709772582","pid":1188,"t":1791306834.06227}
{"ev":"accepted","peer":"2:4109052316","pid":1188,"t":1791306834.068727}
{"ev":"accepted","peer":"2:4132470735","pid":1188,"t":1791306834.07407}
{"ev":"accepted","peer":"2:794488546","pid":1188,"t":1791306834.079668}
{"ev":"accepted","peer":"2:974783942","pid":1188,"t":1791306834.085746}
{"ev":"accepted","peer":"2:3340758182","pid":1188,"t":1791306834.091814}
{"ev":"accepted","peer":"2:705663243","pid":1188,"t":1791306834.097895}
{"ev":"accepted","peer":"2:3501346891","pid":1188,"t":1791306834.103992}
{"ev":"accepted","peer":"2:2056342945","pid":1188,"t":1791306834.110075}
{"ev":"accepted","peer":"2:2977911006","pid":1188,"t":1791306834.115884}
{"ev":"accepted","peer":"2:1093224817","pid":1188,"t":1791306834.121702}
{"ev":"accepted","peer":"2:223812975","pid":1188,"t":1791306834.12789}
{"ev":"accepted","peer":"2:3223282881","pid":1188,"t":1791306834.13406}
{"ev":"accepted","peer":"2:3886380566","pid":1188,"t":1791306834.140081}
{"ev":"accepted","peer":"2:1345123110","pid":1188,"t":1791306834.146342}
{"ev":"accepted","peer":"2:2282637974","pid":1188,"t":1791306834.152555}
{"ev":"accepted","peer":"2:2750579882","pid":1188,"t":1791306834.158185}
{"ev":"accepted","peer":"2:2294247982","pid":1188,"t":1791306834.163616}
{"ev":"accepted","peer":"2:2498268323","pid":1188,"t":1791306834.169915}
{"ev":"accepted","peer":"2:258368196","pid":1188,"t":1791306834.176064}
{"ev":"accepted","peer":"2:4115301224","pid":1188,"t":1791306834.182002}
{"ev":"accepted","peer":"2:4168406977","pid":1188,"t":1791306834.187695}
{"ev":"accepted","peer":"2:1767941766","pid":1188,"t":1791306834.193217}
{"ev":"accepted","peer":"2:2508908643","pid":1188,"t":1791306834.199215}
{"ev":"accepted","peer":"2:2108473597","pid":1188,"t":1791306834.205215}
{"ev":"accepted","peer":"2:557153627","pid":1188,"t":1791306834.210892}
{"ev":"accepted","peer":"2:1722963953","pid":1188,"t":1791306834.21637}
{"ev":"accepted","peer":"2:3878876721","pid":1188,"t":1791306834.222086}
{"ev":"accepted","peer":"2:1243729325","pid":1188,"t":1791306834.228298}
{"ev":"accepted","peer":"2:85982286","pid":1188,"t":1791306834.234401}
{"ev":"accepted","peer":"2:1278216804","pid":1188,"t":1791306834.239522}
{"ev":"accepted","peer":"2:3646834548","pid":1188,"t":1791306834.245683}
{"ev":"accepted","peer":"2:3133500585","pid":1188,"t":1791306834.25177}
{"ev":"accepted","peer":"2:3402795976","pid":1188,"t":1791306834.257078}
{"ev":"accepted","peer":"2:2429629722","pid":1188,"t":1791306834.263103}
{"ev":"accepted","peer":"2:3698500508","pid":1188,"t":1791306834.269258}
{"ev":"accepted","peer":"2:2994147885","pid":1188,"t":1791306834.274769}
{"ev":"accepted","peer":"2:4079205673","pid":1188,"t":1791306834.280794}
{"ev":"accepted","peer":"2:4272190213","pid":1188,"t":1791306834.286948}
{"ev":"accepted","peer":"2:2768120306","pid":1188,"t":1791306834.292534}
{"ev":"accepted","peer":"2:259229797","pid":1188,"t":1791306834.297851}
{"ev":"accepted","peer":"2:1315773245","pid":1188,"t":1791306834.304055}
{"ev":"accepted","peer":"2:572155873","pid":1188,"t":1791306834.310103}
{"ev":"accepted","peer":"2:723388795","pid":1188,"t":1791306834.316342}
{"ev":"accepted","peer":"2:2279539276","pid":1188,"t":1791306834.32243}
{"ev":"accepted","peer":"2:3787221109","pid":1188,"t":1791306834.328745}
{"ev":"accepted","peer":"2:1508220482","pid":1188,"t":1791306834.33466}
{"ev":"accepted","peer":"2:4208087652","pid":1188,"t":1791306834.339844}
{"ev":"accepted","peer":"2:788859305","pid":1188,"t":1791306834.346068}
{"ev":"accepted","peer":"2:1529826796","pid":1188,"t":1791306834.351624}
{"ev":"accepted","peer":"2:3098798621","pid":1188,"t":1791306834.357634}
{"ev":"accepted","peer":"2:696601008","pid":1188,"t":1791306834.363983}
{"ev":"accepted","peer":"2:2294735610","pid":1188,"t":1791306834.370002}
{"ev":"accepted","peer":"2:24584956","pid":1188,"t":1791306834.376051}
{"ev":"accepted","peer":"2:1876382176","pid":1188,"t":1791306834.381923}
{"ev":"accepted","peer":"2:3650374320","pid":1188,"t":1791306834.387378}
{"ev":"accepted","peer":"2:3078696265","pid":1188,"t":1791306834.393417}
{"ev":"accepted","peer":"2:2802186437","pid":1188,"t":1791306834.39942}
{"ev":"accepted","peer":"2:2075259529","pid":1188,"t":1791306834.404997}
{"ev":"accepted","peer":"2:2674914795","pid":1188,"t":1791306834.411056}
{"ev":"accepted","peer":"2:255178347","pid":1188,"t":1791306834.416472}
{"ev":"accepted","peer":"2:2814514563","pid":1188,"t":1791306834.422705}
{"ev":"accepted","peer":"2:1935422340","pid":1188,"t":1791306834.428632}
{"ev":"accepted","peer":"2:2078672377","pid":1188,"t":1791306834.435161}
{"ev":"accepted","peer":"2:591865269","pid":1188,"t":1791306834.441323}
{"ev":"accepted","peer":"2:2982575362","pid":1188,"t":1791306834.447519}
{"ev":"accepted","peer":"2:3524509791","pid":1188,"t":1791306834.45357}
{"ev":"accepted","peer":"2:1747038833","pid":1188,"t":1791306834.458676}
{"ev":"accepted","peer":"2:839124927","pid":1188,"t":1791306834.463706}
{"ev":"accepted","peer":"2:1177997581","pid":1188,"t":1791306834.469692}
{"ev":"accepted","peer":"2:3817393396","pid":1188,"t":1791306834.475709}
{"ev":"accepted","peer":"2:2467792354","pid":1188,"t":1791306834.481853}
{"ev":"accepted","peer":"2:1378393532","pid":1188,"t":1791306834.487274}
{"ev":"accepted","peer":"2:4100558966","pid":1188,"t":1791306834.492395}
{"ev":"accepted","peer":"2:2454866791","pid":1188,"t":1791306834.497975}
{"ev":"accepted","peer":"2:1564195148","pid":1188,"t":1791306834.504144}
{"ev":"accepted","peer":"2:994287741","pid":1188,"t":1791306834.510284}
{"ev":"accepted","peer":"2:2856255355","pid":1188,"t":1791306834.516399}
{"ev":"accepted","peer":"2:3584924291","pid":1188,"t":1791306834.522524}
{"ev":"accepted","peer":"2:418806940","pid":1188,"t":1791306834.52867}
{"ev":"accepted","peer":"2:3798070291","pid":1188,"t":1791306834.534927}
{"ev":"accepted","peer":"2:3990158484","pid":1188,"t":1791306834.540962}
{"ev":"accepted","peer":"2:2486408331","pid":1188,"t":1791306834.546663}
{"ev":"accepted","peer":"2:1249745063","pid":1188,"t":1791306834.552509}
{"ev":"accepted","peer":"2:2902511324","pid":1188,"t":1791306834.558248}
{"ev":"accepted","peer":"2:3124053336","pid":1188,"t":1791306834.5651}
{"ev":"accepted","peer":"2:1155332534","pid":1188,"t":1791306834.571264}
{"ev":"accepted","peer":"2:2921174394","pid":1188,"t":1791306834.577403}
{"ev":"accepted","peer":"2:63392390","pid":1188,"t":1791306834.584022}
{"ev":"accepted","peer":"2:83153849","pid":1188,"t":1791306834.589875}
{"ev":"accepted","peer":"2:3601616561","pid":1188,"t":1791306834.595989}
{"ev":"accepted","peer":"2:1940070532","pid":1188,"t":1791306834.605322}
{"ev":"accepted","peer":"2:317944438","pid":1188,"t":1791306834.609496}
{"ev":"accepted","peer":"2:3150533059","pid":1188,"t":1791306834.615685}
{"ev":"accepted","peer":"2:3707228012","pid":1188,"t":1791306834.621909}
{"ev":"accepted","peer":"2:1039302677","pid":1188,"t":1791306834.627996}
{"ev":"accepted","peer":"2:703334299","pid":1188,"t":1791306834.633693}
{"ev":"accepted","peer":"2:2749630885","pid":1188,"t":1791306834.639836}
{"ev":"accepted","peer":"2:1672700338","pid":1188,"t":1791306834.645229}
{"ev":"accepted","peer":"2:3432676833","pid":1188,"t":1791306834.650764}
{"ev":"accepted","peer":"2:2133870051","pid":1188,"t":1791306834.656777}
{"ev":"accepted","peer":"2:4145030596","pid":1188,"t":1791306834.662344}
{"ev":"accepted","peer":"2:2570019750","pid":1188,"t":1791306834.668187}
{"ev":"accepted","peer":"2:2422591686","pid":1188,"t":1791306834.673585}
{"ev":"accepted","peer":"2:3633410643","pid":1188,"t":1791306834.679263}
{"ev":"accepted","peer":"2:3898887853","pid":1188,"t":1791306834.684491}
{"ev":"accepted","peer":"2:15055768","pid":1188,"t":1791306834.691158}
{"ev":"accepted","peer":"2:660059801","pid":1188,"t":1791306834.699363}
{"ev":"accepted","peer":"2:3737915765","pid":1188,"t":1791306834.705526}
{"ev":"accepted","peer":"2:3248182306","pid":1188,"t":1791306834.711883}
{"ev":"accepted","peer":"2:2379684129","pid":1188,"t":1791306834.716913}
{"ev":"accepted","peer":"2:4204304811","pid":1188,"t":1791306834.723113}
{"ev":"accepted","peer":"2:2194032300","pid":1188,"t":1791306834.732938}
{"ev":"accepted","peer":"2:4135957117","pid":1188,"t":1791306834.739168}
{"ev":"accepted","peer":"2:1465310452","pid":1188,"t":1791306834.74444}
{"ev":"accepted","peer":"2:1802228845","pid":1188,"t":1791306834.749969}
{"ev":"accepted","peer":"2:3302384965","pid":1188,"t":1791306834.75586}
{"ev":"accepted","peer":"2:3899679044","pid":1188,"t":1791306834.761953}
{"ev":"accepted","peer":"2:239303092","pid":1188,"t":1791306834.76811}
{"ev":"accepted","peer":"2:4175422919","pid":1188,"t":1791306834.77367}
{"ev":"accepted","peer":"2:107685824","pid":1188,"t":1791306834.779222}
{"ev":"accepted","peer":"2:412110281","pid":1188,"t":1791306834.785553}
{"ev":"accepted","peer":"2:1203872569","pid":1188,"t":1791306834.791662}
{"ev":"accepted","peer":"2:1043391848","pid":1188,"t":1791306834.797975}
{"ev":"accepted","peer":"2:996954091","pid":1188,"t":1791306834.804051}
{"ev":"accepted","peer":"2:3945614715","pid":1188,"t":1791306834.810164}
{"ev":"accepted","peer":"2:1510252335","pid":1188,"t":1791306834.816367}
{"ev":"accepted","peer":"2:4285343936","pid":1188,"t":1791306834.822257}
{"ev":"accepted","peer":"2:2929482252","pid":1188,"t":1791306834.828589}
{"ev":"accepted","peer":"2:914905706","pid":1188,"t":1791306834.83567}
{"ev":"accepted","peer":"2:4010829647","pid":1188,"t":1791306834.84099}
{"ev":"accepted","peer":"2:1700477119","pid":1188,"t":1791306834.847425}
{"ev":"accepted","peer":"2:3184564922","pid":1188,"t":1791306834.853843}
{"ev":"accepted","peer":"2:793413894","pid":1188,"t":1791306834.860053}
{"ev":"accepted","peer":"2:3862834858","pid":1188,"t":1791306834.866386}
{"ev":"accepted","peer":"2:1911502494","pid":1188,"t":1791306834.873138}
{"ev":"accepted","peer":"2:1087211500","pid":1188,"t":1791306834.879326}
{"ev":"accepted","peer":"2:449466521","pid":1188,"t":1791306834.885415}
{"ev":"accepted","peer":"2:1022395318","pid":1188,"t":1791306834.891478}
{"ev":"accepted","peer":"2:623959752","pid":1188,"t":1791306834.898482}
{"ev":"accepted","peer":"2:1247264453","pid":1188,"t":1791306834.904566}
{"ev":"accepted","peer":"2:3865226330","pid":1188,"t":1791306834.910641}
{"ev":"accepted","peer":"2:3897327747","pid":1188,"t":1791306834.916822}
{"ev":"accepted","peer":"2:2897890528","pid":1188,"t":1791306834.923011}
{"ev":"start","pid":1202,"port":1024,"t":1791306834.935367,"uid":0}
{"ev":"listening","pid":1202,"t":1791306834.935492}
{"ev":"accepted","peer":"2:1553909831","pid":1202,"t":1791306834.941279}
{"ev":"accepted","peer":"2:3235779124","pid":1202,"t":1791306834.94743}
{"ev":"accepted","peer":"2:459269983","pid":1202,"t":1791306834.953545}
{"ev":"accepted","peer":"2:2257558426","pid":1202,"t":1791306834.95953}
{"ev":"accepted","peer":"2:2822312269","pid":1202,"t":1791306834.965525}
{"ev":"accepted","peer":"2:4267730096","pid":1202,"t":1791306834.971612}
{"ev":"accepted","peer":"2:1691002810","pid":1202,"t":1791306834.977652}
{"ev":"accepted","peer":"2:1104333230","pid":1202,"t":1791306834.983202}
{"ev":"accepted","peer":"2:1252493454","pid":1202,"t":1791306834.989352}
{"ev":"accepted","peer":"2:2755739214","pid":1202,"t":1791306834.995039}
{"ev":"accepted","peer":"2:3226379618","pid":1202,"t":1791306835.00111}
{"ev":"accepted","peer":"2:2412524105","pid":1202,"t":1791306835.007233}
{"ev":"accepted","peer":"2:3260220395","pid":1202,"t":1791306835.013365}
{"ev":"accepted","peer":"2:3168458610","pid":1202,"t":1791306835.019567}
{"ev":"accepted","peer":"2:732546249","pid":1202,"t":1791306835.025677}
{"ev":"accepted","peer":"2:597535339","pid":1202,"t":1791306835.031674}
{"ev":"accepted","peer":"2:1394035608","pid":1202,"t":1791306835.037788}
{"ev":"accepted","peer":"2:3329007393","pid":1202,"t":1791306835.043982}
{"ev":"accepted","peer":"2:3653176243","pid":1202,"t":1791306835.049959}
{"ev":"accepted","peer":"2:2906860064","pid":1202,"t":1791306835.056126}
{"ev":"accepted","peer":"2:4030587809","pid":1202,"t":1791306835.061421}
{"ev":"accepted","peer":"2:3919241208","pid":1202,"t":1791306835.066903}
{"ev":"accepted","peer":"2:3988071329","pid":1202,"t":1791306835.073089}
{"ev":"accepted","peer":"2:1208309479","pid":1202,"t":1791306835.07911}
{"ev":"accepted","peer":"2:3505236905","pid":1202,"t":1791306835.084495}
{"ev":"accepted","peer":"2:2550352858","pid":1202,"t":1791306835.090789}
{"ev":"accepted","peer":"2:2058563811","pid":1202,"t":1791306835.096775}
{"ev":"accepted","peer":"2:928850246","pid":1202,"t":1791306835.1029}
{"ev":"accepted","peer":"2:2155191717","pid":1202,"t":1791306835.108219}
{"ev":"accepted","peer":"2:3845321675","pid":1202,"t":1791306835.113393}
{"ev":"accepted","peer":"2:1820848312","pid":1202,"t":1791306835.118924}
{"ev":"accepted","peer":"2:411394290","pid":1202,"t":1791306835.124291}
{"ev":"accepted","peer":"2:4142644775","pid":1202,"t":1791306835.131391}
{"ev":"accepted","peer":"2:1704716828","pid":1202,"t":1791306835.136747}
{"ev":"accepted","peer":"2:1549710850","pid":1202,"t":1791306835.142863}
{"ev":"accepted","peer":"2:477571408","pid":1202,"t":1791306835.148915}
{"ev":"accepted","peer":"2:1928614177","pid":1202,"t":1791306835.154248}
{"ev":"accepted","peer":"2:2228192855","pid":1202,"t":1791306835.160259}
{"ev":"accepted","peer":"2:3089405433","pid":1202,"t":1791306835.166538}
{"ev":"accepted","peer":"2:686041017","pid":1202,"t":1791306835.17259}
{"ev":"accepted","peer":"2:4292234539","pid":1202,"t":1791306835.178684}
{"ev":"accepted","peer":"2:1694850840","pid":1202,"t":1791306835.184716}
{"ev":"accepted","peer":"2:3740546257","pid":1202,"t":1791306835.189765}
{"ev":"accepted","peer":"2:681448850","pid":1202,"t":1791306835.195938}
{"ev":"accepted","peer":"2:1560904986","pid":1202,"t":1791306835.202107}
{"ev":"accepted","peer":"2:2400812442","pid":1202,"t":1791306835.208134}
{"ev":"accepted","peer":"2:4224545255","pid":1202,"t":1791306835.214192}
{"ev":"accepted","peer":"2:3402968772","pid":1202,"t":1791306835.219434}
{"ev":"accepted","peer":"2:3745111608","pid":1202,"t":1791306835.22475}
{"ev":"accepted","peer":"2:3710506955","pid":1202,"t":1791306835.230751}
{"ev":"accepted","peer":"2:1320139828","pid":1202,"t":1791306835.23681}
{"ev":"accepted","peer":"2:1433248211","pid":1202,"t":1791306835.24308}
{"ev":"accepted","peer":"2:22570774","pid":1202,"t":1791306835.249127}
{"ev":"accepted","peer":"2:1645458684","pid":1202,"t":1791306835.255222}
{"ev":"accepted","peer":"2:982620987","pid":1202,"t":1791306835.260663}
{"ev":"accepted","peer":"2:810894171","pid":1202,"t":1791306835.267473}
{"ev":"accepted","peer":"2:2365131468","pid":1202,"t":1791306835.273486}
{"ev":"accepted","peer":"2:2926191515","pid":1202,"t":1791306835.279634}
{"ev":"accepted","peer":"2:1257576072","pid":1202,"t":1791306835.285538}
{"ev":"accepted","peer":"2:2716229948","pid":1202,"t":1791306835.291593}
{"ev":"accepted","peer":"2:793997819","pid":1202,"t":1791306835.297714}
{"ev":"accepted","peer":"2:3842453627","pid":1202,"t":1791306835.303796}
{"ev":"accepted","peer":"2:1936877919","pid":1202,"t":1791306835.309481}
{"ev":"accepted","peer":"2:709773165","pid":1202,"t":1791306835.314819}
{"ev":"accepted","peer":"2:2831602481","pid":1202,"t":1791306835.320837}
{"ev":"accepted","peer":"2:3813053135","pid":1202,"t":1791306835.327049}
{"ev":"accepted","peer":"2:3152102358","pid":1202,"t":1791306835.333356}
{"ev":"accepted","peer":"2:3411979992","pid":1202,"t":1791306835.339382}
{"ev":"accepted","peer":"2:2058187855","pid":1202,"t":1791306835.344778}
{"ev":"accepted","peer":"2:3601118237","pid":1202,"t":1791306835.350104}
{"ev":"accepted","peer":"2:2607160915","pid":1202,"t":1791306835.35595}
{"ev":"accepted","peer":"2:3040096207","pid":1202,"t":1791306835.362066}
{"ev":"accepted","peer":"2:2166181167","pid":1202,"t":1791306835.368212}
{"ev":"accepted","peer":"2:764314549","pid":1202,"t":1791306835.374421}
{"ev":"accepted","peer":"2:1534523651","pid":1202,"t":1791306835.380445}
{"ev":"accepted","peer":"2:1174563734","pid":1202,"t":1791306835.386703}
{"ev":"accepted","peer":"2:1051650202","pid":1202,"t":1791306835.392869}
{"ev":"accepted","peer":"2:3929598849","pid":1202,"t":1791306835.399142}
{"ev":"accepted","peer":"2:1014413905","pid":1202,"t":1791306835.405292}
{"ev":"accepted","peer":"2:1650181637","pid":1202,"t":1791306835.41138}
{"ev":"accepted","peer":"2:926133445","pid":1202,"t":1791306835.416603}
{"ev":"accepted","peer":"2:244068325","pid":1202,"t":1791306835.422695}
{"ev":"accepted","peer":"2:2041537311","pid":1202,"t":1791306835.428161}
{"ev":"accepted","peer":"2:121856055","pid":1202,"t":1791306835.433391}
{"ev":"accepted","peer":"2:1317402706","pid":1202,"t":1791306835.43966}
{"ev":"accepted","peer":"2:3719924562","pid":1202,"t":1791306835.444678}
{"ev":"accepted","peer":"2:3469140862","pid":1202,"t":1791306835.449942}
{"ev":"accepted","peer":"2:932580624","pid":1202,"t":1791306835.455989}
{"ev":"accepted","peer":"2:3925698618","pid":1202,"t":1791306835.461238}
{"ev":"accepted","peer":"2:1443545289","pid":1202,"t":1791306835.46688}
{"ev":"accepted","peer":"2:1642539102","pid":1202,"t":1791306835.473017}
{"ev":"accepted","peer":"2:2429482401","pid":1202,"t":1791306835.478512}
{"ev":"accepted","peer":"2:90057546","pid":1202,"t":1791306835.483735}
{"ev":"accepted","peer":"2:1409399201","pid":1202,"t":1791306835.488979}
{"ev":"accepted","peer":"2:2769194298","pid":1202,"t":1791306835.495148}
{"ev":"accepted","peer":"2:1588395534","pid":1202,"t":1791306835.5012}
{"ev":"accepted","peer":"2:836551315","pid":1202,"t":1791306835.507385}
{"ev":"accepted","peer":"2:621903070","pid":1202,"t":1791306835.512922}
{"ev":"accepted","peer":"2:4183561626","pid":1202,"t":1791306835.519085}
{"ev":"accepted","peer":"2:1271128335","pid":1202,"t":1791306835.524831}
{"ev":"accepted","peer":"2:3212887992","pid":1202,"t":1791306835.531346}
{"ev":"accepted","peer":"2:2697966212","pid":1202,"t":1791306835.537303}
{"ev":"accepted","peer":"2:3507574705","pid":1202,"t":1791306835.543393}
{"ev":"accepted","peer":"2:3897745659","pid":1202,"t":1791306835.549548}
{"ev":"accepted","peer":"2:4029210660","pid":1202,"t":1791306835.55574}
{"ev":"accepted","peer":"2:1906326455","pid":1202,"t":1791306835.561499}
{"ev":"accepted","peer":"2:2933875739","pid":1202,"t":1791306835.567595}
{"ev":"accepted","peer":"2:1550914824","pid":1202,"t":1791306835.572817}
{"ev":"accepted","peer":"2:1148554063","pid":1202,"t":1791306835.577982}
{"ev":"accepted","peer":"2:2373381203","pid":1202,"t":1791306835.58333}
{"ev":"accepted","peer":"2:3932701199","pid":1202,"t":1791306835.589428}
{"ev":"accepted","peer":"2:3394148177","pid":1202,"t":1791306835.595645}
{"ev":"accepted","peer":"2:3743361500","pid":1202,"t":1791306835.601755}
{"ev":"accepted","peer":"2:251168521","pid":1202,"t":1791306835.607838}
{"ev":"accepted","peer":"2:2560247696","pid":1202,"t":1791306835.614056}
{"ev":"accepted","peer":"2:1050908101","pid":1202,"t":1791306835.619522}
{"ev":"accepted","peer":"2:2078910155","pid":1202,"t":1791306835.625634}
{"ev":"accepted","peer":"2:2026812166","pid":1202,"t":1791306835.631784}
{"ev":"accepted","peer":"2:1938734501","pid":1202,"t":1791306835.637981}
{"ev":"accepted","peer":"2:461687011","pid":1202,"t":1791306835.644058}
{"ev":"accepted","peer":"2:599375054","pid":1202,"t":1791306835.64955}
{"ev":"accepted","peer":"2:2771406925","pid":1202,"t":1791306835.655574}
{"ev":"accepted","peer":"2:1315270909","pid":1202,"t":1791306835.661711}
{"ev":"accepted","peer":"2:2835369998","pid":1202,"t":1791306835.666888}
{"ev":"accepted","peer":"2:228069562","pid":1202,"t":1791306835.67299}
{"ev":"accepted","peer":"2:2519478890","pid":1202,"t":1791306835.679086}
{"ev":"accepted","peer":"2:93385909","pid":1202,"t":1791306835.684817}
{"ev":"accepted","peer":"2:595011990","pid":1202,"t":1791306835.690808}
{"ev":"accepted","peer":"2:2522462205","pid":1202,"t":1791306835.697209}
{"ev":"accepted","peer":"2:2270987675","pid":1202,"t":1791306835.702895}
{"ev":"accepted","peer":"2:4194755671","pid":1202,"t":1791306835.708981}
{"ev":"accepted","peer":"2:2354246440","pid":1202,"t":1791306835.715055}
{"ev":"accepted","peer":"2:949069","pid":1202,"t":1791306835.720908}
{"ev":"accepted","peer":"2:955002538","pid":1202,"t":1791306835.727246}
{"ev":"accepted","peer":"2:2987730868","pid":1202,"t":1791306835.73322}
{"ev":"accepted","peer":"2:566769317","pid":1202,"t":1791306835.738878}
{"ev":"accepted","peer":"2:3757308406","pid":1202,"t":1791306835.745065}
{"ev":"accepted","peer":"2:809730835","pid":1202,"t":1791306835.750134}
{"ev":"accepted","peer":"2:99650572","pid":1202,"t":1791306835.756229}
{"ev":"accepted","peer":"2:2443573468","pid":1202,"t":1791306835.761552}
{"ev":"accepted","peer":"2:2562242792","pid":1202,"t":1791306835.766888}
{"ev":"accepted","peer":"2:2654409427","pid":1202,"t":1791306835.773}
{"ev":"accepted","peer":"2:1672708282","pid":1202,"t":1791306835.779175}
{"ev":"accepted","peer":"2:1628804633","pid":1202,"t":1791306835.78528}
{"ev":"accepted","peer":"2:4107892038","pid":1202,"t":1791306835.791515}
{"ev":"accepted","peer":"2:4131940738","pid":1202,"t":1791306835.797504}
{"ev":"accepted","peer":"2:247479809","pid":1202,"t":1791306835.803691}
{"ev":"accepted","peer":"2:1403174692","pid":1202,"t":1791306835.809786}
{"ev":"accepted","peer":"2:123889997","pid":1202,"t":1791306835.815234}
{"ev":"accepted","peer":"2:3868690045","pid":1202,"t":1791306835.820886}
{"ev":"accepted","peer":"2:2874633055","pid":1202,"t":1791306835.826265}
{"ev":"accepted","peer":"2:2768710739","pid":1202,"t":1791306835.831531}
{"ev":"accepted","peer":"2:3459077964","pid":1202,"t":1791306835.837746}
{"ev":"accepted","peer":"2:1925861847","pid":1202,"t":1791306835.843707}
{"ev":"accepted","peer":"2:756748947","pid":1202,"t":1791306835.849822}
{"ev":"accepted","peer":"2:2263213482","pid":1202,"t":1791306835.855974}
{"ev":"accepted","peer":"2:2734023561","pid":1202,"t":1791306835.86097}
{"ev":"accepted","peer":"2:2774588387","pid":1202,"t":1791306835.866251}
{"ev":"accepted","peer":"2:2230673097","pid":1202,"t":1791306835.872406}
{"ev":"accepted","peer":"2:1018126826","pid":1202,"t":1791306835.87846}
{"ev":"accepted","peer":"2:330231652","pid":1202,"t":1791306835.884549}
{"ev":"accepted","peer":"2:735263628","pid":1202,"t":1791306835.890696}
{"ev":"accepted","peer":"2:7892237","pid":1202,"t":1791306835.895831}
{"ev":"accepted","peer":"2:634668123","pid":1202,"t":1791306835.90099}
{"ev":"accepted","peer":"2:3087045201","pid":1202,"t":1791306835.906683}
{"ev":"accepted","peer":"2:244500170","pid":1202,"t":1791306835.912863}
{"ev":"accepted","peer":"2:4190342702","pid":1202,"t":1791306835.918862}
{"ev":"accepted","peer":"2:3267935030","pid":1202,"t":1791306835.925052}
{"ev":"accepted","peer":"2:927213742","pid":1202,"t":1791306835.931153}
{"ev":"accepted","peer":"2:982542618","pid":1202,"t":1791306835.937416}
{"ev":"accepted","peer":"2:1986416116","pid":1202,"t":1791306835.943547}
{"ev":"accepted","peer":"2:3568028800","pid":1202,"t":1791306835.949661}
{"ev":"accepted","peer":"2:796486876","pid":1202,"t":1791306835.955846}
{"ev":"accepted","peer":"2:1058962146","pid":1202,"t":1791306835.961906}
{"ev":"accepted","peer":"2:3307106368","pid":1202,"t":1791306835.967984}
{"ev":"accepted","peer":"2:1892733780","pid":1202,"t":1791306835.974149}
{"ev":"accepted","peer":"2:4074576935","pid":1202,"t":1791306835.979269}
{"ev":"accepted","peer":"2:1473871086","pid":1202,"t":1791306835.984381}
{"ev":"accepted","peer":"2:2866139284","pid":1202,"t":1791306835.990265}
{"ev":"accepted","peer":"2:4014865225","pid":1202,"t":1791306835.996266}
{"ev":"accepted","peer":"2:4225256414","pid":1202,"t":1791306836.002018}
{"ev":"accepted","peer":"2:866100245","pid":1202,"t":1791306836.008289}
{"ev":"accepted","peer":"2:1000731768","pid":1202,"t":1791306836.014346}
{"ev":"accepted","peer":"2:2374128333","pid":1202,"t":1791306836.02063}
{"ev":"accepted","peer":"2:2780203859","pid":1202,"t":1791306836.026105}
{"ev":"accepted","peer":"2:2213820520","pid":1202,"t":1791306836.032216}
{"ev":"accepted","peer":"2:1740591838","pid":1202,"t":1791306836.038448}
{"ev":"accepted","peer":"2:4154325682","pid":1202,"t":1791306836.0445}
{"ev":"accepted","peer":"2:3714740727","pid":1202,"t":1791306836.049812}
{"ev":"accepted","peer":"2:1056400391","pid":1202,"t":1791306836.055874}
{"ev":"accepted","peer":"2:286549394","pid":1202,"t":1791306836.061975}
{"ev":"accepted","peer":"2:451489611","pid":1202,"t":1791306836.068096}
{"ev":"accepted","peer":"2:2074640813","pid":1202,"t":1791306836.073482}
{"ev":"accepted","peer":"2:1459407011","pid":1202,"t":1791306836.079616}
{"ev":"accepted","peer":"2:3747264448","pid":1202,"t":1791306836.08568}
{"ev":"accepted","peer":"2:3257296251","pid":1202,"t":1791306836.091074}
{"ev":"accepted","peer":"2:3131362881","pid":1202,"t":1791306836.096533}
{"ev":"accepted","peer":"2:2931812982","pid":1202,"t":1791306836.101705}
{"ev":"accepted","peer":"2:1921415151","pid":1202,"t":1791306836.10692}
{"ev":"accepted","peer":"2:2817686732","pid":1202,"t":1791306836.113012}
{"ev":"accepted","peer":"2:833368656","pid":1202,"t":1791306836.118597}
{"ev":"accepted","peer":"2:3802415796","pid":1202,"t":1791306836.124761}
{"ev":"accepted","peer":"2:1755842780","pid":1202,"t":1791306836.130956}
{"ev":"accepted","peer":"2:1048369495","pid":1202,"t":1791306836.137086}
{"ev":"accepted","peer":"2:4211884994","pid":1202,"t":1791306836.143362}
{"ev":"accepted","peer":"2:3933963187","pid":1202,"t":1791306836.149439}
{"ev":"accepted","peer":"2:3310581677","pid":1202,"t":1791306836.154884}
{"ev":"accepted","peer":"2:1752064848","pid":1202,"t":1791306836.160947}
{"ev":"accepted","peer":"2:3862743888","pid":1202,"t":1791306836.166581}
{"ev":"accepted","peer":"2:1873601227","pid":1202,"t":1791306836.172628}
{"ev":"accepted","peer":"2:2499370188","pid":1202,"t":1791306836.178705}
{"ev":"accepted","peer":"2:825426757","pid":1202,"t":1791306836.184881}
{"ev":"accepted","peer":"2:111887651","pid":1202,"t":1791306836.190982}
{"ev":"accepted","peer":"2:89523934","pid":1202,"t":1791306836.197168}
{"ev":"accepted","peer":"2:2281328796","pid":1202,"t":1791306836.202464}
{"ev":"accepted","peer":"2:3137071511","pid":1202,"t":1791306836.208105}
{"ev":"accepted","peer":"2:524597896","pid":1202,"t":1791306836.213985}
{"ev":"accepted","peer":"2:939035662","pid":1202,"t":1791306836.220003}
{"ev":"accepted","peer":"2:1800984548","pid":1202,"t":1791306836.225855}
{"ev":"accepted","peer":"2:4050266530","pid":1202,"t":1791306836.231146}
{"ev":"accepted","peer":"2:3141424615","pid":1202,"t":1791306836.237043}
{"ev":"accepted","peer":"2:856001961","pid":1202,"t":1791306836.243254}
{"ev":"accepted","peer":"2:3499395077","pid":1202,"t":1791306836.24891}
{"ev":"accepted","peer":"2:2271396299","pid":1202,"t":1791306836.25494}
{"ev":"accepted","peer":"2:474476644","pid":1202,"t":1791306836.260984}
{"ev":"accepted","peer":"2:3487853415","pid":1202,"t":1791306836.266624}
{"ev":"accepted","peer":"2:3562675020","pid":1202,"t":1791306836.272722}
{"ev":"accepted","peer":"2:3344882645","pid":1202,"t":1791306836.278803}
{"ev":"accepted","peer":"2:1561855883","pid":1202,"t":1791306836.284975}
{"ev":"accepted","peer":"2:1370703436","pid":1202,"t":1791306836.290648}
{"ev":"accepted","peer":"2:4067726373","pid":1202,"t":1791306836.29667}
{"ev":"accepted","peer":"2:4183415767","pid":1202,"t":1791306836.302815}
{"ev":"accepted","peer":"2:3835596130","pid":1202,"t":1791306836.308444}
{"ev":"accepted","peer":"2:3217202497","pid":1202,"t":1791306836.313821}
{"ev":"accepted","peer":"2:2942493070","pid":1202,"t":1791306836.319935}
{"ev":"accepted","peer":"2:1778709396","pid":1202,"t":1791306836.326036}
{"ev":"accepted","peer":"2:3288360286","pid":1202,"t":1791306836.33186}
{"ev":"accepted","peer":"2:2103507983","pid":1202,"t":1791306836.337944}
{"ev":"accepted","peer":"2:48364690","pid":1202,"t":1791306836.344099}
{"ev":"accepted","peer":"2:4193606819","pid":1202,"t":1791306836.350647}
{"ev":"accepted","peer":"2:256373786","pid":1202,"t":1791306836.356073}
{"ev":"accepted","peer":"2:901595473","pid":1202,"t":1791306836.362134}
{"ev":"accepted","peer":"2:2387742481","pid":1202,"t":1791306836.368258}
{"ev":"accepted","peer":"2:3864313346","pid":1202,"t":1791306836.373522}
{"ev":"accepted","peer":"2:2366485609","pid":1202,"t":1791306836.378687}
{"ev":"accepted","peer":"2:486136591","pid":1202,"t":1791306836.384594}
{"ev":"accepted","peer":"2:1517637076","pid":1202,"t":1791306836.390826}
{"ev":"accepted","peer":"2:4199595685","pid":1202,"t":1791306836.396711}
{"ev":"accepted","peer":"2:2742583500","pid":1202,"t":1791306836.402894}
{"ev":"accepted","peer":"2:3257270630","pid":1202,"t":1791306836.408365}
{"ev":"accepted","peer":"2:3628012743","pid":1202,"t":1791306836.41435}
{"ev":"accepted","peer":"2:3346938613","pid":1202,"t":1791306836.41963}
{"ev":"accepted","peer":"2:1558446667","pid":1202,"t":1791306836.424823}
{"ev":"accepted","peer":"2:2122319361","pid":1202,"t":1791306836.430608}
{"ev":"accepted","peer":"2:109430815","pid":1202,"t":1791306836.436689}
{"ev":"accepted","peer":"2:2506891049","pid":1202,"t":1791306836.442205}
{"ev":"accepted","peer":"2:1827889682","pid":1202,"t":1791306836.448287}
{"ev":"accepted","peer":"2:2316529314","pid":1202,"t":1791306836.454519}
{"ev":"accepted","peer":"2:2019556733","pid":1202,"t":1791306836.459991}
{"ev":"accepted","peer":"2:2624737176","pid":1202,"t":1791306836.465212}
{"ev":"accepted","peer":"2:3843188566","pid":1202,"t":1791306836.470407}
{"ev":"accepted","peer":"2:1950279508","pid":1202,"t":1791306836.476352}
{"ev":"accepted","peer":"2:3932101467","pid":1202,"t":1791306836.482431}
{"ev":"accepted","peer":"2:1376193428","pid":1202,"t":1791306836.488498}
{"ev":"accepted","peer":"2:3775870655","pid":1202,"t":1791306836.49469}
{"ev":"accepted","peer":"2:2979222866","pid":1202,"t":1791306836.500186}
{"ev":"accepted","peer":"2:37156011","pid":1202,"t":1791306836.506296}
{"ev":"accepted","peer":"2:379091660","pid":1202,"t":1791306836.512285}
{"ev":"accepted","peer":"2:2313235125","pid":1202,"t":1791306836.517943}
{"ev":"accepted","peer":"2:1370014082","pid":1202,"t":1791306836.524041}
{"ev":"accepted","peer":"2:1135894002","pid":1202,"t":1791306836.530255}
{"ev":"accepted","peer":"2:1033439731","pid":1202,"t":1791306836.535864}
{"ev":"accepted","peer":"2:316178396","pid":1202,"t":1791306836.542443}
{"ev":"accepted","peer":"2:567356476","pid":1202,"t":1791306836.549582}
{"ev":"accepted","peer":"2:2545678928","pid":1202,"t":1791306836.555566}
{"ev":"accepted","peer":"2:1197012403","pid":1202,"t":1791306836.561812}
{"ev":"accepted","peer":"2:1657039918","pid":1202,"t":1791306836.567997}
{"ev":"accepted","peer":"2:664888396","pid":1202,"t":1791306836.57415}
{"ev":"accepted","peer":"2:3754658198","pid":1202,"t":1791306836.580436}
{"ev":"accepted","peer":"2:2729196114","pid":1202,"t":1791306836.586558}
{"ev":"accepted","peer":"2:3826805600","pid":1202,"t":1791306836.592507}
{"ev":"accepted","peer":"2:427418569","pid":1202,"t":1791306836.598576}
{"ev":"accepted","peer":"2:3335978143","pid":1202,"t":1791306836.604952}
{"ev":"accepted","peer":"2:4294894020","pid":1202,"t":1791306836.614338}
{"ev":"accepted","peer":"2:974859161","pid":1202,"t":1791306836.620497}
{"ev":"accepted","peer":"2:2989792630","pid":1202,"t":1791306836.626578}
{"ev":"accepted","peer":"2:3114856573","pid":1202,"t":1791306836.632679}
{"ev":"accepted","peer":"2:2774941678","pid":1202,"t":1791306836.638873}
{"ev":"accepted","peer":"2:2525127342","pid":1202,"t":1791306836.644721}
{"ev":"accepted","peer":"2:3438995923","pid":1202,"t":1791306836.649971}
{"ev":"accepted","peer":"2:2995865693","pid":1202,"t":1791306836.656157}
{"ev":"accepted","peer":"2:1433324562","pid":1202,"t":1791306836.662248}
{"ev":"accepted","peer":"2:1018331674","pid":1202,"t":1791306836.668366}
{"ev":"accepted","peer":"2:2558122460","pid":1202,"t":1791306836.674436}
{"ev":"accepted","peer":"2:3649293736","pid":1202,"t":1791306836.679588}
{"ev":"accepted","peer":"2:4138446990","pid":1202,"t":1791306836.685813}
{"ev":"accepted","peer":"2:3440463254","pid":1202,"t":1791306836.691641}
{"ev":"accepted","peer":"2:2969049768","pid":1202,"t":1791306836.697671}
{"ev":"accepted","peer":"2:568868123","pid":1202,"t":1791306836.703795}
{"ev":"accepted","peer":"2:2980860065","pid":1202,"t":1791306836.710109}
{"ev":"accepted","peer":"2:1790967769","pid":1202,"t":1791306836.71614}
{"ev":"accepted","peer":"2:1553072297","pid":1202,"t":1791306836.722133}
{"ev":"accepted","peer":"2:2857721979","pid":1202,"t":1791306836.728185}
{"ev":"accepted","peer":"2:383438098","pid":1202,"t":1791306836.7341}
{"ev":"accepted","peer":"2:3952797043","pid":1202,"t":1791306836.740117}
{"ev":"accepted","peer":"2:1595888586","pid":1202,"t":1791306836.74618}
{"ev":"accepted","peer":"2:469091653","pid":1202,"t":1791306836.752303}
{"ev":"accepted","peer":"2:3534421714","pid":1202,"t":1791306836.758527}
{"ev":"accepted","peer":"2:1625592864","pid":1202,"t":1791306836.764572}
{"ev":"accepted","peer":"2:1592387309","pid":1202,"t":1791306836.770729}
{"ev":"accepted","peer":"2:1143969528","pid":1202,"t":1791306836.77687}
{"ev":"accepted","peer":"2:2345780824","pid":1202,"t":1791306836.78288}
{"ev":"accepted","peer":"2:2214326595","pid":1202,"t":1791306836.78896}
{"ev":"accepted","peer":"2:3294604490","pid":1202,"t":1791306836.794769}
{"ev":"accepted","peer":"2:4249892244","pid":1202,"t":1791306836.799945}
{"ev":"accepted","peer":"2:1387660666","pid":1202,"t":1791306836.806072}
{"ev":"accepted","peer":"2:2809458148","pid":1202,"t":1791306836.812223}
{"ev":"accepted","peer":"2:4002894550","pid":1202,"t":1791306836.818255}
{"ev":"accepted","peer":"2:601702544","pid":1202,"t":1791306836.824005}
{"ev":"accepted","peer":"2:3508340610","pid":1202,"t":1791306836.830273}
{"ev":"accepted","peer":"2:1622370155","pid":1202,"t":1791306836.836391}
{"ev":"accepted","peer":"2:1069619624","pid":1202,"t":1791306836.841691}
{"ev":"accepted","peer":"2:2464006820","pid":1202,"t":1791306836.846853}
{"ev":"accepted","peer":"2:896701689","pid":1202,"t":1791306836.853012}
{"ev":"accepted","peer":"2:2989787324","pid":1202,"t":1791306836.858328}
{"ev":"accepted","peer":"2:1882709512","pid":1202,"t":1791306836.864141}
{"ev":"accepted","peer":"2:267496541","pid":1202,"t":1791306836.869999}
{"ev":"accepted","peer":"2:1397453131","pid":1202,"t":1791306836.875605}
{"ev":"accepted","peer":"2:749399269","pid":1202,"t":1791306836.881662}
{"ev":"accepted","peer":"2:2429598538","pid":1202,"t":1791306836.887761}
{"ev":"accepted","peer":"2:3475479317","pid":1202,"t":1791306836.893546}
{"ev":"accepted","peer":"2:764504752","pid":1202,"t":1791306836.899754}
{"ev":"accepted","peer":"2:1747990328","pid":1202,"t":1791306836.905188}
{"ev":"accepted","peer":"2:2384264474","pid":1202,"t":1791306836.910304}
{"ev":"accepted","peer":"2:985368305","pid":1202,"t":1791306836.916314}
{"ev":"accepted","peer":"2:712855545","pid":1202,"t":1791306836.92161}
{"ev":"accepted","peer":"2:2533541651","pid":1202,"t":1791306836.927049}
{"ev":"accepted","peer":"2:2964386133","pid":1202,"t":1791306836.932355}
{"ev":"accepted","peer":"2:960552032","pid":1202,"t":1791306836.93794}
{"ev":"accepted","peer":"2:1437967973","pid":1202,"t":1791306836.944115}
{"ev":"accepted","peer":"2:3486773506","pid":1202,"t":1791306836.950202}
{"ev":"accepted","peer":"2:90638837","pid":1202,"t":1791306836.95634}
{"ev":"accepted","peer":"2:1225687942","pid":1202,"t":1791306836.962507}
{"ev":"accepted","peer":"2:1931414413","pid":1202,"t":1791306836.968621}
{"ev":"accepted","peer":"2:500954804","pid":1202,"t":1791306836.974675}
{"ev":"accepted","peer":"2:474165671","pid":1202,"t":1791306836.979842}
{"ev":"accepted","peer":"2:1693478770","pid":1202,"t":1791306836.986015}
{"ev":"accepted","peer":"2:2514777043","pid":1202,"t":1791306836.991821}
{"ev":"accepted","peer":"2:1266120534","pid":1202,"t":1791306836.997495}
{"ev":"accepted","peer":"2:1654727628","pid":1202,"t":1791306837.003582}
{"ev":"accepted","peer":"2:1494773421","pid":1202,"t":1791306837.009688}
{"ev":"accepted","peer":"2:1923608855","pid":1202,"t":1791306837.015223}
{"ev":"accepted","peer":"2:1140913660","pid":1202,"t":1791306837.02041}
{"ev":"accepted","peer":"2:90006504","pid":1202,"t":1791306837.025633}
{"ev":"accepted","peer":"2:166688109","pid":1202,"t":1791306837.031553}
{"ev":"accepted","peer":"2:883088068","pid":1202,"t":1791306837.037194}
{"ev":"accepted","peer":"2:3474233431","pid":1202,"t":1791306837.043222}
{"ev":"accepted","peer":"2:2586137351","pid":1202,"t":1791306837.049315}
{"ev":"accepted","peer":"2:781107010","pid":1202,"t":1791306837.054879}
{"ev":"accepted","peer":"2:100690016","pid":1202,"t":1791306837.061005}
{"ev":"accepted","peer":"2:2667150385","pid":1202,"t":1791306837.067029}
{"ev":"accepted","peer":"2:1803045574","pid":1202,"t":1791306837.073063}
{"ev":"accepted","peer":"2:4052955101","pid":1202,"t":1791306837.079178}
{"ev":"accepted","peer":"2:3004566358","pid":1202,"t":1791306837.0844}
{"ev":"accepted","peer":"2:2887855857","pid":1202,"t":1791306837.090406}
{"ev":"accepted","peer":"2:795647283","pid":1202,"t":1791306837.095705}
{"ev":"accepted","peer":"2:1216157768","pid":1202,"t":1791306837.102004}
{"ev":"accepted","peer":"2:1201611321","pid":1202,"t":1791306837.108234}
{"ev":"accepted","peer":"2:2787716483","pid":1202,"t":1791306837.114183}
{"ev":"accepted","peer":"2:1062654894","pid":1202,"t":1791306837.11954}
{"ev":"accepted","peer":"2:121613681","pid":1202,"t":1791306837.1248}
{"ev":"accepted","peer":"2:2883662502","pid":1202,"t":1791306837.130101}
{"ev":"accepted","peer":"2:1210991898","pid":1202,"t":1791306837.136163}
{"ev":"accepted","peer":"2:2958107004","pid":1202,"t":1791306837.141817}
{"ev":"accepted","peer":"2:2998713929","pid":1202,"t":1791306837.147985}
{"ev":"accepted","peer":"2:3029187603","pid":1202,"t":1791306837.154003}
{"ev":"accepted","peer":"2:3812004441","pid":1202,"t":1791306837.160095}
{"ev":"accepted","peer":"2:3277577189","pid":1202,"t":1791306837.166258}
{"ev":"accepted","peer":"2:2336313793","pid":1202,"t":1791306837.171382}
{"ev":"accepted","peer":"2:393006790","pid":1202,"t":1791306837.176649}
{"ev":"accepted","peer":"2:1862688722","pid":1202,"t":1791306837.181787}
{"ev":"accepted","peer":"2:3432529983","pid":1202,"t":1791306837.186903}
{"ev":"accepted","peer":"2:3395892710","pid":1202,"t":1791306837.193129}
{"ev":"accepted","peer":"2:3926586866","pid":1202,"t":1791306837.199221}
{"ev":"accepted","peer":"2:3919854878","pid":1202,"t":1791306837.205402}
{"ev":"accepted","peer":"2:3861293177","pid":1202,"t":1791306837.211429}
{"ev":"accepted","peer":"2:3015737295","pid":1202,"t":1791306837.217323}
{"ev":"accepted","peer":"2:4055027577","pid":1202,"t":1791306837.223443}
{"ev":"accepted","peer":"2:3151652961","pid":1202,"t":1791306837.229614}
{"ev":"accepted","peer":"2:568944133","pid":1202,"t":1791306837.235102}
{"ev":"accepted","peer":"2:851896349","pid":1202,"t":1791306837.241108}
{"ev":"accepted","peer":"2:3331429349","pid":1202,"t":1791306837.246525}
{"ev":"accepted","peer":"2:4185176484","pid":1202,"t":1791306837.252502}
{"ev":"accepted","peer":"2:438882088","pid":1202,"t":1791306837.258702}
{"ev":"accepted","peer":"2:3628157297","pid":1202,"t":1791306837.264038}
{"ev":"accepted","peer":"2:3950758071","pid":1202,"t":1791306837.270295}
{"ev":"accepted","peer":"2:1682581279","pid":1202,"t":1791306837.276366}
{"ev":"accepted","peer":"2:1947816864","pid":1202,"t":1791306837.282415}
{"ev":"accepted","peer":"2:839324037","pid":1202,"t":1791306837.288473}
{"ev":"accepted","peer":"2:2540861134","pid":1202,"t":1791306837.294651}
{"ev":"accepted","peer":"2:3184013074","pid":1202,"t":1791306837.300156}
{"ev":"accepted","peer":"2:2983523505","pid":1202,"t":1791306837.306252}
{"ev":"accepted","peer":"2:3141902841","pid":1202,"t":1791306837.312386}
{"ev":"accepted","peer":"2:4064169710","pid":1202,"t":1791306837.318454}
{"ev":"accepted","peer":"2:3987142872","pid":1202,"t":1791306837.323612}
{"ev":"accepted","peer":"2:3523933617","pid":1202,"t":1791306837.329777}
{"ev":"accepted","peer":"2:3295176686","pid":1202,"t":1791306837.335103}
{"ev":"accepted","peer":"2:4107681592","pid":1202,"t":1791306837.341164}
{"ev":"accepted","peer":"2:1374444346","pid":1202,"t":1791306837.347282}
{"ev":"accepted","peer":"2:1100771479","pid":1202,"t":1791306837.353389}
{"ev":"accepted","peer":"2:2335806247","pid":1202,"t":1791306837.358589}
{"ev":"accepted","peer":"2:4053161203","pid":1202,"t":1791306837.364612}
{"ev":"accepted","peer":"2:2494871060","pid":1202,"t":1791306837.370766}
{"ev":"accepted","peer":"2:481262594","pid":1202,"t":1791306837.376797}
{"ev":"accepted","peer":"2:2460819271","pid":1202,"t":1791306837.382848}
{"ev":"accepted","peer":"2:2755517747","pid":1202,"t":1791306837.389082}
{"ev":"accepted","peer":"2:4215201557","pid":1202,"t":1791306837.395084}
{"ev":"accepted","peer":"2:2647465487","pid":1202,"t":1791306837.401272}
{"ev":"accepted","peer":"2:3895676721","pid":1202,"t":1791306837.407326}
{"ev":"accepted","peer":"2:652080649","pid":1202,"t":1791306837.413404}
{"ev":"accepted","peer":"2:2723220535","pid":1202,"t":1791306837.419576}
{"ev":"accepted","peer":"2:1309217281","pid":1202,"t":1791306837.425047}
{"ev":"accepted","peer":"2:3799980434","pid":1202,"t":1791306837.43166}
{"ev":"accepted","peer":"2:2103118819","pid":1202,"t":1791306837.436546}
{"ev":"accepted","peer":"2:670486197","pid":1202,"t":1791306837.441701}
{"ev":"accepted","peer":"2:3854407235","pid":1202,"t":1791306837.447877}
{"ev":"accepted","peer":"2:138619072","pid":1202,"t":1791306837.453939}
{"ev":"accepted","peer":"2:1478791603","pid":1202,"t":1791306837.46005}
{"ev":"accepted","peer":"2:2952404043","pid":1202,"t":1791306837.466099}
{"ev":"accepted","peer":"2:1990782835","pid":1202,"t":1791306837.472162}
{"ev":"accepted","peer":"2:3668793728","pid":1202,"t":1791306837.478514}
{"ev":"accepted","peer":"2:216979394","pid":1202,"t":1791306837.484693}
{"ev":"accepted","peer":"2:2363919945","pid":1202,"t":1791306837.489834}
{"ev":"accepted","peer":"2:3151549181","pid":1202,"t":1791306837.49529}
{"ev":"accepted","peer":"2:2926884213","pid":1202,"t":1791306837.500946}
{"ev":"accepted","peer":"2:324166972","pid":1202,"t":1791306837.507038}
{"ev":"accepted","peer":"2:1378356159","pid":1202,"t":1791306837.5131}
{"ev":"accepted","peer":"2:2926985132","pid":1202,"t":1791306837.519252}
{"ev":"accepted","peer":"2:1689928229","pid":1202,"t":1791306837.525087}
{"ev":"accepted","peer":"2:4014459267","pid":1202,"t":1791306837.531085}
{"ev":"accepted","peer":"2:3258561167","pid":1202,"t":1791306837.536757}
{"ev":"accepted","peer":"2:3238931402","pid":1202,"t":1791306837.54195}
{"ev":"accepted","peer":"2:3187699628","pid":1202,"t":1791306837.547223}
{"ev":"accepted","peer":"2:1681555925","pid":1202,"t":1791306837.553579}
{"ev":"accepted","peer":"2:3164717142","pid":1202,"t":1791306837.558626}
{"ev":"accepted","peer":"2:2723282612","pid":1202,"t":1791306837.564498}
{"ev":"accepted","peer":"2:2785876012","pid":1202,"t":1791306837.570671}
{"ev":"accepted","peer":"2:1638422276","pid":1202,"t":1791306837.576932}
{"ev":"accepted","peer":"2:421323289","pid":1202,"t":1791306837.582954}
{"ev":"accepted","peer":"2:2716172535","pid":1202,"t":1791306837.589131}
{"ev":"accepted","peer":"2:559174700","pid":1202,"t":1791306837.59526}
{"ev":"accepted","peer":"2:1016730999","pid":1202,"t":1791306837.601434}
{"ev":"accepted","peer":"2:2069347948","pid":1202,"t":1791306837.607533}
{"ev":"accepted","peer":"2:800376364","pid":1202,"t":1791306837.613043}
{"ev":"accepted","peer":"2:21482058","pid":1202,"t":1791306837.61909}
{"ev":"accepted","peer":"2:1076871389","pid":1202,"t":1791306837.625179}
{"ev":"accepted","peer":"2:2934166141","pid":1202,"t":1791306837.631371}
{"ev":"accepted","peer":"2:1328791768","pid":1202,"t":1791306837.637643}
{"ev":"accepted","peer":"2:232068102","pid":1202,"t":1791306837.643237}
{"ev":"accepted","peer":"2:546271250","pid":1202,"t":1791306837.649329}
{"ev":"accepted","peer":"2:3015383153","pid":1202,"t":1791306837.655423}
{"ev":"accepted","peer":"2:3158755867","pid":1202,"t":1791306837.660609}
{"ev":"accepted","peer":"2:3062155159","pid":1202,"t":1791306837.665751}
{"ev":"accepted","peer":"2:4206438277","pid":1202,"t":1791306837.671899}
{"ev":"accepted","peer":"2:4218278037","pid":1202,"t":1791306837.677971}
{"ev":"accepted","peer":"2:3932725418","pid":1202,"t":1791306837.683922}
{"ev":"accepted","peer":"2:3473567204","pid":1202,"t":1791306837.690094}
{"ev":"accepted","peer":"2:3661779646","pid":1202,"t":1791306837.696309}
{"ev":"accepted","peer":"2:3212656312","pid":1202,"t":1791306837.702392}
{"ev":"accepted","peer":"2:1082374213","pid":1202,"t":1791306837.708434}
{"ev":"accepted","peer":"2:1429788421","pid":1202,"t":1791306837.713724}
{"ev":"accepted","peer":"2:3671529223","pid":1202,"t":1791306837.720012}
{"ev":"accepted","peer":"2:2393337762","pid":1202,"t":1791306837.725666}
{"ev":"accepted","peer":"2:2222488210","pid":1202,"t":1791306837.731508}
{"ev":"accepted","peer":"2:1256484493","pid":1202,"t":1791306837.736822}
{"ev":"accepted","peer":"2:845964689","pid":1202,"t":1791306837.742795}
{"ev":"accepted","peer":"2:1490023560","pid":1202,"t":1791306837.748095}
{"ev":"accepted","peer":"2:1109430538","pid":1202,"t":1791306837.754373}
{"ev":"accepted","peer":"2:970677161","pid":1202,"t":1791306837.760542}
{"ev":"accepted","peer":"2:957513521","pid":1202,"t":1791306837.766738}
{"ev":"accepted","peer":"2:2879912536","pid":1202,"t":1791306837.772904}
{"ev":"accepted","peer":"2:830032642","pid":1202,"t":1791306837.778942}
{"ev":"accepted","peer":"2:2116512847","pid":1202,"t":1791306837.784005}
{"ev":"accepted","peer":"2:1867441267","pid":1202,"t":1791306837.789441}
{"ev":"accepted","peer":"2:3942271589","pid":1202,"t":1791306837.795497}
{"ev":"accepted","peer":"2:1486253500","pid":1202,"t":1791306837.801587}
{"ev":"accepted","peer":"2:1404380125","pid":1202,"t":1791306837.807662}
{"ev":"accepted","peer":"2:1942338572","pid":1202,"t":1791306837.813011}
{"ev":"accepted","peer":"2:2538627116","pid":1202,"t":1791306837.818423}
{"ev":"accepted","peer":"2:209223270","pid":1202,"t":1791306837.823604}
{"ev":"accepted","peer":"2:609466346","pid":1202,"t":1791306837.829078}
{"ev":"accepted","peer":"2:1451890520","pid":1202,"t":1791306837.8352}
{"ev":"accepted","peer":"2:3667560717","pid":1202,"t":1791306837.840579}
{"ev":"accepted","peer":"2:2827129464","pid":1202,"t":1791306837.846772}
{"ev":"accepted","peer":"2:33621281","pid":1202,"t":1791306837.852766}
{"ev":"accepted","peer":"2:389554629","pid":1202,"t":1791306837.859078}
{"ev":"accepted","peer":"2:2861922171","pid":1202,"t":1791306837.865097}
{"ev":"accepted","peer":"2:2697856459","pid":1202,"t":1791306837.871327}
{"ev":"accepted","peer":"2:2073044107","pid":1202,"t":1791306837.877401}
{"ev":"accepted","peer":"2:1303165041","pid":1202,"t":1791306837.883885}
{"ev":"accepted","peer":"2:901667960","pid":1202,"t":1791306837.889112}
{"ev":"accepted","peer":"2:3539392384","pid":1202,"t":1791306837.895181}
{"ev":"accepted","peer":"2:1775339122","pid":1202,"t":1791306837.901271}
{"ev":"accepted","peer":"2:2993741867","pid":1202,"t":1791306837.906872}
{"ev":"accepted","peer":"2:1351910024","pid":1202,"t":1791306837.912123}
{"ev":"accepted","peer":"2:4246069572","pid":1202,"t":1791306837.917179}
{"ev":"accepted","peer":"2:1966492001","pid":1202,"t":1791306837.923304}
{"ev":"accepted","peer":"2:4224500883","pid":1202,"t":1791306837.929466}
{"ev":"accepted","peer":"2:2276054850","pid":1202,"t":1791306837.934947}
{"ev":"accepted","peer":"2:2786136840","pid":1202,"t":1791306837.94006}
{"ev":"accepted","peer":"2:937574802","pid":1202,"t":1791306837.946175}
{"ev":"accepted","peer":"2:3851336978","pid":1202,"t":1791306837.952488}
{"ev":"accepted","peer":"2:4274085151","pid":1202,"t":1791306837.958425}
{"ev":"accepted","peer":"2:2148405219","pid":1202,"t":1791306837.964587}
{"ev":"accepted","peer":"2:1829406063","pid":1202,"t":1791306837.970717}
{"ev":"accepted","peer":"2:4015752257","pid":1202,"t":1791306837.976913}
{"ev":"accepted","peer":"2:1061423643","pid":1202,"t":1791306837.982961}
{"ev":"accepted","peer":"2:1072956914","pid":1202,"t":1791306837.989128}
{"ev":"accepted","peer":"2:2595577473","pid":1202,"t":1791306837.995346}
{"ev":"accepted","peer":"2:1366554954","pid":1202,"t":1791306838.001437}
{"ev":"accepted","peer":"2:1261178819","pid":1202,"t":1791306838.006766}
{"ev":"accepted","peer":"2:3213582669","pid":1202,"t":1791306838.012953}
{"ev":"accepted","peer":"2:2289277076","pid":1202,"t":1791306838.018158}
{"ev":"accepted","peer":"2:4044186346","pid":1202,"t":1791306838.023707}
{"ev":"accepted","peer":"2:326732304","pid":1202,"t":1791306838.028938}
{"ev":"accepted","peer":"2:2402562671","pid":1202,"t":1791306838.034162}
{"ev":"accepted","peer":"2:3636702259","pid":1202,"t":1791306838.040929}
{"ev":"accepted","peer":"2:2179005064","pid":1202,"t":1791306838.046763}
{"ev":"accepted","peer":"2:3028985978","pid":1202,"t":1791306838.052765}
{"ev":"accepted","peer":"2:1803184720","pid":1202,"t":1791306838.058699}
{"ev":"accepted","peer":"2:3994758368","pid":1202,"t":1791306838.064854}
{"ev":"accepted","peer":"2:2677789344","pid":1202,"t":1791306838.071091}
{"ev":"accepted","peer":"2:1205142181","pid":1202,"t":1791306838.077177}
{"ev":"accepted","peer":"2:1144178098","pid":1202,"t":1791306838.083251}
{"ev":"accepted","peer":"2:3680154901","pid":1202,"t":1791306838.089257}
{"ev":"accepted","peer":"2:1735627195","pid":1202,"t":1791306838.094378}
{"ev":"accepted","peer":"2:3801793665","pid":1202,"t":1791306838.100401}
{"ev":"accepted","peer":"2:51402921","pid":1202,"t":1791306838.106152}
{"ev":"accepted","peer":"2:1752744043","pid":1202,"t":1791306838.111668}
{"ev":"accepted","peer":"2:1179392648","pid":1202,"t":1791306838.117486}
{"ev":"accepted","peer":"2:2644657439","pid":1202,"t":1791306838.123642}
{"ev":"accepted","peer":"2:1641211334","pid":1202,"t":1791306838.129705}
{"ev":"accepted","peer":"2:2345552042","pid":1202,"t":1791306838.136028}
{"ev":"accepted","peer":"2:2038553036","pid":1202,"t":1791306838.142417}
{"ev":"accepted","peer":"2:344439386","pid":1202,"t":1791306838.150692}
{"ev":"accepted","peer":"2:592978469","pid":1202,"t":1791306838.157355}
{"ev":"accepted","peer":"2:977308802","pid":1202,"t":1791306838.16334}
{"ev":"accepted","peer":"2:3585377178","pid":1202,"t":1791306838.169114}
{"ev":"accepted","peer":"2:864641061","pid":1202,"t":1791306838.175572}
{"ev":"accepted","peer":"2:1684838030","pid":1202,"t":1791306838.181694}
{"ev":"accepted","peer":"2:1575753496","pid":1202,"t":1791306838.187733}
{"ev":"accepted","peer":"2:401132634","pid":1202,"t":1791306838.193865}
{"ev":"accepted","peer":"2:1192369358","pid":1202,"t":1791306838.199901}
{"ev":"accepted","peer":"2:3861782515","pid":1202,"t":1791306838.205551}
{"ev":"accepted","peer":"2:3645915589","pid":1202,"t":1791306838.211707}
{"ev":"accepted","peer":"2:2068220545","pid":1202,"t":1791306838.216992}
{"ev":"accepted","peer":"2:3673821878","pid":1202,"t":1791306838.223316}
{"ev":"accepted","peer":"2:4151113591","pid":1202,"t":1791306838.229394}
{"ev":"accepted","peer":"2:2822189411","pid":1202,"t":1791306838.235463}
{"ev":"accepted","peer":"2:1234343430","pid":1202,"t":1791306838.240875}
{"ev":"accepted","peer":"2:56698447","pid":1202,"t":1791306838.247508}
{"ev":"accepted","peer":"2:558943704","pid":1202,"t":1791306838.253259}
{"ev":"accepted","peer":"2:1683826883","pid":1202,"t":1791306838.25868}
{"ev":"accepted","peer":"2:3020092826","pid":1202,"t":1791306838.266925}
{"ev":"accepted","peer":"2:992915590","pid":1202,"t":1791306838.272823}
{"ev":"accepted","peer":"2:3018599281","pid":1202,"t":1791306838.278874}
{"ev":"accepted","peer":"2:4003643253","pid":1202,"t":1791306851.302297}
{"ev":"accepted","peer":"2:2948188273","pid":1202,"t":1791306851.307109}
{"ev":"accepted","peer":"2:3362484077","pid":1202,"t":1791306851.312371}
{"ev":"accepted","peer":"2:2147978991","pid":1202,"t":1791306851.317614}
{"ev":"accepted","peer":"2:991122936","pid":1202,"t":1791306851.323691}
{"ev":"accepted","peer":"2:3924725792","pid":1202,"t":1791306851.329968}
{"ev":"accepted","peer":"2:3034396028","pid":1202,"t":1791306851.334926}
{"ev":"accepted","peer":"2:3848172248","pid":1202,"t":1791306851.340128}
{"ev":"accepted","peer":"2:2493552902","pid":1202,"t":1791306851.345673}
{"ev":"accepted","peer":"2:3625846910","pid":1202,"t":1791306851.350878}
{"ev":"accepted","peer":"2:3859463985","pid":1202,"t":1791306851.356862}
{"ev":"accepted","peer":"2:3992949173","pid":1202,"t":1791306851.36291}
{"ev":"accepted","peer":"2:349873959","pid":1202,"t":1791306851.368948}
{"ev":"accepted","peer":"2:641655343","pid":1202,"t":1791306851.375031}
{"ev":"accepted","peer":"2:2280359846","pid":1202,"t":1791306851.381178}
{"ev":"accepted","peer":"2:3526919915","pid":1202,"t":1791306851.387226}
{"ev":"accepted","peer":"2:1996994053","pid":1202,"t":1791306851.392856}
{"ev":"accepted","peer":"2:1320031797","pid":1202,"t":1791306851.399247}
{"ev":"accepted","peer":"2:1729325532","pid":1202,"t":1791306851.404194}
{"ev":"accepted","peer":"2:2983905496","pid":1202,"t":1791306851.409749}
{"ev":"accepted","peer":"2:1727673098","pid":1202,"t":1791306851.415224}
{"ev":"accepted","peer":"2:3783101790","pid":1202,"t":1791306851.42147}
{"ev":"accepted","peer":"2:365499423","pid":1202,"t":1791306851.426615}
{"ev":"accepted","peer":"2:4219500114","pid":1202,"t":1791306851.431764}
{"ev":"accepted","peer":"2:481300176","pid":1202,"t":1791306851.437217}
{"ev":"accepted","peer":"2:3954824305","pid":1202,"t":1791306851.442488}
{"ev":"accepted","peer":"2:1840273813","pid":1202,"t":1791306851.448551}
{"ev":"accepted","peer":"2:1489891140","pid":1202,"t":1791306851.45482}
{"ev":"accepted","peer":"2:2604556584","pid":1202,"t":1791306851.460151}
{"ev":"accepted","peer":"2:1703860767","pid":1202,"t":1791306851.465593}
{"ev":"accepted","peer":"2:3520450070","pid":1202,"t":1791306851.471679}
{"ev":"accepted","peer":"2:1282085997","pid":1202,"t":1791306851.477114}
{"ev":"accepted","peer":"2:495960355","pid":1202,"t":1791306851.482263}
{"ev":"accepted","peer":"2:2069051057","pid":1202,"t":1791306851.488354}
{"ev":"accepted","peer":"2:2915285126","pid":1202,"t":1791306851.494637}
{"ev":"accepted","peer":"2:2425866978","pid":1202,"t":1791306851.500519}
{"ev":"accepted","peer":"2:863078297","pid":1202,"t":1791306851.506664}
{"ev":"accepted","peer":"2:2856014022","pid":1202,"t":1791306851.511971}
{"ev":"accepted","peer":"2:1362820314","pid":1202,"t":1791306851.517697}
{"ev":"accepted","peer":"2:3790442145","pid":1202,"t":1791306851.523722}
{"ev":"accepted","peer":"2:3762374802","pid":1202,"t":1791306851.52988}
{"ev":"accepted","peer":"2:3444608438","pid":1202,"t":1791306851.536107}
{"ev":"accepted","peer":"2:143800275","pid":1202,"t":1791306851.541091}
{"ev":"accepted","peer":"2:163646753","pid":1202,"t":1791306851.546422}
{"ev":"accepted","peer":"2:1804336883","pid":1202,"t":1791306851.552484}
{"ev":"accepted","peer":"2:2089380145","pid":1202,"t":1791306851.558657}
{"ev":"accepted","peer":"2:3712093109","pid":1202,"t":1791306851.564796}
{"ev":"accepted","peer":"2:772688080","pid":1202,"t":1791306851.57084}
{"ev":"accepted","peer":"2:1662840686","pid":1202,"t":1791306851.576291}
{"ev":"accepted","peer":"2:473787919","pid":1202,"t":1791306851.582292}
{"ev":"accepted","peer":"2:1554445769","pid":1202,"t":1791306851.588428}
{"ev":"accepted","peer":"2:3507356768","pid":1202,"t":1791306851.594722}
{"ev":"accepted","peer":"2:3760189935","pid":1202,"t":1791306851.600281}
{"ev":"accepted","peer":"2:1260324022","pid":1202,"t":1791306851.606435}
{"ev":"accepted","peer":"2:380135629","pid":1202,"t":1791306851.612573}
{"ev":"accepted","peer":"2:3115085574","pid":1202,"t":1791306851.618588}
{"ev":"accepted","peer":"2:1204480746","pid":1202,"t":1791306851.624613}
{"ev":"accepted","peer":"2:547158174","pid":1202,"t":1791306851.630496}
{"ev":"accepted","peer":"2:3584096020","pid":1202,"t":1791306851.636654}
{"ev":"accepted","peer":"2:2978552067","pid":1202,"t":1791306851.642823}
{"ev":"accepted","peer":"2:1367366444","pid":1202,"t":1791306851.648913}
{"ev":"accepted","peer":"2:399470958","pid":1202,"t":1791306851.654909}
{"ev":"accepted","peer":"2:4166647411","pid":1202,"t":1791306851.660981}
{"ev":"accepted","peer":"2:2632060105","pid":1202,"t":1791306851.66645}
{"ev":"accepted","peer":"2:3594270052","pid":1202,"t":1791306851.672112}
{"ev":"accepted","peer":"2:1734609929","pid":1202,"t":1791306851.67824}
{"ev":"accepted","peer":"2:4280524344","pid":1202,"t":1791306851.684303}
{"ev":"accepted","peer":"2:1702975873","pid":1202,"t":1791306851.690538}
{"ev":"accepted","peer":"2:3702233448","pid":1202,"t":1791306851.695593}
{"ev":"accepted","peer":"2:4212497745","pid":1202,"t":1791306851.70088}
{"ev":"accepted","peer":"2:3876507788","pid":1202,"t":1791306851.706904}
{"ev":"accepted","peer":"2:3537712555","pid":1202,"t":1791306851.712954}
{"ev":"accepted","peer":"2:1077932095","pid":1202,"t":1791306851.719139}
{"ev":"accepted","peer":"2:364883652","pid":1202,"t":1791306851.725209}
{"ev":"accepted","peer":"2:3245632026","pid":1202,"t":1791306851.731271}
{"ev":"accepted","peer":"2:1089050591","pid":1202,"t":1791306851.737346}
{"ev":"accepted","peer":"2:1267750301","pid":1202,"t":1791306851.742633}
{"ev":"accepted","peer":"2:3128907157","pid":1202,"t":1791306851.748665}
{"ev":"accepted","peer":"2:1911031856","pid":1202,"t":1791306851.753851}
{"ev":"accepted","peer":"2:2183157727","pid":1202,"t":1791306851.759172}
{"ev":"accepted","peer":"2:2923941982","pid":1202,"t":1791306851.765041}
{"ev":"accepted","peer":"2:165082054","pid":1202,"t":1791306851.771244}
{"ev":"accepted","peer":"2:2704581129","pid":1202,"t":1791306851.776678}
{"ev":"accepted","peer":"2:4203490728","pid":1202,"t":1791306851.78217}
{"ev":"accepted","peer":"2:4200299802","pid":1202,"t":1791306851.788205}
{"ev":"accepted","peer":"2:2180769027","pid":1202,"t":1791306851.794274}
{"ev":"accepted","peer":"2:1399737298","pid":1202,"t":1791306851.800483}
{"ev":"accepted","peer":"2:2691921494","pid":1202,"t":1791306851.805471}
{"ev":"accepted","peer":"2:1035605441","pid":1202,"t":1791306851.811667}
{"ev":"accepted","peer":"2:3485693987","pid":1202,"t":1791306851.817729}
{"ev":"accepted","peer":"2:2877246951","pid":1202,"t":1791306851.823751}
{"ev":"accepted","peer":"2:306911007","pid":1202,"t":1791306851.829922}
{"ev":"accepted","peer":"2:3101345306","pid":1202,"t":1791306851.836156}
{"ev":"accepted","peer":"2:4224220686","pid":1202,"t":1791306851.842216}
{"ev":"accepted","peer":"2:2948355887","pid":1202,"t":1791306851.84833}
{"ev":"accepted","peer":"2:4058810771","pid":1202,"t":1791306851.854639}
{"ev":"accepted","peer":"2:3498016376","pid":1202,"t":1791306851.860724}
{"ev":"accepted","peer":"2:2200653990","pid":1202,"t":1791306851.866863}
{"ev":"accepted","peer":"2:447647076","pid":1202,"t":1791306851.873062}
{"ev":"accepted","peer":"2:172892701","pid":1202,"t":1791306851.879303}
{"ev":"accepted","peer":"2:785167658","pid":1202,"t":1791306851.88547}
{"ev":"accepted","peer":"2:2978630929","pid":1202,"t":1791306851.89061}
{"ev":"accepted","peer":"2:2241474842","pid":1202,"t":1791306851.896769}
{"ev":"accepted","peer":"2:2614006275","pid":1202,"t":1791306851.903029}
{"ev":"accepted","peer":"2:3881727771","pid":1202,"t":1791306851.909197}
{"ev":"accepted","peer":"2:4280831123","pid":1202,"t":1791306851.914442}
{"ev":"accepted","peer":"2:2793882104","pid":1202,"t":1791306851.920528}
{"ev":"accepted","peer":"2:2968577430","pid":1202,"t":1791306851.926319}
{"ev":"accepted","peer":"2:1445600650","pid":1202,"t":1791306851.932465}
{"ev":"accepted","peer":"2:1495753026","pid":1202,"t":1791306851.938559}
{"ev":"accepted","peer":"2:1704257820","pid":1202,"t":1791306851.944589}
{"ev":"accepted","peer":"2:4068094908","pid":1202,"t":1791306851.950656}
{"ev":"accepted","peer":"2:4116097973","pid":1202,"t":1791306851.956892}
{"ev":"accepted","peer":"2:3651435809","pid":1202,"t":1791306851.962586}
{"ev":"accepted","peer":"2:1200352896","pid":1202,"t":1791306851.968639}
{"ev":"accepted","peer":"2:1883045798","pid":1202,"t":1791306851.974695}
{"ev":"accepted","peer":"2:2217192589","pid":1202,"t":1791306851.980739}
{"ev":"accepted","peer":"2:551609489","pid":1202,"t":1791306851.987003}
{"ev":"accepted","peer":"2:70411354","pid":1202,"t":1791306851.992643}
{"ev":"accepted","peer":"2:512708272","pid":1202,"t":1791306851.998698}
{"ev":"accepted","peer":"2:4023186134","pid":1202,"t":1791306852.004974}
{"ev":"accepted","peer":"2:2080882108","pid":1202,"t":1791306852.011046}
{"ev":"accepted","peer":"2:3867366983","pid":1202,"t":1791306852.017178}
{"ev":"accepted","peer":"2:1082460738","pid":1202,"t":1791306852.023378}
{"ev":"accepted","peer":"2:3430933237","pid":1202,"t":1791306852.028975}
{"ev":"accepted","peer":"2:2297032609","pid":1202,"t":1791306852.037531}
{"ev":"accepted","peer":"2:754519643","pid":1202,"t":1791306852.047735}
{"ev":"accepted","peer":"2:4029384971","pid":1202,"t":1791306852.053587}
{"ev":"accepted","peer":"2:1030364177","pid":1202,"t":1791306852.058937}
{"ev":"accepted","peer":"2:1115766133","pid":1202,"t":1791306852.065177}
{"ev":"accepted","peer":"2:231400866","pid":1202,"t":1791306852.071218}
{"ev":"accepted","peer":"2:888244498","pid":1202,"t":1791306852.077335}
{"ev":"accepted","peer":"2:2199069030","pid":1202,"t":1791306852.083409}
{"ev":"accepted","peer":"2:463673666","pid":1202,"t":1791306852.089689}
{"ev":"accepted","peer":"2:824369101","pid":1202,"t":1791306852.094934}
{"ev":"accepted","peer":"2:3120156563","pid":1202,"t":1791306852.100965}
{"ev":"accepted","peer":"2:435945597","pid":1202,"t":1791306852.106083}
{"ev":"accepted","peer":"2:769413270","pid":1202,"t":1791306852.11223}
{"ev":"accepted","peer":"2:3598286486","pid":1202,"t":1791306852.117862}
{"ev":"accepted","peer":"2:3908497784","pid":1202,"t":1791306852.123891}
{"ev":"accepted","peer":"2:329325103","pid":1202,"t":1791306852.129519}
{"ev":"accepted","peer":"2:1015751870","pid":1202,"t":1791306852.134594}
{"ev":"accepted","peer":"2:4287890187","pid":1202,"t":1791306852.13967}
{"ev":"accepted","peer":"2:2126982846","pid":1202,"t":1791306852.145781}
{"ev":"accepted","peer":"2:1449121999","pid":1202,"t":1791306852.150923}
{"ev":"accepted","peer":"2:4278166615","pid":1202,"t":1791306852.156089}
{"ev":"accepted","peer":"2:3280644935","pid":1202,"t":1791306852.161392}
{"ev":"accepted","peer":"2:2945542385","pid":1202,"t":1791306852.16753}
{"ev":"accepted","peer":"2:2705713939","pid":1202,"t":1791306852.173751}
{"ev":"accepted","peer":"2:1991995869","pid":1202,"t":1791306852.17988}
{"ev":"accepted","peer":"2:521579894","pid":1202,"t":1791306852.186}
{"ev":"accepted","peer":"2:1943662185","pid":1202,"t":1791306852.191254}
{"ev":"accepted","peer":"2:3480922417","pid":1202,"t":1791306852.196425}
{"ev":"accepted","peer":"2:1533987767","pid":1202,"t":1791306852.201921}
{"ev":"accepted","peer":"2:1530968429","pid":1202,"t":1791306852.207971}
{"ev":"accepted","peer":"2:2001055364","pid":1202,"t":1791306852.214023}
{"ev":"accepted","peer":"2:711364671","pid":1202,"t":1791306852.220377}
{"ev":"accepted","peer":"2:2281118992","pid":1202,"t":1791306852.225579}
{"ev":"accepted","peer":"2:698026977","pid":1202,"t":1791306852.231471}
{"ev":"accepted","peer":"2:272036982","pid":1202,"t":1791306852.237569}
{"ev":"accepted","peer":"2:603580316","pid":1202,"t":1791306852.242695}
{"ev":"accepted","peer":"2:3718734867","pid":1202,"t":1791306852.248419}
{"ev":"accepted","peer":"2:3412812847","pid":1202,"t":1791306852.254508}
{"ev":"accepted","peer":"2:2165457072","pid":1202,"t":1791306852.260584}
{"ev":"accepted","peer":"2:423859256","pid":1202,"t":1791306852.265741}
{"ev":"accepted","peer":"2:3253945419","pid":1202,"t":1791306852.27106}
{"ev":"accepted","peer":"2:3945983970","pid":1202,"t":1791306852.276256}
{"ev":"accepted","peer":"2:4265968960","pid":1202,"t":1791306852.282344}
{"ev":"accepted","peer":"2:4081648453","pid":1202,"t":1791306852.288423}
{"ev":"accepted","peer":"2:224214898","pid":1202,"t":1791306852.294529}
{"ev":"accepted","peer":"2:4274707651","pid":1202,"t":1791306852.300043}
{"ev":"accepted","peer":"2:994647329","pid":1202,"t":1791306852.306085}
{"ev":"accepted","peer":"2:696857017","pid":1202,"t":1791306852.312148}
{"ev":"accepted","peer":"2:622407001","pid":1202,"t":1791306852.31741}
{"ev":"accepted","peer":"2:1942411082","pid":1202,"t":1791306852.323505}
{"ev":"accepted","peer":"2:578432461","pid":1202,"t":1791306852.329586}
{"ev":"accepted","peer":"2:4022258633","pid":1202,"t":1791306852.33577}
{"ev":"accepted","peer":"2:572497197","pid":1202,"t":1791306852.341845}
{"ev":"accepted","peer":"2:2189471841","pid":1202,"t":1791306852.347604}
{"ev":"accepted","peer":"2:2756801625","pid":1202,"t":1791306852.353691}
{"ev":"accepted","peer":"2:2337134839","pid":1202,"t":1791306852.358845}
{"ev":"accepted","peer":"2:2131896800","pid":1202,"t":1791306852.36421}
{"ev":"accepted","peer":"2:2310348263","pid":1202,"t":1791306852.370013}
{"ev":"accepted","peer":"2:1703303778","pid":1202,"t":1791306852.376087}
{"ev":"accepted","peer":"2:2432401737","pid":1202,"t":1791306852.382328}
{"ev":"accepted","peer":"2:1749310820","pid":1202,"t":1791306852.388065}
{"ev":"accepted","peer":"2:2574357875","pid":1202,"t":1791306852.394387}
{"ev":"accepted","peer":"2:462429371","pid":1202,"t":1791306852.400414}
{"ev":"accepted","peer":"2:2302728207","pid":1202,"t":1791306852.406584}
{"ev":"accepted","peer":"2:1430827982","pid":1202,"t":1791306852.41168}
{"ev":"accepted","peer":"2:2682002461","pid":1202,"t":1791306852.417163}
{"ev":"accepted","peer":"2:3512301936","pid":1202,"t":1791306852.422974}
{"ev":"accepted","peer":"2:3558753914","pid":1202,"t":1791306852.429095}
{"ev":"accepted","peer":"2:194625069","pid":1202,"t":1791306852.434329}
{"ev":"accepted","peer":"2:977473901","pid":1202,"t":1791306852.440307}
{"ev":"accepted","peer":"2:3635747704","pid":1202,"t":1791306852.446436}
{"ev":"accepted","peer":"2:2298675911","pid":1202,"t":1791306852.452144}
{"ev":"accepted","peer":"2:3751510252","pid":1202,"t":1791306852.458113}
{"ev":"accepted","peer":"2:674319479","pid":1202,"t":1791306852.464009}
{"ev":"accepted","peer":"2:1079762258","pid":1202,"t":1791306852.470178}
{"ev":"accepted","peer":"2:4204101991","pid":1202,"t":1791306852.475354}
{"ev":"accepted","peer":"2:351300663","pid":1202,"t":1791306852.480621}
{"ev":"accepted","peer":"2:142803041","pid":1202,"t":1791306852.486933}
{"ev":"accepted","peer":"2:2500769947","pid":1202,"t":1791306852.492838}
{"ev":"accepted","peer":"2:3538604230","pid":1202,"t":1791306852.499572}
{"ev":"accepted","peer":"2:2632788888","pid":1202,"t":1791306852.505653}
{"ev":"accepted","peer":"2:2101913063","pid":1202,"t":1791306852.510771}
{"ev":"accepted","peer":"2:475056570","pid":1202,"t":1791306852.515873}
{"ev":"accepted","peer":"2:4055482652","pid":1202,"t":1791306852.521973}
{"ev":"accepted","peer":"2:475876894","pid":1202,"t":1791306852.528145}
{"ev":"accepted","peer":"2:2934338186","pid":1202,"t":1791306852.533573}
{"ev":"accepted","peer":"2:1398128598","pid":1202,"t":1791306852.539005}
{"ev":"accepted","peer":"2:1428436509","pid":1202,"t":1791306852.545379}
{"ev":"accepted","peer":"2:331036742","pid":1202,"t":1791306852.551388}
{"ev":"accepted","peer":"2:2167127216","pid":1202,"t":1791306852.557578}
{"ev":"accepted","peer":"2:741819831","pid":1202,"t":1791306852.562988}
{"ev":"accepted","peer":"2:109717159","pid":1202,"t":1791306852.568248}
{"ev":"accepted","peer":"2:1149112578","pid":1202,"t":1791306852.574156}
{"ev":"accepted","peer":"2:3535287036","pid":1202,"t":1791306852.580008}
{"ev":"accepted","peer":"2:2227515450","pid":1202,"t":1791306852.586043}
{"ev":"accepted","peer":"2:3193406826","pid":1202,"t":1791306852.592325}
{"ev":"accepted","peer":"2:771018274","pid":1202,"t":1791306852.598782}
{"ev":"accepted","peer":"2:3702061594","pid":1202,"t":1791306852.604029}
{"ev":"accepted","peer":"2:81054550","pid":1202,"t":1791306852.609388}
{"ev":"accepted","peer":"2:2291303429","pid":1202,"t":1791306852.615507}
{"ev":"accepted","peer":"2:2291294172","pid":1202,"t":1791306852.621476}
{"ev":"accepted","peer":"2:814184837","pid":1202,"t":1791306852.62751}
{"ev":"accepted","peer":"2:1306974031","pid":1202,"t":1791306852.633551}
{"ev":"accepted","peer":"2:1261812644","pid":1202,"t":1791306852.639654}
{"ev":"accepted","peer":"2:897950065","pid":1202,"t":1791306852.645955}
{"ev":"accepted","peer":"2:4195412374","pid":1202,"t":1791306852.652144}
{"ev":"accepted","peer":"2:2089561689","pid":1202,"t":1791306852.658126}
{"ev":"accepted","peer":"2:728731707","pid":1202,"t":1791306852.663887}
{"ev":"accepted","peer":"2:2439498692","pid":1202,"t":1791306852.669995}
{"ev":"accepted","peer":"2:1961445387","pid":1202,"t":1791306852.675064}
{"ev":"accepted","peer":"2:1163414107","pid":1202,"t":1791306852.681754}
{"ev":"accepted","peer":"2:4155300050","pid":1202,"t":1791306852.687833}
{"ev":"accepted","peer":"2:2248317698","pid":1202,"t":1791306852.693284}
{"ev":"accepted","peer":"2:1071287464","pid":1202,"t":1791306852.699607}
{"ev":"accepted","peer":"2:2821713965","pid":1202,"t":1791306852.705086}
{"ev":"accepted","peer":"2:4280653147","pid":1202,"t":1791306852.710211}
{"ev":"accepted","peer":"2:1589657031","pid":1202,"t":1791306852.71603}
{"ev":"accepted","peer":"2:3363462233","pid":1202,"t":1791306852.722103}
{"ev":"accepted","peer":"2:3337669588","pid":1202,"t":1791306852.728207}
{"ev":"accepted","peer":"2:2434472911","pid":1202,"t":1791306852.733895}
{"ev":"accepted","peer":"2:843783029","pid":1202,"t":1791306852.739416}
{"ev":"accepted","peer":"2:3769272852","pid":1202,"t":1791306852.745493}
{"ev":"accepted","peer":"2:1518627108","pid":1202,"t":1791306852.756033}
{"ev":"accepted","peer":"2:3377534552","pid":1202,"t":1791306852.762098}
{"ev":"accepted","peer":"2:621604687","pid":1202,"t":1791306852.767707}
{"ev":"accepted","peer":"2:1374374122","pid":1202,"t":1791306852.773107}
{"ev":"accepted","peer":"2:3261855243","pid":1202,"t":1791306852.778318}
{"ev":"accepted","peer":"2:1865097315","pid":1202,"t":1791306852.783684}
{"ev":"accepted","peer":"2:1856663342","pid":1202,"t":1791306852.789789}
{"ev":"accepted","peer":"2:2237790574","pid":1202,"t":1791306852.795975}
{"ev":"accepted","peer":"2:3751591426","pid":1202,"t":1791306852.801389}
{"ev":"accepted","peer":"2:3371842448","pid":1202,"t":1791306852.807532}
{"ev":"accepted","peer":"2:2573539445","pid":1202,"t":1791306852.813607}
{"ev":"accepted","peer":"2:2766126009","pid":1202,"t":1791306852.819791}
{"ev":"accepted","peer":"2:4020214436","pid":1202,"t":1791306852.825927}
{"ev":"accepted","peer":"2:2333700377","pid":1202,"t":1791306852.832099}
{"ev":"accepted","peer":"2:1326573564","pid":1202,"t":1791306852.838058}
{"ev":"accepted","peer":"2:793503878","pid":1202,"t":1791306852.84424}
{"ev":"accepted","peer":"2:92353647","pid":1202,"t":1791306852.850226}
{"ev":"accepted","peer":"2:2698564039","pid":1202,"t":1791306852.856355}
{"ev":"accepted","peer":"2:1130188911","pid":1202,"t":1791306852.862602}
{"ev":"accepted","peer":"2:210611408","pid":1202,"t":1791306852.868794}
{"ev":"accepted","peer":"2:4091507537","pid":1202,"t":1791306852.874889}
{"ev":"accepted","peer":"2:15649268","pid":1202,"t":1791306852.88094}
{"ev":"accepted","peer":"2:3693052710","pid":1202,"t":1791306852.887004}
{"ev":"accepted","peer":"2:1501166208","pid":1202,"t":1791306852.892887}
{"ev":"accepted","peer":"2:2800053096","pid":1202,"t":1791306852.8989}
{"ev":"accepted","peer":"2:701005717","pid":1202,"t":1791306852.904436}
{"ev":"accepted","peer":"2:1973860417","pid":1202,"t":1791306852.910562}
{"ev":"accepted","peer":"2:2723031536","pid":1202,"t":1791306852.916671}
{"ev":"accepted","peer":"2:2792692589","pid":1202,"t":1791306852.921643}
{"ev":"accepted","peer":"2:223462329","pid":1202,"t":1791306852.926916}
{"ev":"accepted","peer":"2:1718904923","pid":1202,"t":1791306852.932408}
{"ev":"accepted","peer":"2:2899403002","pid":1202,"t":1791306852.938452}
{"ev":"accepted","peer":"2:1612152756","pid":1202,"t":1791306852.94455}
{"ev":"accepted","peer":"2:824698882","pid":1202,"t":1791306852.950512}
{"ev":"accepted","peer":"2:3236381575","pid":1202,"t":1791306852.956584}
{"ev":"accepted","peer":"2:2347863019","pid":1202,"t":1791306852.96275}
{"ev":"accepted","peer":"2:1857447769","pid":1202,"t":1791306852.968797}
{"ev":"accepted","peer":"2:812902458","pid":1202,"t":1791306852.973934}
{"ev":"accepted","peer":"2:1308232377","pid":1202,"t":1791306852.979139}
{"ev":"accepted","peer":"2:318247124","pid":1202,"t":1791306852.984641}
{"ev":"accepted","peer":"2:2930708877","pid":1202,"t":1791306852.989983}
{"ev":"accepted","peer":"2:3885181103","pid":1202,"t":1791306852.994999}
{"ev":"accepted","peer":"2:1932321317","pid":1202,"t":1791306853.001166}
{"ev":"accepted","peer":"2:2337077903","pid":1202,"t":1791306853.007421}
{"ev":"accepted","peer":"2:4261536424","pid":1202,"t":1791306853.013691}
{"ev":"accepted","peer":"2:3273105665","pid":1202,"t":1791306853.018952}
{"ev":"accepted","peer":"2:3809249687","pid":1202,"t":1791306853.02502}
{"ev":"accepted","peer":"2:2328440453","pid":1202,"t":1791306853.031197}
{"ev":"accepted","peer":"2:2796181488","pid":1202,"t":1791306853.037411}
{"ev":"accepted","peer":"2:2270521335","pid":1202,"t":1791306853.043601}
{"ev":"accepted","peer":"2:1531278207","pid":1202,"t":1791306853.049608}
{"ev":"accepted","peer":"2:3633443220","pid":1202,"t":1791306853.055685}
{"ev":"accepted","peer":"2:1354473069","pid":1202,"t":1791306853.061433}
{"ev":"accepted","peer":"2:409213677","pid":1202,"t":1791306853.067446}
{"ev":"accepted","peer":"2:4094354302","pid":1202,"t":1791306853.07336}
{"ev":"accepted","peer":"2:1837431203","pid":1202,"t":1791306853.078736}
{"ev":"accepted","peer":"2:3395786376","pid":1202,"t":1791306853.084454}
{"ev":"accepted","peer":"2:72779407","pid":1202,"t":1791306853.089897}
{"ev":"accepted","peer":"2:3160492756","pid":1202,"t":1791306853.095362}
{"ev":"accepted","peer":"2:2242914430","pid":1202,"t":1791306853.101011}
{"ev":"accepted","peer":"2:1128146109","pid":1202,"t":1791306853.107097}
{"ev":"accepted","peer":"2:4229888985","pid":1202,"t":1791306853.113222}
{"ev":"accepted","peer":"2:462180956","pid":1202,"t":1791306853.118499}
{"ev":"accepted","peer":"2:784919743","pid":1202,"t":1791306853.123737}
{"ev":"accepted","peer":"2:1078712188","pid":1202,"t":1791306853.129387}
{"ev":"accepted","peer":"2:2524278694","pid":1202,"t":1791306853.135086}
{"ev":"accepted","peer":"2:285342987","pid":1202,"t":1791306853.140913}
{"ev":"accepted","peer":"2:2041339408","pid":1202,"t":1791306853.146991}
{"ev":"accepted","peer":"2:1879758438","pid":1202,"t":1791306853.153074}
{"ev":"accepted","peer":"2:2471448439","pid":1202,"t":1791306853.159308}
{"ev":"accepted","peer":"2:1252680764","pid":1202,"t":1791306853.168022}
{"ev":"accepted","peer":"2:3281351812","pid":1202,"t":1791306853.173903}
{"ev":"accepted","peer":"2:3890396278","pid":1202,"t":1791306853.179239}
{"ev":"accepted","peer":"2:330770544","pid":1202,"t":1791306853.184322}
{"ev":"accepted","peer":"2:3111642108","pid":1202,"t":1791306853.189429}
{"ev":"accepted","peer":"2:1937061866","pid":1202,"t":1791306853.195539}
{"ev":"accepted","peer":"2:1046230081","pid":1202,"t":1791306853.201742}
{"ev":"accepted","peer":"2:674105931","pid":1202,"t":1791306853.207}
{"ev":"accepted","peer":"2:2280741940","pid":1202,"t":1791306853.212224}
{"ev":"accepted","peer":"2:1907634233","pid":1202,"t":1791306853.218294}
{"ev":"accepted","peer":"2:3488790073","pid":1202,"t":1791306853.224346}
{"ev":"accepted","peer":"2:3188669914","pid":1202,"t":1791306853.229556}
{"ev":"accepted","peer":"2:1826116037","pid":1202,"t":1791306853.235809}
{"ev":"accepted","peer":"2:367047787","pid":1202,"t":1791306853.241806}
{"ev":"accepted","peer":"2:2551024081","pid":1202,"t":1791306853.247963}
{"ev":"accepted","peer":"2:2830105321","pid":1202,"t":1791306853.254171}
{"ev":"accepted","peer":"2:4275957780","pid":1202,"t":1791306853.259319}
{"ev":"accepted","peer":"2:3010402825","pid":1202,"t":1791306853.264426}
{"ev":"accepted","peer":"2:978608144","pid":1202,"t":1791306853.269751}
{"ev":"accepted","peer":"2:4222608243","pid":1202,"t":1791306853.275246}
{"ev":"accepted","peer":"2:1395133822","pid":1202,"t":1791306853.281319}
{"ev":"accepted","peer":"2:844830920","pid":1202,"t":1791306853.287588}
{"ev":"accepted","peer":"2:2172007758","pid":1202,"t":1791306853.29267}
{"ev":"accepted","peer":"2:2902867213","pid":1202,"t":1791306853.298496}
{"ev":"accepted","peer":"2:3406631540","pid":1202,"t":1791306853.303998}
{"ev":"accepted","peer":"2:2727017198","pid":1202,"t":1791306853.30951}
{"ev":"accepted","peer":"2:3923597642","pid":1202,"t":1791306853.314648}
{"ev":"accepted","peer":"2:1134272324","pid":1202,"t":1791306853.319873}
{"ev":"accepted","peer":"2:3481394973","pid":1202,"t":1791306853.325885}
{"ev":"accepted","peer":"2:3497062863","pid":1202,"t":1791306853.3311}
{"ev":"accepted","peer":"2:2826928361","pid":1202,"t":1791306853.336484}
{"ev":"accepted","peer":"2:2755706387","pid":1202,"t":1791306853.34277}
{"ev":"accepted","peer":"2:3814333126","pid":1202,"t":1791306853.349673}
{"ev":"accepted","peer":"2:3848357253","pid":1202,"t":1791306853.355131}
{"ev":"accepted","peer":"2:3058846534","pid":1202,"t":1791306853.36039}
{"ev":"accepted","peer":"2:2228174232","pid":1202,"t":1791306853.366434}
{"ev":"accepted","peer":"2:3174320452","pid":1202,"t":1791306853.372729}
{"ev":"accepted","peer":"2:1760772698","pid":1202,"t":1791306853.378798}
{"ev":"accepted","peer":"2:4042783265","pid":1202,"t":1791306853.384545}
{"ev":"accepted","peer":"2:3318199859","pid":1202,"t":1791306853.389498}
{"ev":"accepted","peer":"2:1660036279","pid":1202,"t":1791306853.39561}
{"ev":"accepted","peer":"2:3046017366","pid":1202,"t":1791306853.401767}
{"ev":"accepted","peer":"2:3529538446","pid":1202,"t":1791306853.40786}
{"ev":"accepted","peer":"2:2099779000","pid":1202,"t":1791306853.413726}
{"ev":"accepted","peer":"2:535801114","pid":1202,"t":1791306853.419564}
{"ev":"accepted","peer":"2:3828823829","pid":1202,"t":1791306853.425736}
{"ev":"accepted","peer":"2:3167185682","pid":1202,"t":1791306853.432062}
{"ev":"accepted","peer":"2:2808980864","pid":1202,"t":1791306853.438046}
{"ev":"accepted","peer":"2:2601873197","pid":1202,"t":1791306853.443354}
{"ev":"accepted","peer":"2:2825014681","pid":1202,"t":1791306853.44995}
{"ev":"accepted","peer":"2:3980028224","pid":1202,"t":1791306853.455061}
{"ev":"accepted","peer":"2:1917006445","pid":1202,"t":1791306853.460413}
{"ev":"accepted","peer":"2:4091712857","pid":1202,"t":1791306853.4666}
{"ev":"accepted","peer":"2:3147113274","pid":1202,"t":1791306853.472107}
{"ev":"accepted","peer":"2:3667645488","pid":1202,"t":1791306853.478302}
{"ev":"accepted","peer":"2:51316947","pid":1202,"t":1791306853.48393}
{"ev":"accepted","peer":"2:2868549097","pid":1202,"t":1791306853.489087}
{"ev":"accepted","peer":"2:256618413","pid":1202,"t":1791306853.495216}
{"ev":"accepted","peer":"2:3693117140","pid":1202,"t":1791306853.500496}
{"ev":"accepted","peer":"2:1776965217","pid":1202,"t":1791306853.506687}
{"ev":"accepted","peer":"2:233498089","pid":1202,"t":1791306853.512767}
{"ev":"accepted","peer":"2:2683371257","pid":1202,"t":1791306853.518988}
{"ev":"accepted","peer":"2:654733915","pid":1202,"t":1791306853.52462}
{"ev":"accepted","peer":"2:2740631282","pid":1202,"t":1791306853.530044}
{"ev":"accepted","peer":"2:1823282775","pid":1202,"t":1791306853.536283}
{"ev":"accepted","peer":"2:295207992","pid":1202,"t":1791306853.541655}
{"ev":"accepted","peer":"2:739294878","pid":1202,"t":1791306853.547691}
{"ev":"accepted","peer":"2:2954736528","pid":1202,"t":1791306853.553777}
{"ev":"accepted","peer":"2:242867436","pid":1202,"t":1791306853.55983}
{"ev":"accepted","peer":"2:1619410076","pid":1202,"t":1791306853.566268}
{"ev":"accepted","peer":"2:4118195002","pid":1202,"t":1791306853.57191}
{"ev":"accepted","peer":"2:516528282","pid":1202,"t":1791306853.577258}
{"ev":"accepted","peer":"2:965152897","pid":1202,"t":1791306853.584711}
{"ev":"accepted","peer":"2:47015088","pid":1202,"t":1791306853.59023}
{"ev":"accepted","peer":"2:2639463315","pid":1202,"t":1791306853.596349}
{"ev":"accepted","peer":"2:4059232796","pid":1202,"t":1791306853.602533}
{"ev":"accepted","peer":"2:2097810358","pid":1202,"t":1791306853.608657}
{"ev":"accepted","peer":"2:3281798941","pid":1202,"t":1791306853.615311}
{"ev":"accepted","peer":"2:2325146000","pid":1202,"t":1791306853.6215}
{"ev":"accepted","peer":"2:1198290835","pid":1202,"t":1791306853.626572}
{"ev":"accepted","peer":"2:2506502839","pid":1202,"t":1791306853.632817}
{"ev":"accepted","peer":"2:3212109788","pid":1202,"t":1791306853.638821}
{"ev":"accepted","peer":"2:953514674","pid":1202,"t":1791306853.64482}
{"ev":"accepted","peer":"2:1903536093","pid":1202,"t":1791306853.658686}
{"ev":"accepted","peer":"2:248107409","pid":1202,"t":1791306853.667833}
{"ev":"accepted","peer":"2:1891544668","pid":1202,"t":1791306853.672983}
{"ev":"accepted","peer":"2:2248025503","pid":1202,"t":1791306853.678585}
{"ev":"accepted","peer":"2:3507554364","pid":1202,"t":1791306853.684306}
{"ev":"accepted","peer":"2:3347670765","pid":1202,"t":1791306853.690133}
{"ev":"accepted","peer":"2:2446415837","pid":1202,"t":1791306853.696325}
{"ev":"accepted","peer":"2:891122292","pid":1202,"t":1791306853.703068}
{"ev":"accepted","peer":"2:4223086277","pid":1202,"t":1791306853.708976}
{"ev":"accepted","peer":"2:4042365767","pid":1202,"t":1791306853.718588}
{"ev":"accepted","peer":"2:1732124118","pid":1202,"t":1791306853.724219}
{"ev":"accepted","peer":"2:241612131","pid":1202,"t":1791306853.729653}
{"ev":"accepted","peer":"2:810594935","pid":1202,"t":1791306853.735752}
{"ev":"accepted","peer":"2:2846822201","pid":1202,"t":1791306853.741875}
{"ev":"accepted","peer":"2:3873490514","pid":1202,"t":1791306853.747924}
{"ev":"accepted","peer":"2:638403436","pid":1202,"t":1791306853.754184}
{"ev":"accepted","peer":"2:4250723556","pid":1202,"t":1791306853.759301}
{"ev":"accepted","peer":"2:1698642583","pid":1202,"t":1791306853.764476}
{"ev":"accepted","peer":"2:1695936793","pid":1202,"t":1791306853.770722}
{"ev":"accepted","peer":"2:2400128056","pid":1202,"t":1791306853.775965}
{"ev":"accepted","peer":"2:167678460","pid":1202,"t":1791306853.782153}
{"ev":"accepted","peer":"2:2002563278","pid":1202,"t":1791306853.788326}
{"ev":"accepted","peer":"2:3413316281","pid":1202,"t":1791306853.794457}
{"ev":"accepted","peer":"2:1401969275","pid":1202,"t":1791306853.801318}
{"ev":"accepted","peer":"2:1994698108","pid":1202,"t":1791306853.807578}
{"ev":"accepted","peer":"2:88652893","pid":1202,"t":1791306853.813674}
{"ev":"accepted","peer":"2:1267155226","pid":1202,"t":1791306853.819884}
{"ev":"accepted","peer":"2:526758008","pid":1202,"t":1791306853.826236}
{"ev":"accepted","peer":"2:3578945668","pid":1202,"t":1791306853.831455}
{"ev":"accepted","peer":"2:3583295041","pid":1202,"t":1791306853.837667}
{"ev":"accepted","peer":"2:2579848694","pid":1202,"t":1791306853.842845}
{"ev":"accepted","peer":"2:3190889264","pid":1202,"t":1791306853.848955}
{"ev":"accepted","peer":"2:1931433847","pid":1202,"t":1791306853.8543}
{"ev":"accepted","peer":"2:3713925596","pid":1202,"t":1791306853.860476}
{"ev":"accepted","peer":"2:1058174768","pid":1202,"t":1791306853.86606}
{"ev":"accepted","peer":"2:3357671188","pid":1202,"t":1791306853.872211}
{"ev":"accepted","peer":"2:481801704","pid":1202,"t":1791306853.878285}
{"ev":"accepted","peer":"2:3053963204","pid":1202,"t":1791306853.884372}
{"ev":"accepted","peer":"2:211347961","pid":1202,"t":1791306853.889445}
{"ev":"accepted","peer":"2:649856611","pid":1202,"t":1791306853.895805}
{"ev":"accepted","peer":"2:4122574598","pid":1202,"t":1791306853.901919}
{"ev":"accepted","peer":"2:1808082276","pid":1202,"t":1791306853.90826}
{"ev":"accepted","peer":"2:2396832665","pid":1202,"t":1791306853.914217}
{"ev":"accepted","peer":"2:2153226713","pid":1202,"t":1791306853.920372}
{"ev":"accepted","peer":"2:2425873685","pid":1202,"t":1791306853.926391}
{"ev":"accepted","peer":"2:1519090931","pid":1202,"t":1791306853.932354}
{"ev":"accepted","peer":"2:734882551","pid":1202,"t":1791306853.938533}
{"ev":"accepted","peer":"2:4186876977","pid":1202,"t":1791306853.944609}
{"ev":"start","pid":1216,"port":1024,"t":1791306853.955914,"uid":0}
{"ev":"listening","pid":1216,"t":1791306853.956001}
{"ev":"accepted","peer":"2:378797718","pid":1216,"t":1791306853.956371}
{"ev":"accepted","peer":"2:1105293827","pid":1216,"t":1791306853.961375}
{"ev":"accepted","peer":"2:4253956459","pid":1216,"t":1791306853.966597}
{"ev":"accepted","peer":"2:3716636045","pid":1216,"t":1791306853.972076}
{"ev":"accepted","peer":"2:171929627","pid":1216,"t":1791306853.977434}
{"ev":"accepted","peer":"2:2010062374","pid":1216,"t":1791306853.983461}
{"ev":"accepted","peer":"2:2893575534","pid":1216,"t":1791306853.988709}
{"ev":"accepted","peer":"2:1216018516","pid":1216,"t":1791306853.994836}
{"ev":"accepted","peer":"2:1062592397","pid":1216,"t":1791306854.0009}
{"ev":"accepted","peer":"2:2261994257","pid":1216,"t":1791306854.006465}
{"ev":"accepted","peer":"2:270511453","pid":1216,"t":1791306854.012524}
{"ev":"accepted","peer":"2:2978114476","pid":1216,"t":1791306854.017791}
{"ev":"accepted","peer":"2:785405492","pid":1216,"t":1791306854.023893}
{"ev":"accepted","peer":"2:783527390","pid":1216,"t":1791306854.029963}
{"ev":"accepted","peer":"2:698262480","pid":1216,"t":1791306854.036253}
{"ev":"accepted","peer":"2:95709900","pid":1216,"t":1791306854.04228}
{"ev":"accepted","peer":"2:1537845865","pid":1216,"t":1791306854.048414}
{"ev":"accepted","peer":"2:352307546","pid":1216,"t":1791306854.054372}
{"ev":"accepted","peer":"2:2595962343","pid":1216,"t":1791306854.060648}
{"ev":"accepted","peer":"2:976367439","pid":1216,"t":1791306854.066679}
{"ev":"accepted","peer":"2:1409722539","pid":1216,"t":1791306854.072746}
{"ev":"accepted","peer":"2:3214820269","pid":1216,"t":1791306854.077898}
{"ev":"accepted","peer":"2:3441759357","pid":1216,"t":1791306854.083516}
{"ev":"accepted","peer":"2:3664845482","pid":1216,"t":1791306854.089761}
{"ev":"accepted","peer":"2:2588893594","pid":1216,"t":1791306854.096088}
{"ev":"accepted","peer":"2:1591895118","pid":1216,"t":1791306854.102236}
{"ev":"accepted","peer":"2:1440414877","pid":1216,"t":1791306854.108332}
{"ev":"accepted","peer":"2:4124018427","pid":1216,"t":1791306854.113958}
{"ev":"accepted","peer":"2:3794469739","pid":1216,"t":1791306854.119716}
{"ev":"accepted","peer":"2:2525300461","pid":1216,"t":1791306854.124857}
{"ev":"accepted","peer":"2:3131393324","pid":1216,"t":1791306854.131039}
{"ev":"accepted","peer":"2:4136925188","pid":1216,"t":1791306854.13725}
{"ev":"accepted","peer":"2:2087402932","pid":1216,"t":1791306854.143333}
{"ev":"accepted","peer":"2:3370973781","pid":1216,"t":1791306854.149483}
{"ev":"accepted","peer":"2:1869965908","pid":1216,"t":1791306854.155077}
{"ev":"accepted","peer":"2:1347148498","pid":1216,"t":1791306854.161243}
{"ev":"accepted","peer":"2:1834312890","pid":1216,"t":1791306854.16739}
{"ev":"accepted","peer":"2:3214963023","pid":1216,"t":1791306854.172591}
{"ev":"accepted","peer":"2:138659817","pid":1216,"t":1791306854.17872}
{"ev":"accepted","peer":"2:1431136249","pid":1216,"t":1791306854.184422}
{"ev":"accepted","peer":"2:3269485134","pid":1216,"t":1791306854.190638}
{"ev":"accepted","peer":"2:748775486","pid":1216,"t":1791306854.196801}
{"ev":"accepted","peer":"2:3311658713","pid":1216,"t":1791306854.202421}
{"ev":"accepted","peer":"2:2059261928","pid":1216,"t":1791306854.208554}
{"ev":"accepted","peer":"2:3213833816","pid":1216,"t":1791306854.214678}
{"ev":"accepted","peer":"2:2304535621","pid":1216,"t":1791306854.220781}
{"ev":"accepted","peer":"2:304600638","pid":1216,"t":1791306854.225892}
{"ev":"accepted","peer":"2:3425827433","pid":1216,"t":1791306854.231307}
{"ev":"accepted","peer":"2:937565287","pid":1216,"t":1791306854.237384}
{"ev":"accepted","peer":"2:2886703650","pid":1216,"t":1791306854.242712}
{"ev":"accepted","peer":"2:334583423","pid":1216,"t":1791306854.248936}
{"ev":"accepted","peer":"2:1262671181","pid":1216,"t":1791306854.255027}
{"ev":"accepted","peer":"2:2962516234","pid":1216,"t":1791306854.260832}
{"ev":"accepted","peer":"2:2525700264","pid":1216,"t":1791306854.266879}
{"ev":"accepted","peer":"2:2957470458","pid":1216,"t":1791306854.272988}
{"ev":"accepted","peer":"2:1111609821","pid":1216,"t":1791306854.279198}
{"ev":"accepted","peer":"2:1945383127","pid":1216,"t":1791306854.28546}
{"ev":"accepted","peer":"2:288055112","pid":1216,"t":1791306854.290915}
{"ev":"accepted","peer":"2:4083815395","pid":1216,"t":1791306854.296454}
{"ev":"accepted","peer":"2:3805054533","pid":1216,"t":1791306854.301504}
{"ev":"accepted","peer":"2:3497104904","pid":1216,"t":1791306854.307645}
{"ev":"accepted","peer":"2:1714848108","pid":1216,"t":1791306854.313722}
{"ev":"accepted","peer":"2:1442396914","pid":1216,"t":1791306854.318944}
{"ev":"accepted","peer":"2:1909129191","pid":1216,"t":1791306854.325073}
{"ev":"accepted","peer":"2:2823510466","pid":1216,"t":1791306854.330903}
{"ev":"accepted","peer":"2:3496338905","pid":1216,"t":1791306854.33698}
{"ev":"accepted","peer":"2:2091417196","pid":1216,"t":1791306854.343667}
{"ev":"accepted","peer":"2:4130868849","pid":1216,"t":1791306854.352402}
{"ev":"accepted","peer":"2:749503389","pid":1216,"t":1791306854.356383}
{"ev":"accepted","peer":"2:2831177072","pid":1216,"t":1791306854.362397}
{"ev":"accepted","peer":"2:3840849662","pid":1216,"t":1791306854.368501}
{"ev":"accepted","peer":"2:1937434738","pid":1216,"t":1791306854.373638}
{"ev":"accepted","peer":"2:2748148840","pid":1216,"t":1791306854.379908}
{"ev":"accepted","peer":"2:65223068","pid":1216,"t":1791306854.386026}
{"ev":"accepted","peer":"2:2532148635","pid":1216,"t":1791306854.391312}
{"ev":"accepted","peer":"2:1447502295","pid":1216,"t":1791306854.396972}
{"ev":"accepted","peer":"2:1860190983","pid":1216,"t":1791306854.403098}
{"ev":"accepted","peer":"2:1142593163","pid":1216,"t":1791306854.410003}
{"ev":"accepted","peer":"2:1351880066","pid":1216,"t":1791306854.416254}
{"ev":"accepted","peer":"2:2608276879","pid":1216,"t":1791306854.422338}
{"ev":"accepted","peer":"2:3271975554","pid":1216,"t":1791306854.428362}
{"ev":"accepted","peer":"2:778564337","pid":1216,"t":1791306854.434319}
{"ev":"accepted","peer":"2:3567012260","pid":1216,"t":1791306854.440333}
{"ev":"accepted","peer":"2:935968278","pid":1216,"t":1791306854.446373}
{"ev":"accepted","peer":"2:839495548","pid":1216,"t":1791306854.451541}
{"ev":"accepted","peer":"2:3182308174","pid":1216,"t":1791306854.457567}
{"ev":"accepted","peer":"2:1567748857","pid":1216,"t":1791306854.4638}
{"ev":"accepted","peer":"2:3380792633","pid":1216,"t":1791306854.469274}
{"ev":"accepted","peer":"2:244700895","pid":1216,"t":1791306854.475414}
{"ev":"accepted","peer":"2:2098153739","pid":1216,"t":1791306854.481238}
{"ev":"accepted","peer":"2:3519217272","pid":1216,"t":1791306854.486516}
{"ev":"accepted","peer":"2:1013383513","pid":1216,"t":1791306854.492583}
{"ev":"accepted","peer":"2:3678900864","pid":1216,"t":1791306854.498804}
{"ev":"accepted","peer":"2:1476145505","pid":1216,"t":1791306854.504025}
{"ev":"accepted","peer":"2:1609996704","pid":1216,"t":1791306854.510146}
{"ev":"accepted","peer":"2:3980486517","pid":1216,"t":1791306854.515245}
{"ev":"accepted","peer":"2:2659585218","pid":1216,"t":1791306854.520897}
{"ev":"accepted","peer":"2:2895027602","pid":1216,"t":1791306854.527104}
{"ev":"accepted","peer":"2:1426207699","pid":1216,"t":1791306854.532643}
{"ev":"accepted","peer":"2:254273945","pid":1216,"t":1791306854.538641}
{"ev":"accepted","peer":"2:2960535781","pid":1216,"t":1791306854.544771}
{"ev":"accepted","peer":"2:2243211122","pid":1216,"t":1791306854.550904}
{"ev":"accepted","peer":"2:1249313700","pid":1216,"t":1791306854.557101}
{"ev":"accepted","peer":"2:246959797","pid":1216,"t":1791306854.562898}
{"ev":"accepted","peer":"2:2359100943","pid":1216,"t":1791306854.568052}
{"ev":"accepted","peer":"2:2017849453","pid":1216,"t":1791306854.573221}
{"ev":"accepted","peer":"2:3732505781","pid":1216,"t":1791306854.579378}
{"ev":"accepted","peer":"2:457857839","pid":1216,"t":1791306854.584466}
{"ev":"accepted","peer":"2:112147412","pid":1216,"t":1791306854.590503}
{"ev":"accepted","peer":"2:1263439955","pid":1216,"t":1791306854.596738}
{"ev":"accepted","peer":"2:3449708238","pid":1216,"t":1791306854.602946}
{"ev":"accepted","peer":"2:3254513169","pid":1216,"t":1791306854.60923}
{"ev":"accepted","peer":"2:1434918443","pid":1216,"t":1791306854.615232}
{"ev":"accepted","peer":"2:450242273","pid":1216,"t":1791306854.621414}
{"ev":"accepted","peer":"2:645076209","pid":1216,"t":1791306854.626915}
{"ev":"accepted","peer":"2:3769164024","pid":1216,"t":1791306854.632978}
{"ev":"accepted","peer":"2:2131878585","pid":1216,"t":1791306854.638417}
{"ev":"accepted","peer":"2:479749200","pid":1216,"t":1791306854.644497}
{"ev":"accepted","peer":"2:2676397232","pid":1216,"t":1791306854.650636}
{"ev":"accepted","peer":"2:224711734","pid":1216,"t":1791306854.656643}
{"ev":"accepted","peer":"2:144213939","pid":1216,"t":1791306854.662739}
{"ev":"accepted","peer":"2:291722076","pid":1216,"t":1791306854.668807}
{"ev":"accepted","peer":"2:3806254994","pid":1216,"t":1791306854.675005}
{"ev":"accepted","peer":"2:1050002600","pid":1216,"t":1791306854.681223}
{"ev":"accepted","peer":"2:31858633","pid":1216,"t":1791306854.68658}
{"ev":"accepted","peer":"2:1735295089","pid":1216,"t":1791306854.691681}
{"ev":"accepted","peer":"2:2870201823","pid":1216,"t":1791306854.697761}
{"ev":"accepted","peer":"2:3049913474","pid":1216,"t":1791306854.703882}
{"ev":"accepted","peer":"2:3075425660","pid":1216,"t":1791306854.709142}
{"ev":"accepted","peer":"2:3739640965","pid":1216,"t":1791306854.715292}
{"ev":"accepted","peer":"2:3578067304","pid":1216,"t":1791306854.721556}
{"ev":"accepted","peer":"2:3873463257","pid":1216,"t":1791306854.727546}
{"ev":"accepted","peer":"2:3406983077","pid":1216,"t":1791306854.733708}
{"ev":"accepted","peer":"2:2174275404","pid":1216,"t":1791306854.739844}
{"ev":"accepted","peer":"2:2429460886","pid":1216,"t":1791306854.74608}
{"ev":"accepted","peer":"2:196043670","pid":1216,"t":1791306854.75211}
{"ev":"accepted","peer":"2:1494361398","pid":1216,"t":1791306854.758357}
{"ev":"accepted","peer":"2:619352832","pid":1216,"t":1791306854.764505}
{"ev":"accepted","peer":"2:233990871","pid":1216,"t":1791306854.770812}
{"ev":"accepted","peer":"2:2479798095","pid":1216,"t":1791306854.776042}
{"ev":"accepted","peer":"2:1189822970","pid":1216,"t":1791306854.782057}
{"ev":"accepted","peer":"2:1092510906","pid":1216,"t":1791306854.787488}
{"ev":"accepted","peer":"2:3445314685","pid":1216,"t":1791306854.793808}
{"ev":"accepted","peer":"2:3691915864","pid":1216,"t":1791306854.799036}
{"ev":"accepted","peer":"2:3760390533","pid":1216,"t":1791306854.805104}
{"ev":"accepted","peer":"2:2119764018","pid":1216,"t":1791306854.811177}
{"ev":"accepted","peer":"2:2011983243","pid":1216,"t":1791306854.817172}
{"ev":"accepted","peer":"2:1855585788","pid":1216,"t":1791306854.823252}
{"ev":"accepted","peer":"2:2918479916","pid":1216,"t":1791306854.829474}
{"ev":"accepted","peer":"2:285616271","pid":1216,"t":1791306854.834753}
{"ev":"accepted","peer":"2:794800597","pid":1216,"t":1791306854.840955}
{"ev":"accepted","peer":"2:3487968237","pid":1216,"t":1791306854.846051}
{"ev":"accepted","peer":"2:2936703251","pid":1216,"t":1791306854.851823}
{"ev":"accepted","peer":"2:1802906233","pid":1216,"t":1791306854.856961}
{"ev":"accepted","peer":"2:3147944433","pid":1216,"t":1791306854.863099}
{"ev":"accepted","peer":"2:356351716","pid":1216,"t":1791306854.86919}
{"ev":"accepted","peer":"2:107897133","pid":1216,"t":1791306854.874442}
{"ev":"accepted","peer":"2:2435235989","pid":1216,"t":1791306854.879744}
{"ev":"accepted","peer":"2:2430183803","pid":1216,"t":1791306854.890097}
{"ev":"accepted","peer":"2:790222849","pid":1216,"t":1791306854.896464}
{"ev":"accepted","peer":"2:2362995814","pid":1216,"t":1791306854.901657}
{"ev":"accepted","peer":"2:4023555965","pid":1216,"t":1791306854.907809}
{"ev":"accepted","peer":"2:1277279825","pid":1216,"t":1791306854.914046}
{"ev":"accepted","peer":"2:2042237718","pid":1216,"t":1791306854.920168}
{"ev":"accepted","peer":"2:3047065922","pid":1216,"t":1791306854.92567}
{"ev":"accepted","peer":"2:3433979021","pid":1216,"t":1791306854.9316}
{"ev":"accepted","peer":"2:3985208813","pid":1216,"t":1791306854.937697}
{"ev":"accepted","peer":"2:2927553091","pid":1216,"t":1791306854.943766}
{"ev":"accepted","peer":"2:3794392268","pid":1216,"t":1791306854.949804}
{"ev":"accepted","peer":"2:2813517381","pid":1216,"t":1791306854.956007}
{"ev":"accepted","peer":"2:3841909923","pid":1216,"t":1791306854.962097}
{"ev":"accepted","peer":"2:415179386","pid":1216,"t":1791306854.968187}
{"ev":"accepted","peer":"2:3530697951","pid":1216,"t":1791306854.974475}
{"ev":"accepted","peer":"2:3637737019","pid":1216,"t":1791306854.980452}
{"ev":"accepted","peer":"2:670838972","pid":1216,"t":1791306854.986188}
{"ev":"accepted","peer":"2:878846199","pid":1216,"t":1791306854.992138}
{"ev":"accepted","peer":"2:2284840917","pid":1216,"t":1791306854.998299}
{"ev":"accepted","peer":"2:2463280342","pid":1216,"t":1791306855.00446}
{"ev":"accepted","peer":"2:2349443180","pid":1216,"t":1791306855.010292}
{"ev":"accepted","peer":"2:2016128261","pid":1216,"t":1791306855.015596}
{"ev":"accepted","peer":"2:711010105","pid":1216,"t":1791306855.021684}
{"ev":"accepted","peer":"2:3578128172","pid":1216,"t":1791306855.027796}
{"ev":"accepted","peer":"2:1536009639","pid":1216,"t":1791306855.033859}
{"ev":"accepted","peer":"2:1200842196","pid":1216,"t":1791306855.040042}
{"ev":"accepted","peer":"2:1279465609","pid":1216,"t":1791306855.046073}
{"ev":"accepted","peer":"2:3754862251","pid":1216,"t":1791306855.052337}
{"ev":"accepted","peer":"2:1016359374","pid":1216,"t":1791306855.057734}
{"ev":"accepted","peer":"2:426855241","pid":1216,"t":1791306855.062786}
{"ev":"accepted","peer":"2:2700415240","pid":1216,"t":1791306855.068983}
{"ev":"accepted","peer":"2:2170817973","pid":1216,"t":1791306855.075102}
{"ev":"accepted","peer":"2:2043481862","pid":1216,"t":1791306855.080711}
{"ev":"accepted","peer":"2:2971810428","pid":1216,"t":1791306855.08692}
{"ev":"accepted","peer":"2:1067367696","pid":1216,"t":1791306855.09214}
{"ev":"accepted","peer":"2:242930497","pid":1216,"t":1791306855.097305}
{"ev":"accepted","peer":"2:1916137575","pid":1216,"t":1791306855.103432}
{"ev":"accepted","peer":"2:233630371","pid":1216,"t":1791306855.109442}
{"ev":"accepted","peer":"2:1546235490","pid":1216,"t":1791306855.115504}
{"ev":"accepted","peer":"2:720670006","pid":1216,"t":1791306855.121625}
{"ev":"accepted","peer":"2:1254015254","pid":1216,"t":1791306855.127704}
{"ev":"accepted","peer":"2:3378321995","pid":1216,"t":1791306855.13379}
{"ev":"accepted","peer":"2:3755529757","pid":1216,"t":1791306855.13996}
{"ev":"accepted","peer":"2:3776970085","pid":1216,"t":1791306855.146233}
{"ev":"accepted","peer":"2:1475080991","pid":1216,"t":1791306855.152321}
{"ev":"accepted","peer":"2:1033323704","pid":1216,"t":1791306855.158598}
{"ev":"accepted","peer":"2:2846829065","pid":1216,"t":1791306855.164533}
{"ev":"accepted","peer":"2:657462253","pid":1216,"t":1791306855.170618}
{"ev":"accepted","peer":"2:245690331","pid":1216,"t":1791306855.17681}
{"ev":"accepted","peer":"2:4054560371","pid":1216,"t":1791306855.182751}
{"ev":"accepted","peer":"2:492199713","pid":1216,"t":1791306855.188801}
{"ev":"accepted","peer":"2:699546625","pid":1216,"t":1791306855.194755}
{"ev":"accepted","peer":"2:4191436021","pid":1216,"t":1791306855.200853}
{"ev":"accepted","peer":"2:2661411179","pid":1216,"t":1791306855.20703}
{"ev":"accepted","peer":"2:200855036","pid":1216,"t":1791306855.212505}
{"ev":"accepted","peer":"2:3817027654","pid":1216,"t":1791306855.218575}
{"ev":"accepted","peer":"2:3158432169","pid":1216,"t":1791306855.224684}
{"ev":"accepted","peer":"2:3699136064","pid":1216,"t":1791306855.230816}
{"ev":"accepted","peer":"2:4272218804","pid":1216,"t":1791306855.23711}
{"ev":"accepted","peer":"2:168874250","pid":1216,"t":1791306855.242308}
{"ev":"accepted","peer":"2:1475909059","pid":1216,"t":1791306855.248374}
{"ev":"accepted","peer":"2:4274079149","pid":1216,"t":1791306855.253932}
{"ev":"accepted","peer":"2:335095500","pid":1216,"t":1791306855.259358}
{"ev":"accepted","peer":"2:6820312","pid":1216,"t":1791306855.264776}
{"ev":"accepted","peer":"2:596410703","pid":1216,"t":1791306855.270929}
{"ev":"accepted","peer":"2:3268343218","pid":1216,"t":1791306855.275995}
{"ev":"accepted","peer":"2:773469346","pid":1216,"t":1791306855.281643}
{"ev":"accepted","peer":"2:2472893834","pid":1216,"t":1791306855.287374}
{"ev":"accepted","peer":"2:616857380","pid":1216,"t":1791306855.293588}
{"ev":"accepted","peer":"2:2476910513","pid":1216,"t":1791306855.300076}
{"ev":"accepted","peer":"2:3323382561","pid":1216,"t":1791306855.306088}
{"ev":"accepted","peer":"2:2397909887","pid":1216,"t":1791306855.312214}
{"ev":"accepted","peer":"2:904320306","pid":1216,"t":1791306855.317849}
{"ev":"accepted","peer":"2:3260985417","pid":1216,"t":1791306855.324178}
{"ev":"accepted","peer":"2:1174677522","pid":1216,"t":1791306855.33012}
{"ev":"accepted","peer":"2:1745104922","pid":1216,"t":1791306855.335217}
{"ev":"accepted","peer":"2:2769402084","pid":1216,"t":1791306855.341453}
{"ev":"accepted","peer":"2:1903690081","pid":1216,"t":1791306855.347584}
{"ev":"accepted","peer":"2:3204607800","pid":1216,"t":1791306855.35371}
{"ev":"accepted","peer":"2:1494326526","pid":1216,"t":1791306855.359489}
{"ev":"accepted","peer":"2:1099782904","pid":1216,"t":1791306855.365612}
{"ev":"accepted","peer":"2:3574855760","pid":1216,"t":1791306855.371725}
{"ev":"accepted","peer":"2:1035416918","pid":1216,"t":1791306855.377745}
{"ev":"accepted","peer":"2:2673458739","pid":1216,"t":1791306855.383599}
{"ev":"accepted","peer":"2:3554582113","pid":1216,"t":1791306855.389782}
{"ev":"accepted","peer":"2:1081461225","pid":1216,"t":1791306855.39502}
{"ev":"accepted","peer":"2:3426435983","pid":1216,"t":1791306855.401653}
{"ev":"accepted","peer":"2:2645578758","pid":1216,"t":1791306855.406962}
{"ev":"accepted","peer":"2:3659867610","pid":1216,"t":1791306855.412254}
{"ev":"accepted","peer":"2:3626068988","pid":1216,"t":1791306855.418297}
{"ev":"accepted","peer":"2:4109571379","pid":1216,"t":1791306855.423588}
{"ev":"accepted","peer":"2:3838204300","pid":1216,"t":1791306855.429735}
{"ev":"accepted","peer":"2:2812089065","pid":1216,"t":1791306855.435848}
{"ev":"accepted","peer":"2:3903119039","pid":1216,"t":1791306855.441498}
{"ev":"accepted","peer":"2:2684840390","pid":1216,"t":1791306855.44838}
{"ev":"accepted","peer":"2:933281641","pid":1216,"t":1791306855.453848}
{"ev":"accepted","peer":"2:3757804927","pid":1216,"t":1791306855.459951}
{"ev":"accepted","peer":"2:4095178505","pid":1216,"t":1791306855.465085}
{"ev":"accepted","peer":"2:245630870","pid":1216,"t":1791306855.470565}
{"ev":"accepted","peer":"2:2653595867","pid":1216,"t":1791306855.475742}
{"ev":"accepted","peer":"2:513226894","pid":1216,"t":1791306855.480924}
{"ev":"accepted","peer":"2:1904869028","pid":1216,"t":1791306855.487077}
{"ev":"accepted","peer":"2:1556903568","pid":1216,"t":1791306855.492261}
{"ev":"accepted","peer":"2:3715118321","pid":1216,"t":1791306855.497803}
{"ev":"accepted","peer":"2:407300989","pid":1216,"t":1791306855.504022}
{"ev":"accepted","peer":"2:2326153979","pid":1216,"t":1791306855.509968}
{"ev":"accepted","peer":"2:162928293","pid":1216,"t":1791306855.515794}
{"ev":"accepted","peer":"2:2533768174","pid":1216,"t":1791306855.521861}
{"ev":"accepted","peer":"2:1288315570","pid":1216,"t":1791306855.527573}
{"ev":"accepted","peer":"2:313219157","pid":1216,"t":1791306855.533575}
{"ev":"accepted","peer":"2:1333101357","pid":1216,"t":1791306855.538883}
{"ev":"accepted","peer":"2:1536265310","pid":1216,"t":1791306855.545018}
{"ev":"accepted","peer":"2:1794505345","pid":1216,"t":1791306855.551294}
{"ev":"accepted","peer":"2:2428511079","pid":1216,"t":1791306855.557342}
{"ev":"accepted","peer":"2:571643047","pid":1216,"t":1791306855.562902}
{"ev":"accepted","peer":"2:770094666","pid":1216,"t":1791306855.569003}
{"ev":"accepted","peer":"2:1080179079","pid":1216,"t":1791306855.575245}
{"ev":"accepted","peer":"2:673412098","pid":1216,"t":1791306855.58027}
{"ev":"accepted","peer":"2:1174209248","pid":1216,"t":1791306855.586491}
{"ev":"accepted","peer":"2:923349577","pid":1216,"t":1791306855.592716}
{"ev":"accepted","peer":"2:1093230720","pid":1216,"t":1791306855.598467}
{"ev":"accepted","peer":"2:3337796640","pid":1216,"t":1791306855.603048}
{"ev":"accepted","peer":"2:1876360696","pid":1216,"t":1791306855.609152}
{"ev":"accepted","peer":"2:4259706923","pid":1216,"t":1791306855.615206}
{"ev":"accepted","peer":"2:570321456","pid":1216,"t":1791306855.621547}
{"ev":"accepted","peer":"2:3375242233","pid":1216,"t":1791306855.627078}
{"ev":"accepted","peer":"2:527729466","pid":1216,"t":1791306855.633187}
{"ev":"accepted","peer":"2:2008957884","pid":1216,"t":1791306855.639235}
{"ev":"accepted","peer":"2:59521198","pid":1216,"t":1791306855.64541}
{"ev":"accepted","peer":"2:1563054324","pid":1216,"t":1791306855.651704}
{"ev":"accepted","peer":"2:729743511","pid":1216,"t":1791306855.65645}
{"ev":"accepted","peer":"2:670769482","pid":1216,"t":1791306855.661711}
{"ev":"accepted","peer":"2:4198439215","pid":1216,"t":1791306855.667927}
{"ev":"accepted","peer":"2:1921182105","pid":1216,"t":1791306855.673839}
{"ev":"accepted","peer":"2:1916369635","pid":1216,"t":1791306855.679568}
{"ev":"accepted","peer":"2:1256260748","pid":1216,"t":1791306855.685664}
{"ev":"accepted","peer":"2:3788133475","pid":1216,"t":1791306855.69179}
{"ev":"accepted","peer":"2:339243743","pid":1216,"t":1791306855.698033}
{"ev":"accepted","peer":"2:4106826088","pid":1216,"t":1791306855.704171}
{"ev":"accepted","peer":"2:3956261630","pid":1216,"t":1791306855.709218}
{"ev":"accepted","peer":"2:2030124759","pid":1216,"t":1791306855.714398}
{"ev":"accepted","peer":"2:3921390679","pid":1216,"t":1791306855.720403}
{"ev":"accepted","peer":"2:1519674933","pid":1216,"t":1791306855.726121}
{"ev":"accepted","peer":"2:2525671933","pid":1216,"t":1791306855.732452}
{"ev":"accepted","peer":"2:1479685215","pid":1216,"t":1791306855.737492}
{"ev":"accepted","peer":"2:3396147329","pid":1216,"t":1791306855.743482}
{"ev":"accepted","peer":"2:1457073405","pid":1216,"t":1791306855.748997}
{"ev":"accepted","peer":"2:2447059243","pid":1216,"t":1791306855.754926}
{"ev":"accepted","peer":"2:3089753373","pid":1216,"t":1791306855.761118}
{"ev":"accepted","peer":"2:2005013825","pid":1216,"t":1791306855.76717}
{"ev":"accepted","peer":"2:980798929","pid":1216,"t":1791306855.773303}
{"ev":"accepted","peer":"2:616043797","pid":1216,"t":1791306855.779491}
{"ev":"accepted","peer":"2:3735861735","pid":1216,"t":1791306855.785584}
{"ev":"accepted","peer":"2:2468552889","pid":1216,"t":1791306855.79141}
{"ev":"accepted","peer":"2:3641652743","pid":1216,"t":1791306855.797573}
{"ev":"accepted","peer":"2:1471190823","pid":1216,"t":1791306855.802735}
{"ev":"accepted","peer":"2:1212070934","pid":1216,"t":1791306855.808}
{"ev":"accepted","peer":"2:641244970","pid":1216,"t":1791306855.813911}
{"ev":"accepted","peer":"2:1991224673","pid":1216,"t":1791306855.820016}
{"ev":"accepted","peer":"2:921901064","pid":1216,"t":1791306855.826289}
{"ev":"accepted","peer":"2:2035470154","pid":1216,"t":1791306855.832318}
{"ev":"accepted","peer":"2:1352750903","pid":1216,"t":1791306855.838024}
{"ev":"accepted","peer":"2:796016373","pid":1216,"t":1791306855.844362}
{"ev":"accepted","peer":"2:1394712036","pid":1216,"t":1791306855.85043}
{"ev":"accepted","peer":"2:1607925071","pid":1216,"t":1791306855.856526}
{"ev":"accepted","peer":"2:2974393371","pid":1216,"t":1791306855.862701}
{"ev":"accepted","peer":"2:214372191","pid":1216,"t":1791306855.868824}
{"ev":"accepted","peer":"2:1866672345","pid":1216,"t":1791306855.875029}
{"ev":"accepted","peer":"2:1293627904","pid":1216,"t":1791306855.880078}
{"ev":"accepted","peer":"2:65393833","pid":1216,"t":1791306855.886132}
{"ev":"accepted","peer":"2:3060199755","pid":1216,"t":1791306855.891514}
{"ev":"accepted","peer":"2:3459062946","pid":1216,"t":1791306855.898043}
{"ev":"accepted","peer":"2:2330363814","pid":1216,"t":1791306855.90325}
{"ev":"accepted","peer":"2:855688097","pid":1216,"t":1791306855.909388}
{"ev":"accepted","peer":"2:2747578358","pid":1216,"t":1791306855.915466}
{"ev":"accepted","peer":"2:4041707386","pid":1216,"t":1791306855.9215}
{"ev":"accepted","peer":"2:2304502623","pid":1216,"t":1791306855.927683}
{"ev":"accepted","peer":"2:1477675484","pid":1216,"t":1791306855.933338}
{"ev":"accepted","peer":"2:3028075836","pid":1216,"t":1791306855.93907}
{"ev":"accepted","peer":"2:719038218","pid":1216,"t":1791306855.945185}
{"ev":"accepted","peer":"2:1220706565","pid":1216,"t":1791306855.951159}
{"ev":"accepted","peer":"2:1713665988","pid":1216,"t":1791306855.957034}
{"ev":"accepted","peer":"2:2403459928","pid":1216,"t":1791306855.96309}
{"ev":"accepted","peer":"2:1703964148","pid":1216,"t":1791306855.968382}
{"ev":"accepted","peer":"2:974423862","pid":1216,"t":1791306855.974581}
{"ev":"accepted","peer":"2:3413263977","pid":1216,"t":1791306855.980593}
{"ev":"accepted","peer":"2:705608275","pid":1216,"t":1791306855.986735}
{"ev":"accepted","peer":"2:3927404873","pid":1216,"t":1791306855.992735}
{"ev":"accepted","peer":"2:3846570258","pid":1216,"t":1791306855.998811}
{"ev":"accepted","peer":"2:2616492556","pid":1216,"t":1791306856.004158}
{"ev":"accepted","peer":"2:4164105419","pid":1216,"t":1791306856.009388}
{"ev":"accepted","peer":"2:2699344576","pid":1216,"t":1791306856.015592}
{"ev":"accepted","peer":"2:1549144868","pid":1216,"t":1791306856.021902}
{"ev":"accepted","peer":"2:3155794572","pid":1216,"t":1791306856.028093}
{"ev":"accepted","peer":"2:1163803517","pid":1216,"t":1791306856.034137}
{"ev":"accepted","peer":"2:4065815869","pid":1216,"t":1791306856.04037}
{"ev":"accepted","peer":"2:2164748601","pid":1216,"t":1791306856.045495}
{"ev":"accepted","peer":"2:3752040150","pid":1216,"t":1791306856.051121}
{"ev":"accepted","peer":"2:2521936626","pid":1216,"t":1791306856.056948}
{"ev":"accepted","peer":"2:1776896404","pid":1216,"t":1791306856.062524}
{"ev":"accepted","peer":"2:79856612","pid":1216,"t":1791306856.067486}
{"ev":"accepted","peer":"2:2915424616","pid":1216,"t":1791306856.073252}
{"ev":"accepted","peer":"2:1562633569","pid":1216,"t":1791306856.078813}
{"ev":"accepted","peer":"2:3737835394","pid":1216,"t":1791306856.084432}
{"ev":"accepted","peer":"2:2022449601","pid":1216,"t":1791306856.090576}
{"ev":"accepted","peer":"2:577267500","pid":1216,"t":1791306856.096774}
{"ev":"accepted","peer":"2:2983332039","pid":1216,"t":1791306856.10281}
{"ev":"accepted","peer":"2:2453233899","pid":1216,"t":1791306856.108806}
{"ev":"accepted","peer":"2:2865303418","pid":1216,"t":1791306856.113982}
{"ev":"accepted","peer":"2:116260419","pid":1216,"t":1791306856.120157}
{"ev":"accepted","peer":"2:1170691375","pid":1216,"t":1791306856.126239}
{"ev":"accepted","peer":"2:1046814820","pid":1216,"t":1791306856.132277}
{"ev":"accepted","peer":"2:387120755","pid":1216,"t":1791306856.138459}
{"ev":"accepted","peer":"2:3033849526","pid":1216,"t":1791306856.144707}
{"ev":"accepted","peer":"2:279393277","pid":1216,"t":1791306856.15088}
{"ev":"accepted","peer":"2:290085021","pid":1216,"t":1791306856.156121}
{"ev":"accepted","peer":"2:3483417375","pid":1216,"t":1791306856.161201}
{"ev":"accepted","peer":"2:1499142877","pid":1216,"t":1791306856.167263}
{"ev":"accepted","peer":"2:2019713465","pid":1216,"t":1791306856.17349}
{"ev":"accepted","peer":"2:2742565035","pid":1216,"t":1791306856.179479}
{"ev":"accepted","peer":"2:3765112050","pid":1216,"t":1791306856.185398}
{"ev":"accepted","peer":"2:2136129958","pid":1216,"t":1791306856.191462}
{"ev":"accepted","peer":"2:77267490","pid":1216,"t":1791306856.197777}
{"ev":"accepted","peer":"2:1407482605","pid":1216,"t":1791306856.20379}
{"ev":"accepted","peer":"2:2429127371","pid":1216,"t":1791306856.208924}
{"ev":"accepted","peer":"2:2309523539","pid":1216,"t":1791306856.214167}
{"ev":"accepted","peer":"2:2859101044","pid":1216,"t":1791306856.21981}
{"ev":"accepted","peer":"2:467060465","pid":1216,"t":1791306856.225801}
{"ev":"accepted","peer":"2:663838266","pid":1216,"t":1791306856.231063}
{"ev":"accepted","peer":"2:4281126920","pid":1216,"t":1791306856.237223}
{"ev":"accepted","peer":"2:274865020","pid":1216,"t":1791306856.242422}
{"ev":"accepted","peer":"2:2387061727","pid":1216,"t":1791306856.248592}
{"ev":"accepted","peer":"2:2733980190","pid":1216,"t":1791306856.254667}
{"ev":"accepted","peer":"2:189976428","pid":1216,"t":1791306856.260316}
{"ev":"accepted","peer":"2:3017816915","pid":1216,"t":1791306856.266286}
{"ev":"accepted","peer":"2:1328657775","pid":1216,"t":1791306856.272373}
{"ev":"accepted","peer":"2:2195103501","pid":1216,"t":1791306856.278599}
{"ev":"accepted","peer":"2:255693183","pid":1216,"t":1791306856.284644}
{"ev":"accepted","peer":"2:2700257130","pid":1216,"t":1791306856.290741}
{"ev":"accepted","peer":"2:3812378350","pid":1216,"t":1791306856.29687}
{"ev":"accepted","peer":"2:4062275518","pid":1216,"t":1791306856.30304}
{"ev":"accepted","peer":"2:425352119","pid":1216,"t":1791306856.308203}
{"ev":"accepted","peer":"2:2620834243","pid":1216,"t":1791306856.31426}
{"ev":"accepted","peer":"2:522359508","pid":1216,"t":1791306856.320369}
{"ev":"accepted","peer":"2:1008182478","pid":1216,"t":1791306856.326509}
{"ev":"accepted","peer":"2:1958194796","pid":1216,"t":1791306856.332659}
{"ev":"accepted","peer":"2:3178344470","pid":1216,"t":1791306856.33791}
{"ev":"accepted","peer":"2:3213460766","pid":1216,"t":1791306856.343998}
{"ev":"accepted","peer":"2:3984750360","pid":1216,"t":1791306856.350134}
{"ev":"accepted","peer":"2:1396776379","pid":1216,"t":1791306856.356379}
{"ev":"accepted","peer":"2:3728294537","pid":1216,"t":1791306856.362552}
{"ev":"accepted","peer":"2:2444898206","pid":1216,"t":1791306856.368618}
{"ev":"accepted","peer":"2:3025168998","pid":1216,"t":1791306856.374698}
{"ev":"accepted","peer":"2:515329687","pid":1216,"t":1791306856.380856}
{"ev":"accepted","peer":"2:1913598427","pid":1216,"t":1791306856.386933}
{"ev":"accepted","peer":"2:784544997","pid":1216,"t":1791306856.392797}
{"ev":"accepted","peer":"2:2979050415","pid":1216,"t":1791306856.399055}
{"ev":"accepted","peer":"2:2576810747","pid":1216,"t":1791306856.405129}
{"ev":"accepted","peer":"2:3103180553","pid":1216,"t":1791306856.411199}
{"ev":"accepted","peer":"2:1356202442","pid":1216,"t":1791306856.417432}
{"ev":"accepted","peer":"2:296313338","pid":1216,"t":1791306856.423564}
{"ev":"accepted","peer":"2:1012882982","pid":1216,"t":1791306856.429658}
{"ev":"accepted","peer":"2:2719923404","pid":1216,"t":1791306856.434868}
{"ev":"accepted","peer":"2:1476587348","pid":1216,"t":1791306856.441073}
{"ev":"accepted","peer":"2:4253689343","pid":1216,"t":1791306856.448139}
{"ev":"accepted","peer":"2:107431522","pid":1216,"t":1791306856.453427}
{"ev":"accepted","peer":"2:4092617009","pid":1216,"t":1791306856.459535}
{"ev":"accepted","peer":"2:1372836724","pid":1216,"t":1791306856.465113}
{"ev":"accepted","peer":"2:884171016","pid":1216,"t":1791306856.470255}
{"ev":"accepted","peer":"2:168575188","pid":1216,"t":1791306856.475516}
{"ev":"accepted","peer":"2:2102824921","pid":1216,"t":1791306856.481677}
{"ev":"accepted","peer":"2:1828921447","pid":1216,"t":1791306856.48677}
{"ev":"accepted","peer":"2:1362565139","pid":1216,"t":1791306856.492934}
{"ev":"accepted","peer":"2:1390975839","pid":1216,"t":1791306856.499145}
{"ev":"accepted","peer":"2:360635129","pid":1216,"t":1791306856.505185}
{"ev":"accepted","peer":"2:1662937678","pid":1216,"t":1791306856.510638}
{"ev":"accepted","peer":"2:3508252715","pid":1216,"t":1791306856.516734}
{"ev":"accepted","peer":"2:3571784052","pid":1216,"t":1791306856.52274}
{"ev":"accepted","peer":"2:1591610921","pid":1216,"t":1791306856.528384}
{"ev":"accepted","peer":"2:2335454842","pid":1216,"t":1791306856.533694}
{"ev":"accepted","peer":"2:2749957580","pid":1216,"t":1791306856.539569}
{"ev":"accepted","peer":"2:1211929519","pid":1216,"t":1791306856.545545}
{"ev":"accepted","peer":"2:914328806","pid":1216,"t":1791306856.551384}
{"ev":"accepted","peer":"2:1968521020","pid":1216,"t":1791306856.557454}
{"ev":"accepted","peer":"2:2079601731","pid":1216,"t":1791306856.563835}
{"ev":"accepted","peer":"2:1975043755","pid":1216,"t":1791306856.569787}
{"ev":"accepted","peer":"2:3144340250","pid":1216,"t":1791306856.575804}
{"ev":"accepted","peer":"2:259927351","pid":1216,"t":1791306856.581936}
{"ev":"accepted","peer":"2:1528920278","pid":1216,"t":1791306856.58804}
{"ev":"accepted","peer":"2:2458809390","pid":1216,"t":1791306856.593315}
{"ev":"accepted","peer":"2:3790484329","pid":1216,"t":1791306856.599679}
{"ev":"accepted","peer":"2:3716062687","pid":1216,"t":1791306856.605929}
{"ev":"accepted","peer":"2:4219989724","pid":1216,"t":1791306856.611132}
{"ev":"accepted","peer":"2:4251128022","pid":1216,"t":1791306856.616167}
{"ev":"accepted","peer":"2:1745068506","pid":1216,"t":1791306856.622251}
{"ev":"accepted","peer":"2:2760132908","pid":1216,"t":1791306856.628362}
{"ev":"accepted","peer":"2:3489473523","pid":1216,"t":1791306856.63455}
{"ev":"accepted","peer":"2:2641312618","pid":1216,"t":1791306856.640793}
{"ev":"accepted","peer":"2:2493551270","pid":1216,"t":1791306856.646941}
{"ev":"accepted","peer":"2:2698361863","pid":1216,"t":1791306856.652993}
{"ev":"accepted","peer":"2:4266147966","pid":1216,"t":1791306856.659078}
{"ev":"accepted","peer":"2:3235903960","pid":1216,"t":1791306856.66612}
{"ev":"accepted","peer":"2:378624601","pid":1216,"t":1791306856.671466}
{"ev":"accepted","peer":"2:1449962019","pid":1216,"t":1791306856.677587}
{"ev":"accepted","peer":"2:2658102109","pid":1216,"t":1791306856.683807}
{"ev":"accepted","peer":"2:3527585366","pid":1216,"t":1791306856.688944}
{"ev":"accepted","peer":"2:2093573777","pid":1216,"t":1791306856.695248}
{"ev":"accepted","peer":"2:3236983220","pid":1216,"t":1791306856.701495}
{"ev":"accepted","peer":"2:1706113378","pid":1216,"t":1791306856.70741}
{"ev":"accepted","peer":"2:2707629087","pid":1216,"t":1791306856.713457}
{"ev":"accepted","peer":"2:3778170021","pid":1216,"t":1791306856.71957}
{"ev":"accepted","peer":"2:2156596448","pid":1216,"t":1791306856.725696}
{"ev":"accepted","peer":"2:1868909433","pid":1216,"t":1791306856.731922}
{"ev":"accepted","peer":"2:865213106","pid":1216,"t":1791306856.737617}
{"ev":"accepted","peer":"2:2945796525","pid":1216,"t":1791306856.743599}
{"ev":"accepted","peer":"2:1801564565","pid":1216,"t":1791306856.749651}
{"ev":"accepted","peer":"2:1491257345","pid":1216,"t":1791306856.755837}
{"ev":"accepted","peer":"2:1256754206","pid":1216,"t":1791306856.761974}
{"ev":"accepted","peer":"2:3712881168","pid":1216,"t":1791306856.768031}
{"ev":"accepted","peer":"2:1946258729","pid":1216,"t":1791306856.773306}
{"ev":"accepted","peer":"2:2749054697","pid":1216,"t":1791306856.778641}
{"ev":"accepted","peer":"2:4228951467","pid":1216,"t":1791306856.784416}
{"ev":"accepted","peer":"2:2301034287","pid":1216,"t":1791306856.790501}
{"ev":"accepted","peer":"2:3587911056","pid":1216,"t":1791306856.796593}
{"ev":"accepted","peer":"2:3223481258","pid":1216,"t":1791306856.80264}
{"ev":"accepted","peer":"2:3762528922","pid":1216,"t":1791306856.808852}
{"ev":"accepted","peer":"2:615467656","pid":1216,"t":1791306856.813953}
{"ev":"accepted","peer":"2:798966825","pid":1216,"t":1791306856.820044}
{"ev":"accepted","peer":"2:3619986309","pid":1216,"t":1791306856.826083}
{"ev":"accepted","peer":"2:1101699170","pid":1216,"t":1791306856.832331}
{"ev":"accepted","peer":"2:3711846088","pid":1216,"t":1791306856.838417}
{"ev":"accepted","peer":"2:1512888478","pid":1216,"t":1791306856.844509}
{"ev":"accepted","peer":"2:2839132812","pid":1216,"t":1791306856.85078}
{"ev":"accepted","peer":"2:3048566838","pid":1216,"t":1791306856.856112}
{"ev":"accepted","peer":"2:2252763715","pid":1216,"t":1791306856.862221}
{"ev":"accepted","peer":"2:2446518581","pid":1216,"t":1791306856.867854}
{"ev":"accepted","peer":"2:4110641476","pid":1216,"t":1791306856.873857}
{"ev":"accepted","peer":"2:1292422861","pid":1216,"t":1791306856.879932}
{"ev":"accepted","peer":"2:538762668","pid":1216,"t":1791306856.885597}
{"ev":"accepted","peer":"2:1284872633","pid":1216,"t":1791306856.89167}
{"ev":"accepted","peer":"2:2979627409","pid":1216,"t":1791306856.897886}
{"ev":"accepted","peer":"2:2222827421","pid":1216,"t":1791306856.90407}
{"ev":"accepted","peer":"2:2995109505","pid":1216,"t":1791306856.910216}
{"ev":"accepted","peer":"2:3167669046","pid":1216,"t":1791306856.916116}
{"ev":"accepted","peer":"2:4269927258","pid":1216,"t":1791306856.922246}
{"ev":"accepted","peer":"2:2832472768","pid":1216,"t":1791306856.928309}
{"ev":"accepted","peer":"2:2522463700","pid":1216,"t":1791306856.93432}
{"ev":"accepted","peer":"2:3593594129","pid":1216,"t":1791306856.9404}
{"ev":"accepted","peer":"2:4132199923","pid":1216,"t":1791306856.946627}
{"ev":"accepted","peer":"2:357607033","pid":1216,"t":1791306856.952689}
{"ev":"accepted","peer":"2:4203631831","pid":1216,"t":1791306856.958766}
{"ev":"accepted","peer":"2:3811709634","pid":1216,"t":1791306856.964891}
{"ev":"accepted","peer":"2:2110594628","pid":1216,"t":1791306856.970887}
{"ev":"accepted","peer":"2:3616932563","pid":1216,"t":1791306856.976663}
{"ev":"accepted","peer":"2:1129824900","pid":1216,"t":1791306856.982823}
{"ev":"accepted","peer":"2:856202734","pid":1216,"t":1791306856.988873}
{"ev":"accepted","peer":"2:574364445","pid":1216,"t":1791306856.994522}
{"ev":"accepted","peer":"2:45217367","pid":1216,"t":1791306857.000495}
{"ev":"accepted","peer":"2:1676265363","pid":1216,"t":1791306857.006533}
{"ev":"accepted","peer":"2:2465939925","pid":1216,"t":1791306857.012582}
{"ev":"accepted","peer":"2:1059189560","pid":1216,"t":1791306857.017938}
{"ev":"accepted","peer":"2:3503742882","pid":1216,"t":1791306857.02402}
{"ev":"accepted","peer":"2:3524889260","pid":1216,"t":1791306857.030136}
{"ev":"accepted","peer":"2:2483996154","pid":1216,"t":1791306857.036328}
{"ev":"accepted","peer":"2:2958932097","pid":1216,"t":1791306857.042634}
{"ev":"accepted","peer":"2:3279555138","pid":1216,"t":1791306857.048712}
{"ev":"accepted","peer":"2:271452617","pid":1216,"t":1791306857.054747}
{"ev":"accepted","peer":"2:2766606690","pid":1216,"t":1791306857.060893}
{"ev":"accepted","peer":"2:1162424299","pid":1216,"t":1791306857.067114}
{"ev":"accepted","peer":"2:359917812","pid":1216,"t":1791306857.072287}
{"ev":"accepted","peer":"2:2328776088","pid":1216,"t":1791306857.077494}
{"ev":"accepted","peer":"2:2236189665","pid":1216,"t":1791306857.08323}
{"ev":"accepted","peer":"2:1028719901","pid":1216,"t":1791306857.089366}
{"ev":"accepted","peer":"2:1527139433","pid":1216,"t":1791306857.095471}
{"ev":"accepted","peer":"2:2061455518","pid":1216,"t":1791306857.101145}
{"ev":"accepted","peer":"2:3480510891","pid":1216,"t":1791306857.107264}
{"ev":"accepted","peer":"2:3046905221","pid":1216,"t":1791306857.113269}
{"ev":"accepted","peer":"2:2655543746","pid":1216,"t":1791306857.118496}
{"ev":"accepted","peer":"2:4070673897","pid":1216,"t":1791306857.124557}
{"ev":"accepted","peer":"2:2287793725","pid":1216,"t":1791306857.130642}
{"ev":"accepted","peer":"2:616617086","pid":1216,"t":1791306857.135869}
{"ev":"accepted","peer":"2:30932519","pid":1216,"t":1791306857.141479}
{"ev":"accepted","peer":"2:621692363","pid":1216,"t":1791306857.147557}
{"ev":"accepted","peer":"2:1208194773","pid":1216,"t":1791306857.152727}
{"ev":"accepted","peer":"2:2918170531","pid":1216,"t":1791306857.158939}
{"ev":"accepted","peer":"2:1675457830","pid":1216,"t":1791306857.165066}
{"ev":"accepted","peer":"2:410260829","pid":1216,"t":1791306857.170298}
{"ev":"accepted","peer":"2:3844517297","pid":1216,"t":1791306857.176188}
{"ev":"accepted","peer":"2:692511648","pid":1216,"t":1791306857.181462}
{"ev":"accepted","peer":"2:2461601298","pid":1216,"t":1791306857.187536}
{"ev":"accepted","peer":"2:3036190613","pid":1216,"t":1791306857.193277}
{"ev":"accepted","peer":"2:370042686","pid":1216,"t":1791306857.199524}
{"ev":"accepted","peer":"2:3054275127","pid":1216,"t":1791306857.205768}
{"ev":"accepted","peer":"2:1015856844","pid":1216,"t":1791306857.211548}
{"ev":"accepted","peer":"2:2092002432","pid":1216,"t":1791306857.218154}
{"ev":"accepted","peer":"2:3059501802","pid":1216,"t":1791306857.223882}
{"ev":"accepted","peer":"2:3057895321","pid":1216,"t":1791306857.229565}
{"ev":"accepted","peer":"2:2047158899","pid":1216,"t":1791306857.235594}
{"ev":"accepted","peer":"2:340069053","pid":1216,"t":1791306857.24092}
{"ev":"accepted","peer":"2:1911151873","pid":1216,"t":1791306857.246961}
{"ev":"accepted","peer":"2:1496433820","pid":1216,"t":1791306857.252522}
{"ev":"accepted","peer":"2:138522631","pid":1216,"t":1791306857.25857}
{"ev":"accepted","peer":"2:2254688625","pid":1216,"t":1791306857.264597}
{"ev":"accepted","peer":"2:2456482911","pid":1216,"t":1791306857.269985}
{"ev":"accepted","peer":"2:185664344","pid":1216,"t":1791306857.275999}
{"ev":"accepted","peer":"2:1885776883","pid":1216,"t":1791306857.282045}
{"ev":"accepted","peer":"2:2237033281","pid":1216,"t":1791306857.287253}
{"ev":"accepted","peer":"2:2160179571","pid":1216,"t":1791306857.292455}
{"ev":"accepted","peer":"2:3580669265","pid":1216,"t":1791306857.298307}
{"ev":"accepted","peer":"2:1699814910","pid":1216,"t":1791306870.315059}
{"ev":"accepted","peer":"2:3759767018","pid":1216,"t":1791306870.319879}
{"ev":"accepted","peer":"2:750888442","pid":1216,"t":1791306870.32503}
{"ev":"accepted","peer":"2:1769395548","pid":1216,"t":1791306870.331102}
{"ev":"accepted","peer":"2:2258469733","pid":1216,"t":1791306870.337184}
{"ev":"accepted","peer":"2:1059227276","pid":1216,"t":1791306870.34314}
{"ev":"accepted","peer":"2:3872214504","pid":1216,"t":1791306870.349305}
{"ev":"accepted","peer":"2:3196394637","pid":1216,"t":1791306870.354378}
{"ev":"accepted","peer":"2:882946826","pid":1216,"t":1791306870.359469}
{"ev":"accepted","peer":"2:3855542339","pid":1216,"t":1791306870.364763}
{"ev":"accepted","peer":"2:3920804683","pid":1216,"t":1791306870.369838}
{"ev":"accepted","peer":"2:3120487798","pid":1216,"t":1791306870.376096}
{"ev":"accepted","peer":"2:4205573870","pid":1216,"t":1791306870.381202}
{"ev":"accepted","peer":"2:2779424029","pid":1216,"t":1791306870.38738}
{"ev":"accepted","peer":"2:1002773480","pid":1216,"t":1791306870.39341}
{"ev":"accepted","peer":"2:2976187271","pid":1216,"t":1791306870.399688}
{"ev":"accepted","peer":"2:3006489281","pid":1216,"t":1791306870.405354}
{"ev":"accepted","peer":"2:4148625560","pid":1216,"t":1791306870.41138}
{"ev":"accepted","peer":"2:2094887318","pid":1216,"t":1791306870.417358}
{"ev":"accepted","peer":"2:2275492254","pid":1216,"t":1791306870.423409}
{"ev":"accepted","peer":"2:3272148668","pid":1216,"t":1791306870.429482}
{"ev":"accepted","peer":"2:3670311027","pid":1216,"t":1791306870.4348}
{"ev":"accepted","peer":"2:1809682919","pid":1216,"t":1791306870.44096}
{"ev":"accepted","peer":"2:3440878648","pid":1216,"t":1791306870.447032}
{"ev":"accepted","peer":"2:2358795726","pid":1216,"t":1791306870.453191}
{"ev":"accepted","peer":"2:1504081665","pid":1216,"t":1791306870.459299}
{"ev":"accepted","peer":"2:634863869","pid":1216,"t":1791306870.465288}
{"ev":"accepted","peer":"2:3530341069","pid":1216,"t":1791306870.471454}
{"ev":"accepted","peer":"2:2015713622","pid":1216,"t":1791306870.477684}
{"ev":"accepted","peer":"2:3626092689","pid":1216,"t":1791306870.48374}
{"ev":"accepted","peer":"2:516703530","pid":1216,"t":1791306870.488962}
{"ev":"accepted","peer":"2:107372597","pid":1216,"t":1791306870.494985}
{"ev":"accepted","peer":"2:2812823172","pid":1216,"t":1791306870.501015}
{"ev":"accepted","peer":"2:3730413841","pid":1216,"t":1791306870.507213}
{"ev":"accepted","peer":"2:2641385624","pid":1216,"t":1791306870.513497}
{"ev":"accepted","peer":"2:3022455217","pid":1216,"t":1791306870.519504}
{"ev":"accepted","peer":"2:4258637487","pid":1216,"t":1791306870.525596}
{"ev":"accepted","peer":"2:3559256149","pid":1216,"t":1791306870.530727}
{"ev":"accepted","peer":"2:2796574645","pid":1216,"t":1791306870.536026}
{"ev":"accepted","peer":"2:3529326646","pid":1216,"t":1791306870.542116}
{"ev":"accepted","peer":"2:3015271122","pid":1216,"t":1791306870.54734}
{"ev":"accepted","peer":"2:4005712527","pid":1216,"t":1791306870.552753}
{"ev":"accepted","peer":"2:3366045650","pid":1216,"t":1791306870.557916}
{"ev":"accepted","peer":"2:3790584413","pid":1216,"t":1791306870.56405}
{"ev":"accepted","peer":"2:198478266","pid":1216,"t":1791306870.569491}
{"ev":"accepted","peer":"2:215641632","pid":1216,"t":1791306870.575585}
{"ev":"accepted","peer":"2:2552579935","pid":1216,"t":1791306870.581744}
{"ev":"accepted","peer":"2:2143309505","pid":1216,"t":1791306870.587417}
{"ev":"accepted","peer":"2:2133154865","pid":1216,"t":1791306870.593133}
{"ev":"accepted","peer":"2:330995546","pid":1216,"t":1791306870.599327}
{"ev":"accepted","peer":"2:2457266517","pid":1216,"t":1791306870.604656}
{"ev":"accepted","peer":"2:1131111456","pid":1216,"t":1791306870.61076}
{"ev":"accepted","peer":"2:1507908129","pid":1216,"t":1791306870.616828}
{"ev":"accepted","peer":"2:4136035649","pid":1216,"t":1791306870.62212}
{"ev":"accepted","peer":"2:2136473324","pid":1216,"t":1791306870.628286}
{"ev":"accepted","peer":"2:920396431","pid":1216,"t":1791306870.63346}
{"ev":"accepted","peer":"2:910852902","pid":1216,"t":1791306870.639678}
{"ev":"accepted","peer":"2:592624886","pid":1216,"t":1791306870.645837}
{"ev":"accepted","peer":"2:1385396032","pid":1216,"t":1791306870.651618}
{"ev":"accepted","peer":"2:3144373235","pid":1216,"t":1791306870.657768}
{"ev":"accepted","peer":"2:94834708","pid":1216,"t":1791306870.663728}
{"ev":"accepted","peer":"2:1821505496","pid":1216,"t":1791306870.670708}
{"ev":"accepted","peer":"2:3934930699","pid":1216,"t":1791306870.675805}
{"ev":"accepted","peer":"2:2956521162","pid":1216,"t":1791306870.681014}
{"ev":"accepted","peer":"2:3661540937","pid":1216,"t":1791306870.68712}
{"ev":"accepted","peer":"2:2892342108","pid":1216,"t":1791306870.693047}
{"ev":"accepted","peer":"2:4280924196","pid":1216,"t":1791306870.698164}
{"ev":"accepted","peer":"2:696080265","pid":1216,"t":1791306870.704353}
{"ev":"accepted","peer":"2:2494424204","pid":1216,"t":1791306870.709757}
{"ev":"accepted","peer":"2:891195127","pid":1216,"t":1791306870.716218}
{"ev":"accepted","peer":"2:1370350214","pid":1216,"t":1791306870.721887}
{"ev":"accepted","peer":"2:3758412729","pid":1216,"t":1791306870.727942}
{"ev":"accepted","peer":"2:1357697631","pid":1216,"t":1791306870.733997}
{"ev":"accepted","peer":"2:806643866","pid":1216,"t":1791306870.740128}
{"ev":"accepted","peer":"2:1258055685","pid":1216,"t":1791306870.746163}
{"ev":"accepted","peer":"2:1696203249","pid":1216,"t":1791306870.751333}
{"ev":"accepted","peer":"2:1308408695","pid":1216,"t":1791306870.7572}
{"ev":"accepted","peer":"2:2939288575","pid":1216,"t":1791306870.762523}
{"ev":"accepted","peer":"2:2721334772","pid":1216,"t":1791306870.768217}
{"ev":"accepted","peer":"2:4100873968","pid":1216,"t":1791306870.774276}
{"ev":"accepted","peer":"2:2047472621","pid":1216,"t":1791306870.780463}
{"ev":"accepted","peer":"2:719464046","pid":1216,"t":1791306870.785714}
{"ev":"accepted","peer":"2:1870903564","pid":1216,"t":1791306870.791926}
{"ev":"accepted","peer":"2:3408141056","pid":1216,"t":1791306870.79805}
{"ev":"accepted","peer":"2:2981964032","pid":1216,"t":1791306870.803186}
{"ev":"accepted","peer":"2:3823878573","pid":1216,"t":1791306870.8087}
{"ev":"accepted","peer":"2:3258845241","pid":1216,"t":1791306870.814077}
{"ev":"accepted","peer":"2:1730834032","pid":1216,"t":1791306870.819375}
{"ev":"accepted","peer":"2:716284399","pid":1216,"t":1791306870.82512}
{"ev":"accepted","peer":"2:252817286","pid":1216,"t":1791306870.830681}
{"ev":"accepted","peer":"2:2917278932","pid":1216,"t":1791306870.836704}
{"ev":"accepted","peer":"2:1931640578","pid":1216,"t":1791306870.84275}
{"ev":"accepted","peer":"2:235762599","pid":1216,"t":1791306870.848961}
{"ev":"accepted","peer":"2:1735398765","pid":1216,"t":1791306870.855202}
{"ev":"accepted","peer":"2:717317682","pid":1216,"t":1791306870.86144}
{"ev":"accepted","peer":"2:1804647839","pid":1216,"t":1791306870.867176}
{"ev":"accepted","peer":"2:3833315653","pid":1216,"t":1791306870.873255}
{"ev":"accepted","peer":"2:1301575479","pid":1216,"t":1791306870.879233}
{"ev":"accepted","peer":"2:2129871289","pid":1216,"t":1791306870.884692}
{"ev":"accepted","peer":"2:2510887481","pid":1216,"t":1791306870.890938}
{"ev":"accepted","peer":"2:1222907550","pid":1216,"t":1791306870.896118}
{"ev":"accepted","peer":"2:1391488345","pid":1216,"t":1791306870.902305}
{"ev":"accepted","peer":"2:2667425747","pid":1216,"t":1791306870.907417}
{"ev":"accepted","peer":"2:802105139","pid":1216,"t":1791306870.913508}
{"ev":"accepted","peer":"2:1628365998","pid":1216,"t":1791306870.919721}
{"ev":"accepted","peer":"2:2326112224","pid":1216,"t":1791306870.92586}
{"ev":"accepted","peer":"2:3406675893","pid":1216,"t":1791306870.931927}
{"ev":"accepted","peer":"2:3729360796","pid":1216,"t":1791306870.938118}
{"ev":"accepted","peer":"2:2333746515","pid":1216,"t":1791306870.944307}
{"ev":"accepted","peer":"2:2255570192","pid":1216,"t":1791306870.949581}
{"ev":"accepted","peer":"2:1932478440","pid":1216,"t":1791306870.955514}
{"ev":"accepted","peer":"2:451690341","pid":1216,"t":1791306870.961608}
{"ev":"accepted","peer":"2:1078135393","pid":1216,"t":1791306870.967666}
{"ev":"accepted","peer":"2:314110793","pid":1216,"t":1791306870.972853}
{"ev":"accepted","peer":"2:1982471148","pid":1216,"t":1791306870.9779}
{"ev":"accepted","peer":"2:2492029130","pid":1216,"t":1791306870.983456}
{"ev":"accepted","peer":"2:3611227763","pid":1216,"t":1791306870.989279}
{"ev":"accepted","peer":"2:3899356860","pid":1216,"t":1791306870.995532}
{"ev":"accepted","peer":"2:2651666720","pid":1216,"t":1791306871.001037}
{"ev":"accepted","peer":"2:2421731309","pid":1216,"t":1791306871.006285}
{"ev":"accepted","peer":"2:357928286","pid":1216,"t":1791306871.011598}
{"ev":"accepted","peer":"2:2905769824","pid":1216,"t":1791306871.016969}
{"ev":"accepted","peer":"2:3425143070","pid":1216,"t":1791306871.023087}
{"ev":"accepted","peer":"2:2358854063","pid":1216,"t":1791306871.02908}
{"ev":"accepted","peer":"2:3093340447","pid":1216,"t":1791306871.034853}
{"ev":"accepted","peer":"2:3633529986","pid":1216,"t":1791306871.039991}
{"ev":"accepted","peer":"2:3120777612","pid":1216,"t":1791306871.046083}
{"ev":"accepted","peer":"2:4292850223","pid":1216,"t":1791306871.051458}
{"ev":"accepted","peer":"2:2924279542","pid":1216,"t":1791306871.057147}
{"ev":"accepted","peer":"2:523380214","pid":1216,"t":1791306871.063298}
{"ev":"accepted","peer":"2:2894984095","pid":1216,"t":1791306871.068376}
{"ev":"accepted","peer":"2:4225096391","pid":1216,"t":1791306871.073973}
{"ev":"accepted","peer":"2:909397773","pid":1216,"t":1791306871.080101}
{"ev":"accepted","peer":"2:1681843487","pid":1216,"t":1791306871.085089}
{"ev":"accepted","peer":"2:3189244863","pid":1216,"t":1791306871.091179}
{"ev":"accepted","peer":"2:1692749685","pid":1216,"t":1791306871.097261}
{"ev":"accepted","peer":"2:2153299028","pid":1216,"t":1791306871.103308}
{"ev":"accepted","peer":"2:3469232980","pid":1216,"t":1791306871.108852}
{"ev":"accepted","peer":"2:2367713017","pid":1216,"t":1791306871.115121}
{"ev":"accepted","peer":"2:180458687","pid":1216,"t":1791306871.121202}
{"ev":"accepted","peer":"2:887405693","pid":1216,"t":1791306871.1273}
{"ev":"accepted","peer":"2:175994892","pid":1216,"t":1791306871.133342}
{"ev":"accepted","peer":"2:2704844401","pid":1216,"t":1791306871.139419}
{"ev":"accepted","peer":"2:3798318354","pid":1216,"t":1791306871.145505}
{"ev":"accepted","peer":"2:4121767611","pid":1216,"t":1791306871.150612}
{"ev":"accepted","peer":"2:2430146934","pid":1216,"t":1791306871.15618}
{"ev":"accepted","peer":"2:4259918038","pid":1216,"t":1791306871.162367}
{"ev":"accepted","peer":"2:1301968282","pid":1216,"t":1791306871.168142}
{"ev":"accepted","peer":"2:1637271262","pid":1216,"t":1791306871.17389}
{"ev":"accepted","peer":"2:4052073048","pid":1216,"t":1791306871.180046}
{"ev":"accepted","peer":"2:3633045371","pid":1216,"t":1791306871.18608}
{"ev":"accepted","peer":"2:1161002443","pid":1216,"t":1791306871.192281}
{"ev":"accepted","peer":"2:4146123122","pid":1216,"t":1791306871.197431}
{"ev":"accepted","peer":"2:3376288062","pid":1216,"t":1791306871.203496}
{"ev":"accepted","peer":"2:3030272430","pid":1216,"t":1791306871.209738}
{"ev":"accepted","peer":"2:2294674515","pid":1216,"t":1791306871.215363}
{"ev":"accepted","peer":"2:1954037108","pid":1216,"t":1791306871.221411}
{"ev":"accepted","peer":"2:2759019265","pid":1216,"t":1791306871.227678}
{"ev":"accepted","peer":"2:3633623819","pid":1216,"t":1791306871.233234}
{"ev":"accepted","peer":"2:493661028","pid":1216,"t":1791306871.239327}
{"ev":"accepted","peer":"2:4125370424","pid":1216,"t":1791306871.245371}
{"ev":"accepted","peer":"2:1854022306","pid":1216,"t":1791306871.250848}
{"ev":"accepted","peer":"2:1997099029","pid":1216,"t":1791306871.256698}
{"ev":"accepted","peer":"2:3456176931","pid":1216,"t":1791306871.262094}
{"ev":"accepted","peer":"2:2206984097","pid":1216,"t":1791306871.268191}
{"ev":"accepted","peer":"2:762673676","pid":1216,"t":1791306871.27438}
{"ev":"accepted","peer":"2:3771017175","pid":1216,"t":1791306871.279285}
{"ev":"accepted","peer":"2:1381355739","pid":1216,"t":1791306871.285521}
{"ev":"accepted","peer":"2:136534349","pid":1216,"t":1791306871.291572}
{"ev":"accepted","peer":"2:2197696465","pid":1216,"t":1791306871.296776}
{"ev":"accepted","peer":"2:1117904329","pid":1216,"t":1791306871.302188}
{"ev":"accepted","peer":"2:2752079739","pid":1216,"t":1791306871.307311}
{"ev":"accepted","peer":"2:518858886","pid":1216,"t":1791306871.312931}
{"ev":"accepted","peer":"2:665258527","pid":1216,"t":1791306871.318028}
{"ev":"accepted","peer":"2:4074544450","pid":1216,"t":1791306871.323393}
{"ev":"accepted","peer":"2:891581914","pid":1216,"t":1791306871.3294}
{"ev":"accepted","peer":"2:3674043555","pid":1216,"t":1791306871.334817}
{"ev":"accepted","peer":"2:3847994390","pid":1216,"t":1791306871.340006}
{"ev":"accepted","peer":"2:441495689","pid":1216,"t":1791306871.3454}
{"ev":"accepted","peer":"2:1138487036","pid":1216,"t":1791306871.350542}
{"ev":"accepted","peer":"2:2208931889","pid":1216,"t":1791306871.356769}
{"ev":"accepted","peer":"2:4247409811","pid":1216,"t":1791306871.362069}
{"ev":"accepted","peer":"2:1555301232","pid":1216,"t":1791306871.368139}
{"ev":"accepted","peer":"2:3912748183","pid":1216,"t":1791306871.374246}
{"ev":"accepted","peer":"2:2969935764","pid":1216,"t":1791306871.379523}
{"ev":"accepted","peer":"2:2982429080","pid":1216,"t":1791306871.384763}
{"ev":"accepted","peer":"2:4024356772","pid":1216,"t":1791306871.390294}
{"ev":"accepted","peer":"2:2224038946","pid":1216,"t":1791306871.396519}
{"ev":"accepted","peer":"2:3134957840","pid":1216,"t":1791306871.40255}
{"ev":"accepted","peer":"2:1032856597","pid":1216,"t":1791306871.408635}
{"ev":"accepted","peer":"2:3181669168","pid":1216,"t":1791306871.414026}
{"ev":"accepted","peer":"2:3957572682","pid":1216,"t":1791306871.419125}
{"ev":"accepted","peer":"2:2336343441","pid":1216,"t":1791306871.425209}
{"ev":"accepted","peer":"2:1952424279","pid":1216,"t":1791306871.43058}
{"ev":"accepted","peer":"2:9663333","pid":1216,"t":1791306871.436766}
{"ev":"accepted","peer":"2:2128390022","pid":1216,"t":1791306871.442035}
{"ev":"accepted","peer":"2:461665732","pid":1216,"t":1791306871.447289}
{"ev":"accepted","peer":"2:3632739067","pid":1216,"t":1791306871.452912}
{"ev":"accepted","peer":"2:1375941005","pid":1216,"t":1791306871.458892}
{"ev":"accepted","peer":"2:1020042647","pid":1216,"t":1791306871.464121}
{"ev":"accepted","peer":"2:1842520599","pid":1216,"t":1791306871.469371}
{"ev":"accepted","peer":"2:67603517","pid":1216,"t":1791306871.475473}
{"ev":"accepted","peer":"2:3238847382","pid":1216,"t":1791306871.481614}
{"ev":"accepted","peer":"2:3570970723","pid":1216,"t":1791306871.487277}
{"ev":"accepted","peer":"2:1935814540","pid":1216,"t":1791306871.493073}
{"ev":"accepted","peer":"2:2538379032","pid":1216,"t":1791306871.498518}
{"ev":"accepted","peer":"2:3554664703","pid":1216,"t":1791306871.504729}
{"ev":"accepted","peer":"2:2888148440","pid":1216,"t":1791306871.510875}
{"ev":"accepted","peer":"2:4215622013","pid":1216,"t":1791306871.517166}
{"ev":"accepted","peer":"2:2810852365","pid":1216,"t":1791306871.5232}
{"ev":"accepted","peer":"2:2556547074","pid":1216,"t":1791306871.529315}
{"ev":"accepted","peer":"2:2095586760","pid":1216,"t":1791306871.534422}
{"ev":"accepted","peer":"2:2538507860","pid":1216,"t":1791306871.539907}
{"ev":"accepted","peer":"2:1060044379","pid":1216,"t":1791306871.546021}
{"ev":"accepted","peer":"2:3225410900","pid":1216,"t":1791306871.552351}
{"ev":"accepted","peer":"2:11024685","pid":1216,"t":1791306871.558069}
{"ev":"accepted","peer":"2:364509051","pid":1216,"t":1791306871.563683}
{"ev":"accepted","peer":"2:2610117506","pid":1216,"t":1791306871.569784}
{"ev":"accepted","peer":"2:2753928570","pid":1216,"t":1791306871.575864}
{"ev":"accepted","peer":"2:2672711867","pid":1216,"t":1791306871.581957}
{"ev":"accepted","peer":"2:4194603446","pid":1216,"t":1791306871.588182}
{"ev":"accepted","peer":"2:2399046973","pid":1216,"t":1791306871.593583}
{"ev":"accepted","peer":"2:1974745464","pid":1216,"t":1791306871.59886}
{"ev":"accepted","peer":"2:1540481678","pid":1216,"t":1791306871.604037}
{"ev":"accepted","peer":"2:2997987119","pid":1216,"t":1791306871.609836}
{"ev":"accepted","peer":"2:3913712030","pid":1216,"t":1791306871.616119}
{"ev":"accepted","peer":"2:207547490","pid":1216,"t":1791306871.622359}
{"ev":"accepted","peer":"2:3479455354","pid":1216,"t":1791306871.628344}
{"ev":"accepted","peer":"2:3276629291","pid":1216,"t":1791306871.63368}
{"ev":"accepted","peer":"2:3579698478","pid":1216,"t":1791306871.639727}
{"ev":"accepted","peer":"2:1937365075","pid":1216,"t":1791306871.645787}
{"ev":"accepted","peer":"2:1627549432","pid":1216,"t":1791306871.651399}
{"ev":"accepted","peer":"2:3094086494","pid":1216,"t":1791306871.657548}
{"ev":"accepted","peer":"2:338530116","pid":1216,"t":1791306871.663728}
{"ev":"accepted","peer":"2:504723479","pid":1216,"t":1791306871.669705}
{"ev":"accepted","peer":"2:477649238","pid":1216,"t":1791306871.675739}
{"ev":"accepted","peer":"2:229584435","pid":1216,"t":1791306871.681981}
{"ev":"accepted","peer":"2:3904143119","pid":1216,"t":1791306871.687607}
{"ev":"accepted","peer":"2:3387543946","pid":1216,"t":1791306871.692861}
{"ev":"accepted","peer":"2:2297465374","pid":1216,"t":1791306871.698642}
{"ev":"accepted","peer":"2:3162077154","pid":1216,"t":1791306871.704694}
{"ev":"accepted","peer":"2:155051303","pid":1216,"t":1791306871.709793}
{"ev":"accepted","peer":"2:2213979321","pid":1216,"t":1791306871.716033}
{"ev":"accepted","peer":"2:4207683819","pid":1216,"t":1791306871.721103}
{"ev":"accepted","peer":"2:2836476113","pid":1216,"t":1791306871.726521}
{"ev":"accepted","peer":"2:2163513397","pid":1216,"t":1791306871.73191}
{"ev":"accepted","peer":"2:4093215106","pid":1216,"t":1791306871.737956}
{"ev":"accepted","peer":"2:1404688476","pid":1216,"t":1791306871.743454}
{"ev":"accepted","peer":"2:2200129447","pid":1216,"t":1791306871.749042}
{"ev":"accepted","peer":"2:3294171543","pid":1216,"t":1791306871.755088}
{"ev":"accepted","peer":"2:3800709814","pid":1216,"t":1791306871.76117}
{"ev":"accepted","peer":"2:2857738901","pid":1216,"t":1791306871.76722}
{"ev":"accepted","peer":"2:3680864727","pid":1216,"t":1791306871.773252}
{"ev":"accepted","peer":"2:3689663918","pid":1216,"t":1791306871.779478}
{"ev":"accepted","peer":"2:1451678407","pid":1216,"t":1791306871.785}
{"ev":"accepted","peer":"2:135644690","pid":1216,"t":1791306871.790088}
{"ev":"accepted","peer":"2:2364186992","pid":1216,"t":1791306871.795453}
{"ev":"accepted","peer":"2:2480776880","pid":1216,"t":1791306871.80079}
{"ev":"accepted","peer":"2:3706078701","pid":1216,"t":1791306871.806867}
{"ev":"accepted","peer":"2:1324710845","pid":1216,"t":1791306871.813118}
{"ev":"accepted","peer":"2:353813723","pid":1216,"t":1791306871.81929}
{"ev":"accepted","peer":"2:4210278844","pid":1216,"t":1791306871.825376}
{"ev":"accepted","peer":"2:3491509366","pid":1216,"t":1791306871.83154}
{"ev":"accepted","peer":"2:4234289718","pid":1216,"t":1791306871.837801}
{"ev":"accepted","peer":"2:1949570096","pid":1216,"t":1791306871.843855}
{"ev":"accepted","peer":"2:1523374672","pid":1216,"t":1791306871.850066}
{"ev":"accepted","peer":"2:1762587690","pid":1216,"t":1791306871.855116}
{"ev":"accepted","peer":"2:697400995","pid":1216,"t":1791306871.861266}
{"ev":"accepted","peer":"2:1682134200","pid":1216,"t":1791306871.867273}
{"ev":"accepted","peer":"2:2717225529","pid":1216,"t":1791306871.873391}
{"ev":"accepted","peer":"2:1334449477","pid":1216,"t":1791306871.87963}
{"ev":"accepted","peer":"2:431679746","pid":1216,"t":1791306871.884814}
{"ev":"accepted","peer":"2:2465045210","pid":1216,"t":1791306871.89084}
{"ev":"accepted","peer":"2:1621722823","pid":1216,"t":1791306871.897021}
{"ev":"accepted","peer":"2:539757617","pid":1216,"t":1791306871.903229}
{"ev":"accepted","peer":"2:4063379984","pid":1216,"t":1791306871.909232}
{"ev":"accepted","peer":"2:1710946643","pid":1216,"t":1791306871.915428}
{"ev":"accepted","peer":"2:1132194916","pid":1216,"t":1791306871.921628}
{"ev":"accepted","peer":"2:704722034","pid":1216,"t":1791306871.926725}
{"ev":"accepted","peer":"2:1018206648","pid":1216,"t":1791306871.932931}
{"ev":"accepted","peer":"2:2770981840","pid":1216,"t":1791306871.938982}
{"ev":"accepted","peer":"2:85254490","pid":1216,"t":1791306871.944277}
{"ev":"accepted","peer":"2:2284120047","pid":1216,"t":1791306871.9504}
{"ev":"accepted","peer":"2:2707102138","pid":1216,"t":1791306871.955532}
{"ev":"accepted","peer":"2:2939735703","pid":1216,"t":1791306871.960662}
{"ev":"accepted","peer":"2:1484290439","pid":1216,"t":1791306871.966197}
{"ev":"accepted","peer":"2:662717511","pid":1216,"t":1791306871.97196}
{"ev":"accepted","peer":"2:1792082963","pid":1216,"t":1791306871.978091}
{"ev":"accepted","peer":"2:3724651261","pid":1216,"t":1791306871.984075}
{"ev":"accepted","peer":"2:137769571","pid":1216,"t":1791306871.990275}
{"ev":"accepted","peer":"2:1944091777","pid":1216,"t":1791306871.996384}
{"ev":"accepted","peer":"2:943805934","pid":1216,"t":1791306872.001438}
{"ev":"accepted","peer":"2:3515453290","pid":1216,"t":1791306872.006838}
{"ev":"accepted","peer":"2:637911672","pid":1216,"t":1791306872.013031}
{"ev":"accepted","peer":"2:3740580839","pid":1216,"t":1791306872.019007}
{"ev":"accepted","peer":"2:1596972202","pid":1216,"t":1791306872.024681}
{"ev":"accepted","peer":"2:4018658788","pid":1216,"t":1791306872.02973}
{"ev":"accepted","peer":"2:2610515387","pid":1216,"t":1791306872.034956}
{"ev":"accepted","peer":"2:2720202599","pid":1216,"t":1791306872.041122}
{"ev":"accepted","peer":"2:1568441329","pid":1216,"t":1791306872.046619}
{"ev":"accepted","peer":"2:1711176121","pid":1216,"t":1791306872.052756}
{"ev":"accepted","peer":"2:1889065598","pid":1216,"t":1791306872.058825}
{"ev":"accepted","peer":"2:2969896681","pid":1216,"t":1791306872.064916}
{"ev":"accepted","peer":"2:2671886005","pid":1216,"t":1791306872.070178}
{"ev":"accepted","peer":"2:2579915843","pid":1216,"t":1791306872.07633}
{"ev":"accepted","peer":"2:3337457632","pid":1216,"t":1791306872.08234}
{"ev":"accepted","peer":"2:3292310170","pid":1216,"t":1791306872.088507}
{"ev":"accepted","peer":"2:2119837303","pid":1216,"t":1791306872.094624}
{"ev":"accepted","peer":"2:2846393455","pid":1216,"t":1791306872.100686}
{"ev":"accepted","peer":"2:1330764342","pid":1216,"t":1791306872.106858}
{"ev":"accepted","peer":"2:1573158041","pid":1216,"t":1791306872.113165}
{"ev":"accepted","peer":"2:806565599","pid":1216,"t":1791306872.119381}
{"ev":"accepted","peer":"2:1900512353","pid":1216,"t":1791306872.125509}
{"ev":"accepted","peer":"2:387706678","pid":1216,"t":1791306872.131501}
{"ev":"accepted","peer":"2:24137643","pid":1216,"t":1791306872.137571}
{"ev":"accepted","peer":"2:411759364","pid":1216,"t":1791306872.142741}
{"ev":"accepted","peer":"2:854746820","pid":1216,"t":1791306872.14873}
{"ev":"accepted","peer":"2:279428585","pid":1216,"t":1791306872.154833}
{"ev":"accepted","peer":"2:866293559","pid":1216,"t":1791306872.160969}
{"ev":"accepted","peer":"2:4070066090","pid":1216,"t":1791306872.166993}
{"ev":"accepted","peer":"2:3929656592","pid":1216,"t":1791306872.1732}
{"ev":"accepted","peer":"2:1452248087","pid":1216,"t":1791306872.179325}
{"ev":"accepted","peer":"2:3277239165","pid":1216,"t":1791306872.184803}
{"ev":"accepted","peer":"2:2900472446","pid":1216,"t":1791306872.190106}
{"ev":"accepted","peer":"2:814454077","pid":1216,"t":1791306872.195895}
{"ev":"accepted","peer":"2:2905111309","pid":1216,"t":1791306872.202005}
{"ev":"accepted","peer":"2:828022155","pid":1216,"t":1791306872.208101}
{"ev":"accepted","peer":"2:3008233640","pid":1216,"t":1791306872.214271}
{"ev":"accepted","peer":"2:4186560260","pid":1216,"t":1791306872.22032}
{"ev":"accepted","peer":"2:566226858","pid":1216,"t":1791306872.225676}
{"ev":"accepted","peer":"2:1929895460","pid":1216,"t":1791306872.231014}
{"ev":"accepted","peer":"2:1092479719","pid":1216,"t":1791306872.237122}
{"ev":"accepted","peer":"2:2491881490","pid":1216,"t":1791306872.24309}
{"ev":"accepted","peer":"2:2393346882","pid":1216,"t":1791306872.248126}
{"ev":"accepted","peer":"2:4094653416","pid":1216,"t":1791306872.254348}
{"ev":"accepted","peer":"2:1107954604","pid":1216,"t":1791306872.259685}
{"ev":"accepted","peer":"2:2432408753","pid":1216,"t":1791306872.265372}
{"ev":"accepted","peer":"2:1790352246","pid":1216,"t":1791306872.27063}
{"ev":"accepted","peer":"2:1477047537","pid":1216,"t":1791306872.276463}
{"ev":"accepted","peer":"2:2577264940","pid":1216,"t":1791306872.282493}
{"ev":"accepted","peer":"2:1074139368","pid":1216,"t":1791306872.288595}
{"ev":"accepted","peer":"2:2933209064","pid":1216,"t":1791306872.293802}
{"ev":"accepted","peer":"2:3271443733","pid":1216,"t":1791306872.299004}
{"ev":"accepted","peer":"2:3366176918","pid":1216,"t":1791306872.304289}
{"ev":"accepted","peer":"2:495955645","pid":1216,"t":1791306872.309736}
{"ev":"accepted","peer":"2:2718740602","pid":1216,"t":1791306872.315468}
{"ev":"accepted","peer":"2:848308890","pid":1216,"t":1791306872.320697}
{"ev":"accepted","peer":"2:543779376","pid":1216,"t":1791306872.326796}
{"ev":"accepted","peer":"2:3299017927","pid":1216,"t":1791306872.333125}
{"ev":"accepted","peer":"2:2816018435","pid":1216,"t":1791306872.339164}
{"ev":"accepted","peer":"2:3224213872","pid":1216,"t":1791306872.345283}
{"ev":"accepted","peer":"2:2997629275","pid":1216,"t":1791306872.351622}
{"ev":"accepted","peer":"2:3998527317","pid":1216,"t":1791306872.357206}
{"ev":"accepted","peer":"2:2219301578","pid":1216,"t":1791306872.36315}
{"ev":"accepted","peer":"2:3336987079","pid":1216,"t":1791306872.370017}
{"ev":"accepted","peer":"2:4095695727","pid":1216,"t":1791306872.376011}
{"ev":"accepted","peer":"2:3363687024","pid":1216,"t":1791306872.382103}
{"ev":"accepted","peer":"2:1997722332","pid":1216,"t":1791306872.387893}
{"ev":"accepted","peer":"2:3774340376","pid":1216,"t":1791306872.393141}
{"ev":"accepted","peer":"2:765795608","pid":1216,"t":1791306872.398509}
{"ev":"accepted","peer":"2:3300445330","pid":1216,"t":1791306872.404792}
{"ev":"accepted","peer":"2:4285021617","pid":1216,"t":1791306872.410736}
{"ev":"accepted","peer":"2:1807205994","pid":1216,"t":1791306872.418118}
{"ev":"accepted","peer":"2:3334936389","pid":1216,"t":1791306872.423219}
{"ev":"accepted","peer":"2:2322033719","pid":1216,"t":1791306872.429265}
{"ev":"accepted","peer":"2:1545093726","pid":1216,"t":1791306872.434477}
{"ev":"accepted","peer":"2:3674293144","pid":1216,"t":1791306872.440036}
{"ev":"accepted","peer":"2:4016395424","pid":1216,"t":1791306872.445998}
{"ev":"accepted","peer":"2:3897035519","pid":1216,"t":1791306872.452098}
{"ev":"accepted","peer":"2:1266386730","pid":1216,"t":1791306872.458366}
{"ev":"accepted","peer":"2:345006733","pid":1216,"t":1791306872.463676}
{"ev":"accepted","peer":"2:765101229","pid":1216,"t":1791306872.469892}
{"ev":"accepted","peer":"2:172384167","pid":1216,"t":1791306872.475911}
{"ev":"accepted","peer":"2:4201494885","pid":1216,"t":1791306872.481937}
{"ev":"accepted","peer":"2:2446140356","pid":1216,"t":1791306872.488042}
{"ev":"accepted","peer":"2:2374688865","pid":1216,"t":1791306872.493173}
{"ev":"accepted","peer":"2:1405620844","pid":1216,"t":1791306872.498368}
{"ev":"accepted","peer":"2:3153676340","pid":1216,"t":1791306872.504061}
{"ev":"accepted","peer":"2:188236147","pid":1216,"t":1791306872.50974}
{"ev":"accepted","peer":"2:638552605","pid":1216,"t":1791306872.516584}
{"ev":"accepted","peer":"2:2306047054","pid":1216,"t":1791306872.52212}
{"ev":"accepted","peer":"2:3618699866","pid":1216,"t":1791306872.527804}
{"ev":"accepted","peer":"2:2801510924","pid":1216,"t":1791306872.533938}
{"ev":"accepted","peer":"2:2959410428","pid":1216,"t":1791306872.540388}
{"ev":"accepted","peer":"2:2024896317","pid":1216,"t":1791306872.54673}
{"ev":"accepted","peer":"2:2077335032","pid":1216,"t":1791306872.552297}
{"ev":"accepted","peer":"2:1384387600","pid":1216,"t":1791306872.558474}
{"ev":"accepted","peer":"2:3363732846","pid":1216,"t":1791306872.56501}
{"ev":"accepted","peer":"2:1715660158","pid":1216,"t":1791306872.570868}
{"ev":"accepted","peer":"2:1922179122","pid":1216,"t":1791306872.576438}
{"ev":"accepted","peer":"2:2055827401","pid":1216,"t":1791306872.582761}
{"ev":"accepted","peer":"2:3519053521","pid":1216,"t":1791306872.58763}
{"ev":"accepted","peer":"2:4090929110","pid":1216,"t":1791306872.593854}
{"ev":"accepted","peer":"2:1501038490","pid":1216,"t":1791306872.599934}
{"ev":"accepted","peer":"2:1491319176","pid":1216,"t":1791306872.606149}
{"ev":"accepted","peer":"2:1544429255","pid":1216,"t":1791306872.611842}
{"ev":"accepted","peer":"2:1995445058","pid":1216,"t":1791306872.618127}
{"ev":"accepted","peer":"2:1296802229","pid":1216,"t":1791306872.623662}
{"ev":"accepted","peer":"2:1057174731","pid":1216,"t":1791306872.62974}
{"ev":"accepted","peer":"2:1858683989","pid":1216,"t":1791306872.635757}
{"ev":"accepted","peer":"2:3359632508","pid":1216,"t":1791306872.641708}
{"ev":"accepted","peer":"2:3335112961","pid":1216,"t":1791306872.647558}
{"ev":"accepted","peer":"2:3700121622","pid":1216,"t":1791306872.653635}
{"ev":"accepted","peer":"2:2404182935","pid":1216,"t":1791306872.659677}
{"ev":"accepted","peer":"2:3101135128","pid":1216,"t":1791306872.666115}
{"ev":"accepted","peer":"2:3510755839","pid":1216,"t":1791306872.671795}
{"ev":"accepted","peer":"2:680309955","pid":1216,"t":1791306872.677873}
{"ev":"accepted","peer":"2:2945003188","pid":1216,"t":1791306872.683983}
{"ev":"accepted","peer":"2:1064404741","pid":1216,"t":1791306872.690169}
{"ev":"accepted","peer":"2:3363016118","pid":1216,"t":1791306872.696236}
{"ev":"accepted","peer":"2:2437305161","pid":1216,"t":1791306872.703825}
{"ev":"accepted","peer":"2:3418303122","pid":1216,"t":1791306872.709943}
{"ev":"accepted","peer":"2:3274791160","pid":1216,"t":1791306872.716055}
{"ev":"accepted","peer":"2:33023656","pid":1216,"t":1791306872.722344}
{"ev":"accepted","peer":"2:1261341611","pid":1216,"t":1791306872.72794}
{"ev":"accepted","peer":"2:2901428170","pid":1216,"t":1791306872.733921}
{"ev":"accepted","peer":"2:2581856217","pid":1216,"t":1791306872.739223}
{"ev":"accepted","peer":"2:1932892915","pid":1216,"t":1791306872.745555}
{"ev":"accepted","peer":"2:4242857476","pid":1216,"t":1791306872.751776}
{"ev":"accepted","peer":"2:4273289974","pid":1216,"t":1791306872.757953}
{"ev":"accepted","peer":"2:1504055086","pid":1216,"t":1791306872.765611}
{"ev":"accepted","peer":"2:3896970366","pid":1216,"t":1791306872.772686}
{"ev":"accepted","peer":"2:2060314539","pid":1216,"t":1791306872.779026}
{"ev":"accepted","peer":"2:3851592674","pid":1216,"t":1791306872.784874}
{"ev":"accepted","peer":"2:2486381282","pid":1216,"t":1791306872.791423}
{"ev":"accepted","peer":"2:3973484364","pid":1216,"t":1791306872.800488}
{"ev":"accepted","peer":"2:3906352280","pid":1216,"t":1791306872.807033}
{"ev":"accepted","peer":"2:2765048040","pid":1216,"t":1791306872.819087}
{"ev":"accepted","peer":"2:167345679","pid":1216,"t":1791306872.827679}
{"ev":"accepted","peer":"2:1307791049","pid":1216,"t":1791306872.834503}
{"ev":"accepted","peer":"2:579363764","pid":1216,"t":1791306872.840375}
{"ev":"accepted","peer":"2:3249013673","pid":1216,"t":1791306872.846513}
{"ev":"accepted","peer":"2:3318648385","pid":1216,"t":1791306872.852342}
{"ev":"accepted","peer":"2:3046141274","pid":1216,"t":1791306872.857991}
{"ev":"accepted","peer":"2:670764521","pid":1216,"t":1791306872.86636}
{"ev":"accepted","peer":"2:2526461480","pid":1216,"t":1791306872.871408}
{"ev":"accepted","peer":"2:2149766770","pid":1216,"t":1791306872.876713}
{"ev":"accepted","peer":"2:2452556445","pid":1216,"t":1791306872.883481}
{"ev":"accepted","peer":"2:3437071551","pid":1216,"t":1791306872.889654}
{"ev":"accepted","peer":"2:3144137622","pid":1216,"t":1791306872.895862}
{"ev":"accepted","peer":"2:2945089478","pid":1216,"t":1791306872.902287}
{"ev":"accepted","peer":"2:1441832011","pid":1216,"t":1791306872.908337}
{"ev":"accepted","peer":"2:2032615995","pid":1216,"t":1791306872.914028}
{"ev":"accepted","peer":"2:119889222","pid":1216,"t":1791306872.920095}
{"ev":"accepted","peer":"2:1571686488","pid":1216,"t":1791306872.925405}
{"ev":"accepted","peer":"2:1780868122","pid":1216,"t":1791306872.931781}
{"ev":"accepted","peer":"2:1238389738","pid":1216,"t":1791306872.937927}
{"ev":"accepted","peer":"2:3869799312","pid":1216,"t":1791306872.943118}
{"ev":"start","pid":1230,"port":1024,"t":1791306872.954275,"uid":0}
{"ev":"listening","pid":1230,"t":1791306872.954369}
{"ev":"accepted","peer":"2:254273605","pid":1230,"t":1791306872.956415}
{"ev":"accepted","peer":"2:201017167","pid":1230,"t":1791306872.961489}
{"ev":"accepted","peer":"2:2405504618","pid":1230,"t":1791306872.967621}
{"ev":"accepted","peer":"2:2029456903","pid":1230,"t":1791306872.973698}
{"ev":"accepted","peer":"2:504927101","pid":1230,"t":1791306872.979714}
{"ev":"accepted","peer":"2:3426965136","pid":1230,"t":1791306872.985896}
{"ev":"accepted","peer":"2:84767152","pid":1230,"t":1791306872.991207}
{"ev":"accepted","peer":"2:3690055936","pid":1230,"t":1791306872.996665}
{"ev":"accepted","peer":"2:3869760143","pid":1230,"t":1791306873.001767}
{"ev":"accepted","peer":"2:693992083","pid":1230,"t":1791306873.007868}
{"ev":"accepted","peer":"2:29880034","pid":1230,"t":1791306873.013966}
{"ev":"accepted","peer":"2:1655543324","pid":1230,"t":1791306873.019498}
{"ev":"accepted","peer":"2:3930107119","pid":1230,"t":1791306873.0256}
{"ev":"accepted","peer":"2:944640436","pid":1230,"t":1791306873.031647}
{"ev":"accepted","peer":"2:3907365816","pid":1230,"t":1791306873.037714}
{"ev":"accepted","peer":"2:988532542","pid":1230,"t":1791306873.043755}
{"ev":"accepted","peer":"2:406626322","pid":1230,"t":1791306873.052723}
{"ev":"accepted","peer":"2:2388429462","pid":1230,"t":1791306873.057989}
{"ev":"accepted","peer":"2:2883924799","pid":1230,"t":1791306873.064204}
{"ev":"accepted","peer":"2:3848846358","pid":1230,"t":1791306873.070093}
{"ev":"accepted","peer":"2:1820199354","pid":1230,"t":1791306873.075312}
{"ev":"accepted","peer":"2:780077248","pid":1230,"t":1791306873.083203}
{"ev":"accepted","peer":"2:3821180379","pid":1230,"t":1791306873.089237}
{"ev":"accepted","peer":"2:1540508101","pid":1230,"t":1791306873.095335}
{"ev":"accepted","peer":"2:3973061984","pid":1230,"t":1791306873.101478}
{"ev":"accepted","peer":"2:3189881421","pid":1230,"t":1791306873.107851}
{"ev":"accepted","peer":"2:2206534515","pid":1230,"t":1791306873.113986}
{"ev":"accepted","peer":"2:3807839728","pid":1230,"t":1791306873.119179}
{"ev":"accepted","peer":"2:625974544","pid":1230,"t":1791306873.125063}
{"ev":"accepted","peer":"2:2351976809","pid":1230,"t":1791306873.131217}
{"ev":"accepted","peer":"2:2783713183","pid":1230,"t":1791306873.137301}
{"ev":"accepted","peer":"2:4153253283","pid":1230,"t":1791306873.143103}
{"ev":"accepted","peer":"2:2370507442","pid":1230,"t":1791306873.14936}
{"ev":"accepted","peer":"2:802467606","pid":1230,"t":1791306873.154625}
{"ev":"accepted","peer":"2:821281369","pid":1230,"t":1791306873.160664}
{"ev":"accepted","peer":"2:4077529954","pid":1230,"t":1791306873.166737}
{"ev":"accepted","peer":"2:312845031","pid":1230,"t":1791306873.171993}
{"ev":"accepted","peer":"2:2696843578","pid":1230,"t":1791306873.177484}
{"ev":"accepted","peer":"2:3160029260","pid":1230,"t":1791306873.183694}
{"ev":"accepted","peer":"2:63198194","pid":1230,"t":1791306873.189232}
{"ev":"accepted","peer":"2:1590315702","pid":1230,"t":1791306873.195342}
{"ev":"accepted","peer":"2:1723270714","pid":1230,"t":1791306873.200572}
{"ev":"accepted","peer":"2:587245388","pid":1230,"t":1791306873.205693}
{"ev":"accepted","peer":"2:1801354316","pid":1230,"t":1791306873.21129}
{"ev":"accepted","peer":"2:427445894","pid":1230,"t":1791306873.217209}
{"ev":"accepted","peer":"2:4154094452","pid":1230,"t":1791306873.223045}
{"ev":"accepted","peer":"2:2147739598","pid":1230,"t":1791306873.229109}
{"ev":"accepted","peer":"2:3011294091","pid":1230,"t":1791306873.234804}
{"ev":"accepted","peer":"2:4083969625","pid":1230,"t":1791306873.23995}
{"ev":"accepted","peer":"2:2231812893","pid":1230,"t":1791306873.24509}
{"ev":"accepted","peer":"2:4063052625","pid":1230,"t":1791306873.25059}
{"ev":"accepted","peer":"2:1035283331","pid":1230,"t":1791306873.256077}
{"ev":"accepted","peer":"2:2683848928","pid":1230,"t":1791306873.261099}
{"ev":"accepted","peer":"2:3617095139","pid":1230,"t":1791306873.267167}
{"ev":"accepted","peer":"2:2637970542","pid":1230,"t":1791306873.272527}
{"ev":"accepted","peer":"2:872359140","pid":1230,"t":1791306873.277716}
{"ev":"accepted","peer":"2:2904809001","pid":1230,"t":1791306873.282847}
{"ev":"accepted","peer":"2:52678656","pid":1230,"t":1791306873.288604}
{"ev":"accepted","peer":"2:3914625879","pid":1230,"t":1791306873.294055}
{"ev":"accepted","peer":"2:1406225001","pid":1230,"t":1791306873.300039}
{"ev":"accepted","peer":"2:2755611271","pid":1230,"t":1791306873.30557}
{"ev":"accepted","peer":"2:1874850235","pid":1230,"t":1791306873.311758}
{"ev":"accepted","peer":"2:1467070616","pid":1230,"t":1791306873.31795}
{"ev":"accepted","peer":"2:3185087578","pid":1230,"t":1791306873.323783}
{"ev":"accepted","peer":"2:2191922613","pid":1230,"t":1791306873.328945}
{"ev":"accepted","peer":"2:38873791","pid":1230,"t":1791306873.335002}
{"ev":"accepted","peer":"2:3350926913","pid":1230,"t":1791306873.340521}
{"ev":"accepted","peer":"2:3620093811","pid":1230,"t":1791306873.346721}
{"ev":"accepted","peer":"2:2510481193","pid":1230,"t":1791306873.352224}
{"ev":"accepted","peer":"2:381407186","pid":1230,"t":1791306873.358541}
{"ev":"accepted","peer":"2:657307854","pid":1230,"t":1791306873.364627}
{"ev":"accepted","peer":"2:3097399724","pid":1230,"t":1791306873.370778}
{"ev":"accepted","peer":"2:1178814144","pid":1230,"t":1791306873.376885}
{"ev":"accepted","peer":"2:2318941585","pid":1230,"t":1791306873.38239}
{"ev":"accepted","peer":"2:2172044986","pid":1230,"t":1791306873.388562}
{"ev":"accepted","peer":"2:2973607318","pid":1230,"t":1791306873.394618}
{"ev":"accepted","peer":"2:2537805271","pid":1230,"t":1791306873.400851}
{"ev":"accepted","peer":"2:2389128299","pid":1230,"t":1791306873.406828}
{"ev":"accepted","peer":"2:3368769547","pid":1230,"t":1791306873.413281}
{"ev":"accepted","peer":"2:3989299016","pid":1230,"t":1791306873.418211}
{"ev":"accepted","peer":"2:1536343784","pid":1230,"t":1791306873.423775}
{"ev":"accepted","peer":"2:779133463","pid":1230,"t":1791306873.429663}
{"ev":"accepted","peer":"2:2533038915","pid":1230,"t":1791306873.434873}
{"ev":"accepted","peer":"2:416340888","pid":1230,"t":1791306873.440506}
{"ev":"accepted","peer":"2:2079456389","pid":1230,"t":1791306873.446391}
{"ev":"accepted","peer":"2:3879700002","pid":1230,"t":1791306873.451862}
{"ev":"accepted","peer":"2:2957797700","pid":1230,"t":1791306873.457743}
{"ev":"accepted","peer":"2:3000311276","pid":1230,"t":1791306873.464323}
{"ev":"accepted","peer":"2:2810535019","pid":1230,"t":1791306873.47019}
{"ev":"accepted","peer":"2:1732929273","pid":1230,"t":1791306873.476023}
{"ev":"accepted","peer":"2:562867242","pid":1230,"t":1791306873.481479}
{"ev":"accepted","peer":"2:2536186414","pid":1230,"t":1791306873.486748}
{"ev":"accepted","peer":"2:3809450549","pid":1230,"t":1791306873.492395}
{"ev":"accepted","peer":"2:4136293987","pid":1230,"t":1791306873.498617}
{"ev":"accepted","peer":"2:2703269961","pid":1230,"t":1791306873.50417}
{"ev":"accepted","peer":"2:815408429","pid":1230,"t":1791306873.510503}
{"ev":"accepted","peer":"2:4291039274","pid":1230,"t":1791306873.515884}
{"ev":"accepted","peer":"2:3752995060","pid":1230,"t":1791306873.521477}
{"ev":"accepted","peer":"2:4190736710","pid":1230,"t":1791306873.527573}
{"ev":"accepted","peer":"2:542515693","pid":1230,"t":1791306873.53373}
{"ev":"accepted","peer":"2:3930913860","pid":1230,"t":1791306873.53978}
{"ev":"accepted","peer":"2:3756830875","pid":1230,"t":1791306873.545165}
{"ev":"accepted","peer":"2:2477693041","pid":1230,"t":1791306873.551511}
{"ev":"accepted","peer":"2:3221945150","pid":1230,"t":1791306873.557571}
{"ev":"accepted","peer":"2:3482703494","pid":1230,"t":1791306873.563838}
{"ev":"accepted","peer":"2:3434961112","pid":1230,"t":1791306873.568976}
{"ev":"accepted","peer":"2:1767736127","pid":1230,"t":1791306873.5749}
{"ev":"accepted","peer":"2:1730875591","pid":1230,"t":1791306873.581087}
{"ev":"accepted","peer":"2:73819154","pid":1230,"t":1791306873.587133}
{"ev":"accepted","peer":"2:1308208920","pid":1230,"t":1791306873.592211}
{"ev":"accepted","peer":"2:74653817","pid":1230,"t":1791306873.597715}
{"ev":"accepted","peer":"2:2853525386","pid":1230,"t":1791306873.60354}
{"ev":"accepted","peer":"2:1222618900","pid":1230,"t":1791306873.609025}
{"ev":"accepted","peer":"2:2423741848","pid":1230,"t":1791306873.615039}
{"ev":"accepted","peer":"2:3658679587","pid":1230,"t":1791306873.620358}
{"ev":"accepted","peer":"2:1473148336","pid":1230,"t":1791306873.625913}
{"ev":"accepted","peer":"2:956426760","pid":1230,"t":1791306873.63206}
{"ev":"accepted","peer":"2:1615791338","pid":1230,"t":1791306873.638224}
{"ev":"accepted","peer":"2:3503815791","pid":1230,"t":1791306873.644508}
{"ev":"accepted","peer":"2:1424640323","pid":1230,"t":1791306873.649927}
{"ev":"accepted","peer":"2:409193998","pid":1230,"t":1791306873.655399}
{"ev":"accepted","peer":"2:20605776","pid":1230,"t":1791306873.661253}
{"ev":"accepted","peer":"2:1686834703","pid":1230,"t":1791306873.666675}
{"ev":"accepted","peer":"2:3113682599","pid":1230,"t":1791306873.672771}
{"ev":"accepted","peer":"2:98262198","pid":1230,"t":1791306873.678109}
{"ev":"accepted","peer":"2:657196558","pid":1230,"t":1791306873.684337}
{"ev":"accepted","peer":"2:1173235413","pid":1230,"t":1791306873.690626}
{"ev":"accepted","peer":"2:1124250448","pid":1230,"t":1791306873.696785}
{"ev":"accepted","peer":"2:72353808","pid":1230,"t":1791306873.702731}
{"ev":"accepted","peer":"2:3320634354","pid":1230,"t":1791306873.708011}
{"ev":"accepted","peer":"2:951578454","pid":1230,"t":1791306873.714235}
{"ev":"accepted","peer":"2:2740810685","pid":1230,"t":1791306873.719449}
{"ev":"accepted","peer":"2:763418352","pid":1230,"t":1791306873.725}
{"ev":"accepted","peer":"2:4061370016","pid":1230,"t":1791306873.73021}
{"ev":"accepted","peer":"2:2673333429","pid":1230,"t":1791306873.736401}
{"ev":"accepted","peer":"2:2329317166","pid":1230,"t":1791306873.741825}
{"ev":"accepted","peer":"2:1453892365","pid":1230,"t":1791306873.746725}
{"ev":"accepted","peer":"2:3596343405","pid":1230,"t":1791306873.75206}
{"ev":"accepted","peer":"2:139278106","pid":1230,"t":1791306873.757654}
{"ev":"accepted","peer":"2:4146578511","pid":1230,"t":1791306873.763919}
{"ev":"accepted","peer":"2:1181158793","pid":1230,"t":1791306873.770054}
{"ev":"accepted","peer":"2:727876324","pid":1230,"t":1791306873.776077}
{"ev":"accepted","peer":"2:280722599","pid":1230,"t":1791306873.781227}
{"ev":"accepted","peer":"2:3383091051","pid":1230,"t":1791306873.786512}
{"ev":"accepted","peer":"2:486136959","pid":1230,"t":1791306873.792309}
{"ev":"accepted","peer":"2:2626200677","pid":1230,"t":1791306873.797371}
{"ev":"accepted","peer":"2:3782196175","pid":1230,"t":1791306873.803532}
{"ev":"accepted","peer":"2:261963584","pid":1230,"t":1791306873.808668}
{"ev":"accepted","peer":"2:1118813029","pid":1230,"t":1791306873.814735}
{"ev":"accepted","peer":"2:3104536534","pid":1230,"t":1791306873.820875}
{"ev":"accepted","peer":"2:3765684648","pid":1230,"t":1791306873.826886}
{"ev":"accepted","peer":"2:3240623385","pid":1230,"t":1791306873.832071}
{"ev":"accepted","peer":"2:1813720723","pid":1230,"t":1791306873.838281}
{"ev":"accepted","peer":"2:3421459884","pid":1230,"t":1791306873.844376}
{"ev":"accepted","peer":"2:1015899573","pid":1230,"t":1791306873.850625}
{"ev":"accepted","peer":"2:4029956588","pid":1230,"t":1791306873.856651}
{"ev":"accepted","peer":"2:3388920020","pid":1230,"t":1791306873.861837}
{"ev":"accepted","peer":"2:3665636126","pid":1230,"t":1791306873.868029}
{"ev":"accepted","peer":"2:463668645","pid":1230,"t":1791306873.873364}
{"ev":"accepted","peer":"2:1723823853","pid":1230,"t":1791306873.878589}
{"ev":"accepted","peer":"2:494863503","pid":1230,"t":1791306873.88432}
{"ev":"accepted","peer":"2:2743465693","pid":1230,"t":1791306873.890369}
{"ev":"accepted","peer":"2:3292353696","pid":1230,"t":1791306873.895586}
{"ev":"accepted","peer":"2:4068823248","pid":1230,"t":1791306873.900999}
{"ev":"accepted","peer":"2:434418774","pid":1230,"t":1791306873.906821}
{"ev":"accepted","peer":"2:315807699","pid":1230,"t":1791306873.912683}
{"ev":"accepted","peer":"2:1374917439","pid":1230,"t":1791306873.918058}
{"ev":"accepted","peer":"2:3222082833","pid":1230,"t":1791306873.924302}
{"ev":"accepted","peer":"2:1218553963","pid":1230,"t":1791306873.929879}
{"ev":"accepted","peer":"2:1529699289","pid":1230,"t":1791306873.93605}
{"ev":"accepted","peer":"2:2475701902","pid":1230,"t":1791306873.942076}
{"ev":"accepted","peer":"2:3689370575","pid":1230,"t":1791306873.948223}
{"ev":"accepted","peer":"2:2855985719","pid":1230,"t":1791306873.953669}
{"ev":"accepted","peer":"2:2529047353","pid":1230,"t":1791306873.959637}
{"ev":"accepted","peer":"2:1524971880","pid":1230,"t":1791306873.966905}
{"ev":"accepted","peer":"2:1573719440","pid":1230,"t":1791306873.972824}
{"ev":"accepted","peer":"2:3723056736","pid":1230,"t":1791306873.978761}
{"ev":"accepted","peer":"2:3988962461","pid":1230,"t":1791306873.984449}
{"ev":"accepted","peer":"2:1144237075","pid":1230,"t":1791306873.990091}
{"ev":"accepted","peer":"2:927626707","pid":1230,"t":1791306873.995366}
{"ev":"accepted","peer":"2:4093945037","pid":1230,"t":1791306874.000683}
{"ev":"accepted","peer":"2:1309431541","pid":1230,"t":1791306874.005754}
{"ev":"accepted","peer":"2:2902462141","pid":1230,"t":1791306874.011331}
{"ev":"accepted","peer":"2:2888819418","pid":1230,"t":1791306874.016449}
{"ev":"accepted","peer":"2:196558958","pid":1230,"t":1791306874.022607}
{"ev":"accepted","peer":"2:1830900893","pid":1230,"t":1791306874.028104}
{"ev":"accepted","peer":"2:1313787901","pid":1230,"t":1791306874.033533}
{"ev":"accepted","peer":"2:3225871767","pid":1230,"t":1791306874.03883}
{"ev":"accepted","peer":"2:3123159972","pid":1230,"t":1791306874.044949}
{"ev":"accepted","peer":"2:1937507448","pid":1230,"t":1791306874.051063}
{"ev":"accepted","peer":"2:2555901383","pid":1230,"t":1791306874.056342}
{"ev":"accepted","peer":"2:717750000","pid":1230,"t":1791306874.061835}
{"ev":"accepted","peer":"2:927265134","pid":1230,"t":1791306874.067618}
{"ev":"accepted","peer":"2:3574387454","pid":1230,"t":1791306874.073135}
{"ev":"accepted","peer":"2:440858169","pid":1230,"t":1791306874.078528}
{"ev":"accepted","peer":"2:2659681301","pid":1230,"t":1791306874.083943}
{"ev":"accepted","peer":"2:3895149405","pid":1230,"t":1791306874.089869}
{"ev":"accepted","peer":"2:3365190493","pid":1230,"t":1791306874.095746}
{"ev":"accepted","peer":"2:2002744193","pid":1230,"t":1791306874.101006}
{"ev":"accepted","peer":"2:3398357041","pid":1230,"t":1791306874.106501}
{"ev":"accepted","peer":"2:4279798850","pid":1230,"t":1791306874.112839}
{"ev":"accepted","peer":"2:2303861008","pid":1230,"t":1791306874.118172}
{"ev":"accepted","peer":"2:994792924","pid":1230,"t":1791306874.123883}
{"ev":"accepted","peer":"2:1807214462","pid":1230,"t":1791306874.129705}
{"ev":"accepted","peer":"2:2332142185","pid":1230,"t":1791306874.13507}
{"ev":"accepted","peer":"2:2243115882","pid":1230,"t":1791306874.140422}
{"ev":"accepted","peer":"2:2991675165","pid":1230,"t":1791306874.145953}
{"ev":"accepted","peer":"2:2610066140","pid":1230,"t":1791306874.151715}
{"ev":"accepted","peer":"2:2769030424","pid":1230,"t":1791306874.157178}
{"ev":"accepted","peer":"2:123122433","pid":1230,"t":1791306874.16266}
{"ev":"accepted","peer":"2:2937643150","pid":1230,"t":1791306874.168238}
{"ev":"accepted","peer":"2:1735542481","pid":1230,"t":1791306874.173485}
{"ev":"accepted","peer":"2:3969042567","pid":1230,"t":1791306874.179145}
{"ev":"accepted","peer":"2:525082150","pid":1230,"t":1791306874.184788}
{"ev":"accepted","peer":"2:3944417652","pid":1230,"t":1791306874.190954}
{"ev":"accepted","peer":"2:26683558","pid":1230,"t":1791306874.196454}
{"ev":"accepted","peer":"2:1912186236","pid":1230,"t":1791306874.201599}
{"ev":"accepted","peer":"2:165387602","pid":1230,"t":1791306874.20689}
{"ev":"accepted","peer":"2:3421359979","pid":1230,"t":1791306874.213138}
{"ev":"accepted","peer":"2:1807565780","pid":1230,"t":1791306874.219336}
{"ev":"accepted","peer":"2:3234494530","pid":1230,"t":1791306874.225196}
{"ev":"accepted","peer":"2:938060697","pid":1230,"t":1791306874.230824}
{"ev":"accepted","peer":"2:1385570972","pid":1230,"t":1791306874.237005}
{"ev":"accepted","peer":"2:3594976091","pid":1230,"t":1791306874.243023}
{"ev":"accepted","peer":"2:1360673435","pid":1230,"t":1791306874.248428}
{"ev":"accepted","peer":"2:491236732","pid":1230,"t":1791306874.253643}
{"ev":"accepted","peer":"2:3458041755","pid":1230,"t":1791306874.259118}
{"ev":"accepted","peer":"2:548036738","pid":1230,"t":1791306874.264443}
{"ev":"accepted","peer":"2:1422991917","pid":1230,"t":1791306874.270353}
{"ev":"accepted","peer":"2:3264457644","pid":1230,"t":1791306874.276577}
{"ev":"accepted","peer":"2:1515630710","pid":1230,"t":1791306874.282232}
{"ev":"accepted","peer":"2:456124582","pid":1230,"t":1791306874.287676}
{"ev":"accepted","peer":"2:3894921835","pid":1230,"t":1791306874.292851}
{"ev":"accepted","peer":"2:3110833580","pid":1230,"t":1791306874.298421}
{"ev":"accepted","peer":"2:2471698871","pid":1230,"t":1791306874.304533}
{"ev":"accepted","peer":"2:234000380","pid":1230,"t":1791306874.310675}
{"ev":"accepted","peer":"2:1983541878","pid":1230,"t":1791306874.316677}
{"ev":"accepted","peer":"2:2696505706","pid":1230,"t":1791306874.322478}
{"ev":"accepted","peer":"2:3014430714","pid":1230,"t":1791306874.32785}
{"ev":"accepted","peer":"2:4064371627","pid":1230,"t":1791306874.333475}
{"ev":"accepted","peer":"2:998388286","pid":1230,"t":1791306874.339011}
{"ev":"accepted","peer":"2:826821746","pid":1230,"t":1791306874.345124}
{"ev":"accepted","peer":"2:1057873447","pid":1230,"t":1791306874.350629}
{"ev":"accepted","peer":"2:2460883337","pid":1230,"t":1791306874.356774}
{"ev":"accepted","peer":"2:3018436698","pid":1230,"t":1791306874.361869}
{"ev":"accepted","peer":"2:669402064","pid":1230,"t":1791306874.367595}
{"ev":"accepted","peer":"2:964651648","pid":1230,"t":1791306874.373753}
{"ev":"accepted","peer":"2:1253382454","pid":1230,"t":1791306874.379897}
{"ev":"accepted","peer":"2:2183226561","pid":1230,"t":1791306874.385747}
{"ev":"accepted","peer":"2:4260706197","pid":1230,"t":1791306874.391925}
{"ev":"accepted","peer":"2:1540070987","pid":1230,"t":1791306874.397202}
{"ev":"accepted","peer":"2:1132521605","pid":1230,"t":1791306874.402878}
{"ev":"accepted","peer":"2:3078094503","pid":1230,"t":1791306874.408108}
{"ev":"accepted","peer":"2:362006925","pid":1230,"t":1791306874.414102}
{"ev":"accepted","peer":"2:3641818579","pid":1230,"t":1791306874.420292}
{"ev":"accepted","peer":"2:4066960034","pid":1230,"t":1791306874.426419}
{"ev":"accepted","peer":"2:1800597313","pid":1230,"t":1791306874.432497}
{"ev":"accepted","peer":"2:2391459802","pid":1230,"t":1791306874.438618}
{"ev":"accepted","peer":"2:2837850971","pid":1230,"t":1791306874.44455}
{"ev":"accepted","peer":"2:3208061444","pid":1230,"t":1791306874.449901}
{"ev":"accepted","peer":"2:3190953274","pid":1230,"t":1791306874.456019}
{"ev":"accepted","peer":"2:1201229992","pid":1230,"t":1791306874.461615}
{"ev":"accepted","peer":"2:678272593","pid":1230,"t":1791306874.467221}
{"ev":"accepted","peer":"2:2775986673","pid":1230,"t":1791306874.473272}
{"ev":"accepted","peer":"2:181455756","pid":1230,"t":1791306874.478707}
{"ev":"accepted","peer":"2:924368257","pid":1230,"t":1791306874.484801}
{"ev":"accepted","peer":"2:3325219635","pid":1230,"t":1791306874.490954}
{"ev":"accepted","peer":"2:1457846291","pid":1230,"t":1791306874.49706}
{"ev":"accepted","peer":"2:365790577","pid":1230,"t":1791306874.502768}
{"ev":"accepted","peer":"2:1604835636","pid":1230,"t":1791306874.508334}
{"ev":"accepted","peer":"2:2654000647","pid":1230,"t":1791306874.513547}
{"ev":"accepted","peer":"2:1368440025","pid":1230,"t":1791306874.519166}
{"ev":"accepted","peer":"2:2585532827","pid":1230,"t":1791306874.524911}
{"ev":"accepted","peer":"2:435880016","pid":1230,"t":1791306874.530363}
{"ev":"accepted","peer":"2:2660938426","pid":1230,"t":1791306874.535635}
{"ev":"accepted","peer":"2:838931224","pid":1230,"t":1791306874.541439}
{"ev":"accepted","peer":"2:477019146","pid":1230,"t":1791306874.547325}
{"ev":"accepted","peer":"2:606652511","pid":1230,"t":1791306874.552385}
{"ev":"accepted","peer":"2:3460337917","pid":1230,"t":1791306874.557679}
{"ev":"accepted","peer":"2:4291213927","pid":1230,"t":1791306874.563021}
{"ev":"accepted","peer":"2:1706790103","pid":1230,"t":1791306874.569032}
{"ev":"accepted","peer":"2:1744894835","pid":1230,"t":1791306874.574148}
{"ev":"accepted","peer":"2:3552340985","pid":1230,"t":1791306874.579344}
{"ev":"accepted","peer":"2:827062413","pid":1230,"t":1791306874.58467}
{"ev":"accepted","peer":"2:1413131290","pid":1230,"t":1791306874.590898}
{"ev":"accepted","peer":"2:3348595565","pid":1230,"t":1791306874.596031}
{"ev":"accepted","peer":"2:4171732728","pid":1230,"t":1791306874.601283}
{"ev":"accepted","peer":"2:1645403463","pid":1230,"t":1791306874.606807}
{"ev":"accepted","peer":"2:3016772984","pid":1230,"t":1791306874.612057}
{"ev":"accepted","peer":"2:1067153861","pid":1230,"t":1791306874.617765}
{"ev":"accepted","peer":"2:3607341199","pid":1230,"t":1791306874.62355}
{"ev":"accepted","peer":"2:4032419500","pid":1230,"t":1791306874.629605}
{"ev":"accepted","peer":"2:4230761698","pid":1230,"t":1791306874.634975}
{"ev":"accepted","peer":"2:3674663650","pid":1230,"t":1791306874.641002}
{"ev":"accepted","peer":"2:3304179475","pid":1230,"t":1791306874.646017}
{"ev":"accepted","peer":"2:3598758113","pid":1230,"t":1791306874.651687}
{"ev":"accepted","peer":"2:3056313207","pid":1230,"t":1791306874.657614}
{"ev":"accepted","peer":"2:3314424314","pid":1230,"t":1791306874.663739}
{"ev":"accepted","peer":"2:3083616555","pid":1230,"t":1791306874.668749}
{"ev":"accepted","peer":"2:2480449730","pid":1230,"t":1791306874.673923}
{"ev":"accepted","peer":"2:3022706179","pid":1230,"t":1791306874.679825}
{"ev":"accepted","peer":"2:1206957350","pid":1230,"t":1791306874.685886}
{"ev":"accepted","peer":"2:2641325384","pid":1230,"t":1791306874.691021}
{"ev":"accepted","peer":"2:2026300671","pid":1230,"t":1791306874.696103}
{"ev":"accepted","peer":"2:1424165345","pid":1230,"t":1791306874.701363}
{"ev":"accepted","peer":"2:3628599373","pid":1230,"t":1791306874.70651}
{"ev":"accepted","peer":"2:3840168479","pid":1230,"t":1791306874.712147}
{"ev":"accepted","peer":"2:1576558519","pid":1230,"t":1791306874.718178}
{"ev":"accepted","peer":"2:2906408034","pid":1230,"t":1791306874.72423}
{"ev":"accepted","peer":"2:1389493458","pid":1230,"t":1791306874.729772}
{"ev":"accepted","peer":"2:1384290084","pid":1230,"t":1791306874.735306}
{"ev":"accepted","peer":"2:3823157349","pid":1230,"t":1791306874.740777}
{"ev":"accepted","peer":"2:1751261698","pid":1230,"t":1791306874.746024}
{"ev":"accepted","peer":"2:2378188137","pid":1230,"t":1791306874.751822}
{"ev":"accepted","peer":"2:2222184020","pid":1230,"t":1791306874.757454}
{"ev":"accepted","peer":"2:2257433504","pid":1230,"t":1791306874.763524}
{"ev":"accepted","peer":"2:3523658730","pid":1230,"t":1791306874.769263}
{"ev":"accepted","peer":"2:2000406566","pid":1230,"t":1791306874.774856}
{"ev":"accepted","peer":"2:2196320441","pid":1230,"t":1791306874.780416}
{"ev":"accepted","peer":"2:3211662595","pid":1230,"t":1791306874.786362}
{"ev":"accepted","peer":"2:2973092610","pid":1230,"t":1791306874.791748}
{"ev":"accepted","peer":"2:65770821","pid":1230,"t":1791306874.796891}
{"ev":"accepted","peer":"2:2961069905","pid":1230,"t":1791306874.802275}
{"ev":"accepted","peer":"2:3545613265","pid":1230,"t":1791306874.807748}
{"ev":"accepted","peer":"2:2552596664","pid":1230,"t":1791306874.814058}
{"ev":"accepted","peer":"2:547701904","pid":1230,"t":1791306874.820309}
{"ev":"accepted","peer":"2:2724427535","pid":1230,"t":1791306874.826246}
{"ev":"accepted","peer":"2:833726492","pid":1230,"t":1791306874.832342}
{"ev":"accepted","peer":"2:1526364495","pid":1230,"t":1791306874.838418}
{"ev":"accepted","peer":"2:2537311148","pid":1230,"t":1791306874.844469}
{"ev":"accepted","peer":"2:597468936","pid":1230,"t":1791306874.850444}
{"ev":"accepted","peer":"2:1726134698","pid":1230,"t":1791306874.856296}
{"ev":"accepted","peer":"2:2169703653","pid":1230,"t":1791306874.862349}
{"ev":"accepted","peer":"2:1694039766","pid":1230,"t":1791306874.867503}
{"ev":"accepted","peer":"2:217802751","pid":1230,"t":1791306874.873648}
{"ev":"accepted","peer":"2:1594126100","pid":1230,"t":1791306874.878976}
{"ev":"accepted","peer":"2:3333376520","pid":1230,"t":1791306874.884814}
{"ev":"accepted","peer":"2:3874475736","pid":1230,"t":1791306874.89097}
{"ev":"accepted","peer":"2:1401499792","pid":1230,"t":1791306874.896222}
{"ev":"accepted","peer":"2:1653732175","pid":1230,"t":1791306874.902265}
{"ev":"accepted","peer":"2:2662866102","pid":1230,"t":1791306874.908354}
{"ev":"accepted","peer":"2:3488378591","pid":1230,"t":1791306874.913944}
{"ev":"accepted","peer":"2:2773127691","pid":1230,"t":1791306874.920178}
{"ev":"accepted","peer":"2:1869808640","pid":1230,"t":1791306874.92622}
{"ev":"accepted","peer":"2:1108084437","pid":1230,"t":1791306874.9324}
{"ev":"accepted","peer":"2:3870872302","pid":1230,"t":1791306874.93796}
{"ev":"accepted","peer":"2:2477154832","pid":1230,"t":1791306874.943625}
{"ev":"accepted","peer":"2:2800048607","pid":1230,"t":1791306874.948886}
{"ev":"accepted","peer":"2:297807182","pid":1230,"t":1791306874.954739}
{"ev":"accepted","peer":"2:3092405205","pid":1230,"t":1791306874.960308}
{"ev":"accepted","peer":"2:2788624465","pid":1230,"t":1791306874.966745}
{"ev":"accepted","peer":"2:3945662516","pid":1230,"t":1791306874.971487}
{"ev":"accepted","peer":"2:2446322073","pid":1230,"t":1791306874.977789}
{"ev":"accepted","peer":"2:3831519888","pid":1230,"t":1791306874.983738}
{"ev":"accepted","peer":"2:3974942049","pid":1230,"t":1791306874.989376}
{"ev":"accepted","peer":"2:804021557","pid":1230,"t":1791306874.99549}
{"ev":"accepted","peer":"2:727458718","pid":1230,"t":1791306875.001579}
{"ev":"accepted","peer":"2:2098986550","pid":1230,"t":1791306875.00777}
{"ev":"accepted","peer":"2:1588250351","pid":1230,"t":1791306875.013457}
{"ev":"accepted","peer":"2:3201265090","pid":1230,"t":1791306875.020725}
{"ev":"accepted","peer":"2:1708852958","pid":1230,"t":1791306875.026598}
{"ev":"accepted","peer":"2:73786098","pid":1230,"t":1791306875.032478}
{"ev":"accepted","peer":"2:757748957","pid":1230,"t":1791306875.038641}
{"ev":"accepted","peer":"2:1118122862","pid":1230,"t":1791306875.044791}
{"ev":"accepted","peer":"2:111233234","pid":1230,"t":1791306875.050989}
{"ev":"accepted","peer":"2:4193718734","pid":1230,"t":1791306875.057071}
{"ev":"accepted","peer":"2:622455269","pid":1230,"t":1791306875.063172}
{"ev":"accepted","peer":"2:3014510885","pid":1230,"t":1791306875.068887}
{"ev":"accepted","peer":"2:2866007387","pid":1230,"t":1791306875.075058}
{"ev":"accepted","peer":"2:1687896026","pid":1230,"t":1791306875.081137}
{"ev":"accepted","peer":"2:2916144113","pid":1230,"t":1791306875.086434}
{"ev":"accepted","peer":"2:244056721","pid":1230,"t":1791306875.092256}
{"ev":"accepted","peer":"2:3226111706","pid":1230,"t":1791306875.098296}
{"ev":"accepted","peer":"2:3452526626","pid":1230,"t":1791306875.104419}
{"ev":"accepted","peer":"2:866861775","pid":1230,"t":1791306875.109952}
{"ev":"accepted","peer":"2:673674878","pid":1230,"t":1791306875.11535}
{"ev":"accepted","peer":"2:3342317629","pid":1230,"t":1791306875.121586}
{"ev":"accepted","peer":"2:1711708117","pid":1230,"t":1791306875.127058}
{"ev":"accepted","peer":"2:4106982517","pid":1230,"t":1791306875.13322}
{"ev":"accepted","peer":"2:2183057820","pid":1230,"t":1791306875.138424}
{"ev":"accepted","peer":"2:3350402186","pid":1230,"t":1791306875.143918}
{"ev":"accepted","peer":"2:4130091600","pid":1230,"t":1791306875.150133}
{"ev":"accepted","peer":"2:3734042873","pid":1230,"t":1791306875.156202}
{"ev":"accepted","peer":"2:214032856","pid":1230,"t":1791306875.161215}
{"ev":"accepted","peer":"2:4138163171","pid":1230,"t":1791306875.166507}
{"ev":"accepted","peer":"2:3705672612","pid":1230,"t":1791306875.172596}
{"ev":"accepted","peer":"2:2213961015","pid":1230,"t":1791306875.178711}
{"ev":"accepted","peer":"2:1208755881","pid":1230,"t":1791306875.184769}
{"ev":"accepted","peer":"2:2607376314","pid":1230,"t":1791306875.191056}
{"ev":"accepted","peer":"2:983301488","pid":1230,"t":1791306875.197207}
{"ev":"accepted","peer":"2:3877461752","pid":1230,"t":1791306875.202355}
{"ev":"accepted","peer":"2:2997094647","pid":1230,"t":1791306875.208447}
{"ev":"accepted","peer":"2:2347757911","pid":1230,"t":1791306875.21424}
{"ev":"accepted","peer":"2:1211976513","pid":1230,"t":1791306875.220414}
{"ev":"accepted","peer":"2:3577826499","pid":1230,"t":1791306875.226513}
{"ev":"accepted","peer":"2:3219914874","pid":1230,"t":1791306875.232597}
{"ev":"accepted","peer":"2:3339809451","pid":1230,"t":1791306875.237696}
{"ev":"accepted","peer":"2:1397735138","pid":1230,"t":1791306875.242754}
{"ev":"accepted","peer":"2:2245491951","pid":1230,"t":1791306875.247851}
{"ev":"accepted","peer":"2:256107223","pid":1230,"t":1791306875.254117}
{"ev":"accepted","peer":"2:1467958769","pid":1230,"t":1791306875.259883}
{"ev":"accepted","peer":"2:3069375410","pid":1230,"t":1791306875.265731}
{"ev":"accepted","peer":"2:320869587","pid":1230,"t":1791306875.271774}
{"ev":"accepted","peer":"2:3153820239","pid":1230,"t":1791306875.277887}
{"ev":"accepted","peer":"2:1846791953","pid":1230,"t":1791306875.284194}
{"ev":"accepted","peer":"2:1297869113","pid":1230,"t":1791306875.289256}
{"ev":"accepted","peer":"2:1176904631","pid":1230,"t":1791306875.295411}
{"ev":"accepted","peer":"2:1274579145","pid":1230,"t":1791306875.301566}
{"ev":"accepted","peer":"2:2322022230","pid":1230,"t":1791306875.307736}
{"ev":"accepted","peer":"2:823218030","pid":1230,"t":1791306875.313947}
{"ev":"accepted","peer":"2:769404273","pid":1230,"t":1791306875.320199}
{"ev":"accepted","peer":"2:2339113148","pid":1230,"t":1791306875.326336}
{"ev":"accepted","peer":"2:3607536453","pid":1230,"t":1791306875.332446}
{"ev":"accepted","peer":"2:2754094362","pid":1230,"t":1791306875.337627}
{"ev":"accepted","peer":"2:2573898585","pid":1230,"t":1791306875.343004}
{"ev":"accepted","peer":"2:1579689159","pid":1230,"t":1791306875.348515}
{"ev":"accepted","peer":"2:832995711","pid":1230,"t":1791306875.354832}
{"ev":"accepted","peer":"2:1347944375","pid":1230,"t":1791306875.360881}
{"ev":"accepted","peer":"2:4155443689","pid":1230,"t":1791306875.367081}
{"ev":"accepted","peer":"2:3360797098","pid":1230,"t":1791306875.373267}
{"ev":"accepted","peer":"2:2534998414","pid":1230,"t":1791306875.379369}
{"ev":"accepted","peer":"2:3167793045","pid":1230,"t":1791306875.384818}
{"ev":"accepted","peer":"2:2579416672","pid":1230,"t":1791306875.390873}
{"ev":"accepted","peer":"2:166381204","pid":1230,"t":1791306875.397134}
{"ev":"accepted","peer":"2:3108951263","pid":1230,"t":1791306875.403487}
{"ev":"accepted","peer":"2:827917681","pid":1230,"t":1791306875.409426}
{"ev":"accepted","peer":"2:526978286","pid":1230,"t":1791306875.415449}
{"ev":"accepted","peer":"2:3889026485","pid":1230,"t":1791306875.420837}
{"ev":"accepted","peer":"2:1081350239","pid":1230,"t":1791306875.426786}
{"ev":"accepted","peer":"2:1252506466","pid":1230,"t":1791306875.432895}
{"ev":"accepted","peer":"2:3149266350","pid":1230,"t":1791306875.439004}
{"ev":"accepted","peer":"2:1518704968","pid":1230,"t":1791306875.444471}
{"ev":"accepted","peer":"2:392886871","pid":1230,"t":1791306875.450576}
{"ev":"accepted","peer":"2:1576944630","pid":1230,"t":1791306875.456784}
{"ev":"accepted","peer":"2:786813225","pid":1230,"t":1791306875.462875}
{"ev":"accepted","peer":"2:407149188","pid":1230,"t":1791306875.468097}
{"ev":"accepted","peer":"2:177673622","pid":1230,"t":1791306875.473432}
{"ev":"accepted","peer":"2:1209244224","pid":1230,"t":1791306875.478577}
{"ev":"accepted","peer":"2:1532903414","pid":1230,"t":1791306875.483676}
{"ev":"accepted","peer":"2:3988937145","pid":1230,"t":1791306875.48957}
{"ev":"accepted","peer":"2:4225265018","pid":1230,"t":1791306875.495751}
{"ev":"accepted","peer":"2:3763151931","pid":1230,"t":1791306875.502042}
{"ev":"accepted","peer":"2:577554626","pid":1230,"t":1791306875.507186}
{"ev":"accepted","peer":"2:2279427095","pid":1230,"t":1791306875.513695}
{"ev":"accepted","peer":"2:1779445212","pid":1230,"t":1791306875.5201}
{"ev":"accepted","peer":"2:1596343508","pid":1230,"t":1791306875.526065}
{"ev":"accepted","peer":"2:2760908953","pid":1230,"t":1791306875.532349}
{"ev":"accepted","peer":"2:2774884477","pid":1230,"t":1791306875.538509}
{"ev":"accepted","peer":"2:3341147426","pid":1230,"t":1791306875.544604}
{"ev":"accepted","peer":"2:2296918407","pid":1230,"t":1791306875.550616}
{"ev":"accepted","peer":"2:187680123","pid":1230,"t":1791306875.55668}
{"ev":"accepted","peer":"2:2869044887","pid":1230,"t":1791306875.562859}
{"ev":"accepted","peer":"2:2785697354","pid":1230,"t":1791306875.56827}
{"ev":"accepted","peer":"2:2811879226","pid":1230,"t":1791306875.574329}
{"ev":"accepted","peer":"2:1617139918","pid":1230,"t":1791306875.579497}
{"ev":"accepted","peer":"2:709295817","pid":1230,"t":1791306875.584852}
{"ev":"accepted","peer":"2:2869264479","pid":1230,"t":1791306875.590862}
{"ev":"accepted","peer":"2:739024638","pid":1230,"t":1791306875.596838}
{"ev":"accepted","peer":"2:2486025806","pid":1230,"t":1791306875.603086}
{"ev":"accepted","peer":"2:3236150551","pid":1230,"t":1791306875.608169}
{"ev":"accepted","peer":"2:370881084","pid":1230,"t":1791306875.61377}
{"ev":"accepted","peer":"2:3063233125","pid":1230,"t":1791306875.619568}
{"ev":"accepted","peer":"2:2705787324","pid":1230,"t":1791306875.625784}
{"ev":"accepted","peer":"2:1891003674","pid":1230,"t":1791306875.631331}
{"ev":"accepted","peer":"2:2700762076","pid":1230,"t":1791306875.637517}
{"ev":"accepted","peer":"2:164099977","pid":1230,"t":1791306875.642641}
{"ev":"accepted","peer":"2:4279212077","pid":1230,"t":1791306875.648688}
{"ev":"accepted","peer":"2:744928540","pid":1230,"t":1791306875.654728}
{"ev":"accepted","peer":"2:3183023146","pid":1230,"t":1791306875.660066}
{"ev":"accepted","peer":"2:3600528699","pid":1230,"t":1791306875.665436}
{"ev":"accepted","peer":"2:2740843834","pid":1230,"t":1791306875.671584}
{"ev":"accepted","peer":"2:2847347656","pid":1230,"t":1791306875.677403}
{"ev":"accepted","peer":"2:3754589916","pid":1230,"t":1791306875.682716}
{"ev":"accepted","peer":"2:907760885","pid":1230,"t":1791306875.688496}
{"ev":"accepted","peer":"2:3973233818","pid":1230,"t":1791306875.694587}
{"ev":"accepted","peer":"2:2573581051","pid":1230,"t":1791306875.700643}
{"ev":"accepted","peer":"2:1253687966","pid":1230,"t":1791306875.706082}
{"ev":"accepted","peer":"2:3052939751","pid":1230,"t":1791306875.711648}
{"ev":"accepted","peer":"2:141797590","pid":1230,"t":1791306875.71713}
{"ev":"accepted","peer":"2:2845834971","pid":1230,"t":1791306875.723197}
{"ev":"accepted","peer":"2:3543217260","pid":1230,"t":1791306875.728884}
{"ev":"accepted","peer":"2:2092229161","pid":1230,"t":1791306875.734971}
{"ev":"accepted","peer":"2:936384841","pid":1230,"t":1791306875.741078}
{"ev":"accepted","peer":"2:2116248958","pid":1230,"t":1791306875.747193}
{"ev":"accepted","peer":"2:3867827597","pid":1230,"t":1791306875.753044}
{"ev":"accepted","peer":"2:1507722742","pid":1230,"t":1791306875.7591}
{"ev":"accepted","peer":"2:3470160619","pid":1230,"t":1791306875.765145}
{"ev":"accepted","peer":"2:3846248060","pid":1230,"t":1791306875.771206}
{"ev":"accepted","peer":"2:1048590216","pid":1230,"t":1791306875.776575}
{"ev":"accepted","peer":"2:2781526726","pid":1230,"t":1791306875.782534}
{"ev":"accepted","peer":"2:3042654365","pid":1230,"t":1791306875.788619}
{"ev":"accepted","peer":"2:2398279443","pid":1230,"t":1791306875.794685}
{"ev":"accepted","peer":"2:853698637","pid":1230,"t":1791306875.801025}
{"ev":"accepted","peer":"2:2579235155","pid":1230,"t":1791306875.807246}
{"ev":"accepted","peer":"2:1461787536","pid":1230,"t":1791306875.812655}
{"ev":"accepted","peer":"2:1641895030","pid":1230,"t":1791306875.818224}
{"ev":"accepted","peer":"2:2658972481","pid":1230,"t":1791306875.823885}
{"ev":"accepted","peer":"2:2272575672","pid":1230,"t":1791306875.830011}
{"ev":"accepted","peer":"2:1293664821","pid":1230,"t":1791306875.835469}
{"ev":"accepted","peer":"2:20627606","pid":1230,"t":1791306875.841731}
{"ev":"accepted","peer":"2:2098560970","pid":1230,"t":1791306875.847796}
{"ev":"accepted","peer":"2:2201102682","pid":1230,"t":1791306875.853845}
{"ev":"accepted","peer":"2:152947189","pid":1230,"t":1791306875.859982}
{"ev":"accepted","peer":"2:1027868597","pid":1230,"t":1791306875.865808}
{"ev":"accepted","peer":"2:1650075900","pid":1230,"t":1791306875.871265}
{"ev":"accepted","peer":"2:2920989477","pid":1230,"t":1791306875.877443}
{"ev":"accepted","peer":"2:4230917389","pid":1230,"t":1791306875.883558}
{"ev":"accepted","peer":"2:3614028395","pid":1230,"t":1791306875.889368}
{"ev":"accepted","peer":"2:1629792934","pid":1230,"t":1791306875.895501}
{"ev":"accepted","peer":"2:3659019804","pid":1230,"t":1791306875.901483}
{"ev":"accepted","peer":"2:3543170801","pid":1230,"t":1791306875.907435}
{"ev":"accepted","peer":"2:3151391947","pid":1230,"t":1791306875.913719}
{"ev":"accepted","peer":"2:2497820219","pid":1230,"t":1791306875.919622}
{"ev":"accepted","peer":"2:243537603","pid":1230,"t":1791306875.9252}
{"ev":"accepted","peer":"2:2199049390","pid":1230,"t":1791306875.931353}
{"ev":"accepted","peer":"2:1955716512","pid":1230,"t":1791306875.937423}
{"ev":"accepted","peer":"2:989533884","pid":1230,"t":1791306875.94335}
{"ev":"accepted","peer":"2:3360433973","pid":1230,"t":1791306875.949465}
{"ev":"accepted","peer":"2:3666472922","pid":1230,"t":1791306875.954927}
{"ev":"accepted","peer":"2:2882500291","pid":1230,"t":1791306875.9602}
{"ev":"accepted","peer":"2:3089184076","pid":1230,"t":1791306875.965713}
{"ev":"accepted","peer":"2:3295902564","pid":1230,"t":1791306875.971163}
{"ev":"accepted","peer":"2:3972518321","pid":1230,"t":1791306875.976925}
{"ev":"accepted","peer":"2:3304147431","pid":1230,"t":1791306875.983125}
{"ev":"accepted","peer":"2:582617908","pid":1230,"t":1791306875.989167}
{"ev":"accepted","peer":"2:1656099922","pid":1230,"t":1791306875.995195}
{"ev":"accepted","peer":"2:2398197632","pid":1230,"t":1791306876.001261}
{"ev":"accepted","peer":"2:3593515115","pid":1230,"t":1791306876.006823}
{"ev":"accepted","peer":"2:329096712","pid":1230,"t":1791306876.01225}
{"ev":"accepted","peer":"2:3131861258","pid":1230,"t":1791306876.01738}
{"ev":"accepted","peer":"2:2527367864","pid":1230,"t":1791306876.02342}
{"ev":"accepted","peer":"2:3915223877","pid":1230,"t":1791306876.029555}
{"ev":"accepted","peer":"2:3066825573","pid":1230,"t":1791306876.035708}
{"ev":"accepted","peer":"2:891417849","pid":1230,"t":1791306876.041858}
{"ev":"accepted","peer":"2:2304181004","pid":1230,"t":1791306876.047902}
{"ev":"accepted","peer":"2:2032179892","pid":1230,"t":1791306876.053984}
{"ev":"accepted","peer":"2:3366537601","pid":1230,"t":1791306876.060172}
{"ev":"accepted","peer":"2:3766044929","pid":1230,"t":1791306876.066268}
{"ev":"accepted","peer":"2:1297247239","pid":1230,"t":1791306876.072428}
{"ev":"accepted","peer":"2:2926815651","pid":1230,"t":1791306876.078599}
{"ev":"accepted","peer":"2:2126986772","pid":1230,"t":1791306876.084502}
{"ev":"accepted","peer":"2:4075320220","pid":1230,"t":1791306876.089995}
{"ev":"accepted","peer":"2:601833072","pid":1230,"t":1791306876.096134}
{"ev":"accepted","peer":"2:1232933986","pid":1230,"t":1791306876.101553}
{"ev":"accepted","peer":"2:1624182283","pid":1230,"t":1791306876.106837}
{"ev":"accepted","peer":"2:389320741","pid":1230,"t":1791306876.112478}
{"ev":"accepted","peer":"2:3878098496","pid":1230,"t":1791306876.118104}
{"ev":"accepted","peer":"2:2648122402","pid":1230,"t":1791306876.124143}
{"ev":"accepted","peer":"2:715008287","pid":1230,"t":1791306876.130469}
{"ev":"accepted","peer":"2:3052798947","pid":1230,"t":1791306876.135592}
{"ev":"accepted","peer":"2:1616745165","pid":1230,"t":1791306876.140957}
{"ev":"accepted","peer":"2:3358253755","pid":1230,"t":1791306876.147147}
{"ev":"accepted","peer":"2:3038725444","pid":1230,"t":1791306876.153269}
{"ev":"accepted","peer":"2:2797569535","pid":1230,"t":1791306876.159318}
{"ev":"accepted","peer":"2:289397427","pid":1230,"t":1791306876.166605}
{"ev":"accepted","peer":"2:3187745462","pid":1230,"t":1791306876.172687}
{"ev":"accepted","peer":"2:391446011","pid":1230,"t":1791306876.178728}
{"ev":"accepted","peer":"2:1417853339","pid":1230,"t":1791306876.183897}
{"ev":"accepted","peer":"2:2755720166","pid":1230,"t":1791306876.189629}
{"ev":"accepted","peer":"2:1209542695","pid":1230,"t":1791306876.19583}
{"ev":"accepted","peer":"2:119834490","pid":1230,"t":1791306876.20191}
{"ev":"accepted","peer":"2:302014654","pid":1230,"t":1791306876.207018}
{"ev":"accepted","peer":"2:2101311234","pid":1230,"t":1791306876.212284}
{"ev":"accepted","peer":"2:2381834881","pid":1230,"t":1791306876.218237}
{"ev":"accepted","peer":"2:1277128589","pid":1230,"t":1791306876.224209}
{"ev":"accepted","peer":"2:2696202511","pid":1230,"t":1791306876.229648}
{"ev":"accepted","peer":"2:1425063624","pid":1230,"t":1791306876.234875}
{"ev":"accepted","peer":"2:1749622979","pid":1230,"t":1791306876.241089}
{"ev":"accepted","peer":"2:1683136942","pid":1230,"t":1791306876.2463}
{"ev":"accepted","peer":"2:434790992","pid":1230,"t":1791306876.252199}
{"ev":"accepted","peer":"2:2744387932","pid":1230,"t":1791306876.257434}
{"ev":"accepted","peer":"2:1311925925","pid":1230,"t":1791306876.263147}
{"ev":"accepted","peer":"2:2169165527","pid":1230,"t":1791306876.269251}
{"ev":"accepted","peer":"2:249105012","pid":1230,"t":1791306876.275524}
{"ev":"accepted","peer":"2:1028256613","pid":1230,"t":1791306876.280895}
{"ev":"accepted","peer":"2:3925756098","pid":1230,"t":1791306876.286975}
{"ev":"accepted","peer":"2:1298237472","pid":1230,"t":1791306876.293198}
{"ev":"accepted","peer":"2:233949704","pid":1230,"t":1791306876.299334}
{"ev":"accepted","peer":"2:1118982383","pid":1230,"t":1791306876.304925}
{"ev":"accepted","peer":"2:1324074118","pid":1230,"t":1791306876.311132}
{"ev":"accepted","peer":"2:790290700","pid":1230,"t":1791306912.616707}
{"ev":"accepted","peer":"2:256649090","pid":1230,"t":1791306912.670037}
{"ev":"accepted","peer":"2:2837359062","pid":1230,"t":1791306912.722016}
{"ev":"accepted","peer":"2:938869713","pid":1230,"t":1791306912.776005}
{"ev":"accepted","peer":"2:1476871430","pid":1230,"t":1791306912.826959}
{"ev":"accepted","peer":"2:641860690","pid":1230,"t":1791306912.880418}
{"ev":"accepted","peer":"2:3432728429","pid":1230,"t":1791306912.930908}
{"ev":"accepted","peer":"2:3257181668","pid":1230,"t":1791306912.985094}
{"ev":"accepted","peer":"2:2792082373","pid":1230,"t":1791306913.036399}
{"ev":"accepted","peer":"2:2072931041","pid":1230,"t":1791306913.088833}
{"ev":"accepted","peer":"2:3469613725","pid":1230,"t":1791306913.143801}
{"ev":"accepted","peer":"2:1587338099","pid":1230,"t":1791306913.194731}
{"ev":"accepted","peer":"2:2426791682","pid":1230,"t":1791306913.246128}
{"ev":"accepted","peer":"2:324382770","pid":1230,"t":1791306913.297632}
{"ev":"accepted","peer":"2:3804614865","pid":1230,"t":1791306913.348787}
{"ev":"accepted","peer":"2:3034817114","pid":1230,"t":1791306913.399379}
{"ev":"accepted","peer":"2:1371231838","pid":1230,"t":1791306913.450529}
{"ev":"accepted","peer":"2:4227596599","pid":1230,"t":1791306913.501507}
{"ev":"accepted","peer":"2:1113642674","pid":1230,"t":1791306913.552367}
{"ev":"accepted","peer":"2:893278391","pid":1230,"t":1791306913.603909}
{"ev":"accepted","peer":"2:4164152730","pid":1230,"t":1791306913.654842}
{"ev":"accepted","peer":"2:2607205257","pid":1230,"t":1791306913.705329}
{"ev":"accepted","peer":"2:1485997790","pid":1230,"t":1791306913.755536}
{"ev":"accepted","peer":"2:3834991268","pid":1230,"t":1791306913.805849}
{"ev":"accepted","peer":"2:477597355","pid":1230,"t":1791306913.857002}
{"ev":"accepted","peer":"2:904497837","pid":1230,"t":1791306913.908046}
{"ev":"accepted","peer":"2:1545410740","pid":1230,"t":1791306913.959995}
{"ev":"accepted","peer":"2:3929693880","pid":1230,"t":1791306914.010554}
{"ev":"accepted","peer":"2:2918382591","pid":1230,"t":1791306914.061042}
{"ev":"accepted","peer":"2:977901706","pid":1230,"t":1791306914.112095}
{"ev":"accepted","peer":"2:441631723","pid":1230,"t":1791306914.16409}
{"ev":"accepted","peer":"2:2482258825","pid":1230,"t":1791306914.214233}
{"ev":"accepted","peer":"2:1991056675","pid":1230,"t":1791306914.266505}
{"ev":"accepted","peer":"2:3361473391","pid":1230,"t":1791306914.321572}
{"ev":"accepted","peer":"2:1939318432","pid":1230,"t":1791306914.37215}
{"ev":"accepted","peer":"2:1902129790","pid":1230,"t":1791306914.427201}
{"ev":"accepted","peer":"2:3057569471","pid":1230,"t":1791306914.482259}
{"ev":"accepted","peer":"2:1357848356","pid":1230,"t":1791306914.532528}
{"ev":"accepted","peer":"2:1945239756","pid":1230,"t":1791306914.583017}
{"ev":"accepted","peer":"2:1219607257","pid":1230,"t":1791306914.63391}
{"ev":"accepted","peer":"2:3793799675","pid":1230,"t":1791306914.683965}
{"ev":"accepted","peer":"2:1412595870","pid":1230,"t":1791306914.737362}
{"ev":"accepted","peer":"2:2782477910","pid":1230,"t":1791306914.788412}
{"ev":"accepted","peer":"2:214385877","pid":1230,"t":1791306914.842355}
{"ev":"accepted","peer":"2:1658173867","pid":1230,"t":1791306914.893126}
{"ev":"accepted","peer":"2:1589018872","pid":1230,"t":1791306914.943998}
{"ev":"accepted","peer":"2:1001649348","pid":1230,"t":1791306914.995579}
{"ev":"accepted","peer":"2:903763777","pid":1230,"t":1791306915.046483}
{"ev":"accepted","peer":"2:154862264","pid":1230,"t":1791306915.097359}
{"ev":"accepted","peer":"2:2426696088","pid":1230,"t":1791306915.148392}
{"ev":"accepted","peer":"2:315404432","pid":1230,"t":1791306915.199293}
{"ev":"accepted","peer":"2:1929881029","pid":1230,"t":1791306915.249407}
{"ev":"accepted","peer":"2:1187451205","pid":1230,"t":1791306915.30152}
{"ev":"accepted","peer":"2:1529544702","pid":1230,"t":1791306915.35161}
{"ev":"accepted","peer":"2:1530060607","pid":1230,"t":1791306915.401747}
{"ev":"accepted","peer":"2:271386147","pid":1230,"t":1791306915.454119}
{"ev":"accepted","peer":"2:3478902252","pid":1230,"t":1791306915.505399}
{"ev":"accepted","peer":"2:4237432586","pid":1230,"t":1791306915.556019}
{"ev":"accepted","peer":"2:3873713084","pid":1230,"t":1791306915.606166}
{"ev":"accepted","peer":"2:2610197371","pid":1230,"t":1791306915.656447}
{"ev":"accepted","peer":"2:3229087953","pid":1230,"t":1791306915.708022}
{"ev":"accepted","peer":"2:1396680407","pid":1230,"t":1791306915.75858}
{"ev":"accepted","peer":"2:382450992","pid":1230,"t":1791306915.80889}
{"ev":"accepted","peer":"2:4235581193","pid":1230,"t":1791306915.859652}
{"ev":"accepted","peer":"2:2600157554","pid":1230,"t":1791306915.910104}
{"ev":"accepted","peer":"2:1166031796","pid":1230,"t":1791306915.961367}
{"ev":"accepted","peer":"2:1515470658","pid":1230,"t":1791306916.016544}
{"ev":"accepted","peer":"2:1456965175","pid":1230,"t":1791306916.067429}
{"ev":"accepted","peer":"2:1012386032","pid":1230,"t":1791306916.119801}
{"ev":"accepted","peer":"2:166867079","pid":1230,"t":1791306916.172135}
{"ev":"accepted","peer":"2:4120170281","pid":1230,"t":1791306916.227089}
{"ev":"start","pid":1268,"port":1024,"t":1791306916.242661,"uid":0}
{"err":"address already in use","ev":"bind-failed","pid":1268,"t":1791306916.242804}
{"ev":"start","pid":1269,"port":1024,"t":1791306926.263965,"uid":0}
{"err":"address already in use","ev":"bind-failed","pid":1269,"t":1791306926.266366}
{"ev":"start","pid":1270,"port":1024,"t":1791306936.287683,"uid":0}
{"err":"address already in use","ev":"bind-failed","pid":1270,"t":1791306936.287919}
{"ev":"start","pid":1271,"port":1024,"t":1791306946.301735,"uid":0}
{"ev":"listening","pid":1271,"t":1791306946.301917}
{"ev":"accepted","peer":"2:2567772493","pid":1271,"t":1791306946.306712}
{"ev":"accepted","peer":"2:2941240575","pid":1271,"t":1791306946.354095}
{"ev":"accepted","peer":"2:1643589879","pid":1271,"t":1791306946.412057}
{"ev":"accepted","peer":"2:3317149079","pid":1271,"t":1791306946.464514}
{"ev":"accepted","peer":"2:41957596","pid":1271,"t":1791306946.514109}
{"ev":"accepted","peer":"2:4025191468","pid":1271,"t":1791306946.567749}
{"ev":"accepted","peer":"2:3579355480","pid":1271,"t":1791306946.620894}
{"ev":"accepted","peer":"2:2165734143","pid":1271,"t":1791306946.672733}
{"ev":"accepted","peer":"2:2161640017","pid":1271,"t":1791306946.723099}
{"ev":"accepted","peer":"2:1985072444","pid":1271,"t":1791306946.779794}
{"ev":"accepted","peer":"2:3439848356","pid":1271,"t":1791306946.83195}
{"ev":"accepted","peer":"2:3452112545","pid":1271,"t":1791306946.885882}
{"ev":"accepted","peer":"2:463130057","pid":1271,"t":1791306946.936602}
{"ev":"accepted","peer":"2:1566617451","pid":1271,"t":1791306946.994369}
{"ev":"accepted","peer":"2:1451663310","pid":1271,"t":1791306947.044415}
{"ev":"accepted","peer":"2:2658671802","pid":1271,"t":1791306947.102375}
{"ev":"accepted","peer":"2:1366164805","pid":1271,"t":1791306947.155076}
{"ev":"accepted","peer":"2:2735025610","pid":1271,"t":1791306947.206418}
{"ev":"accepted","peer":"2:313262786","pid":1271,"t":1791306947.258526}
{"ev":"accepted","peer":"2:3405237310","pid":1271,"t":1791306947.311254}
{"ev":"accepted","peer":"2:886379582","pid":1271,"t":1791306947.366414}
{"ev":"accepted","peer":"2:2324547047","pid":1271,"t":1791306947.420725}
{"ev":"accepted","peer":"2:3361699312","pid":1271,"t":1791306947.47423}
{"ev":"accepted","peer":"2:1543760497","pid":1271,"t":1791306947.526837}
{"ev":"accepted","peer":"2:2665766865","pid":1271,"t":1791306947.582536}
{"ev":"accepted","peer":"2:798018794","pid":1271,"t":1791306947.631456}
{"ev":"accepted","peer":"2:2059077576","pid":1271,"t":1791306947.683325}
{"ev":"accepted","peer":"2:1593738300","pid":1271,"t":1791306947.738158}
{"ev":"accepted","peer":"2:3167157474","pid":1271,"t":1791306947.794776}
{"ev":"accepted","peer":"2:1944253026","pid":1271,"t":1791306947.845036}
{"ev":"accepted","peer":"2:142017724","pid":1271,"t":1791306947.89985}
{"ev":"accepted","peer":"2:2053016521","pid":1271,"t":1791306947.955008}
{"ev":"accepted","peer":"2:3702540460","pid":1271,"t":1791306948.011302}
{"ev":"accepted","peer":"2:2877262154","pid":1271,"t":1791306948.060254}
{"ev":"accepted","peer":"2:2604141721","pid":1271,"t":1791306948.110473}
{"ev":"accepted","peer":"2:646255522","pid":1271,"t":1791306948.163589}
{"ev":"accepted","peer":"2:2499545852","pid":1271,"t":1791306948.217127}
{"ev":"accepted","peer":"2:571377725","pid":1271,"t":1791306948.27126}
{"ev":"accepted","peer":"2:4267092894","pid":1271,"t":1791306948.322589}
{"ev":"accepted","peer":"2:165354174","pid":1271,"t":1791306948.374086}
{"ev":"accepted","peer":"2:1031924411","pid":1271,"t":1791306948.425206}
{"ev":"accepted","peer":"2:4199442951","pid":1271,"t":1791306948.479136}
{"ev":"accepted","peer":"2:1343464299","pid":1271,"t":1791306948.530226}
{"ev":"accepted","peer":"2:2628832697","pid":1271,"t":1791306948.581413}
{"ev":"accepted","peer":"2:2310872577","pid":1271,"t":1791306948.632641}
{"ev":"accepted","peer":"2:2013267600","pid":1271,"t":1791306948.685177}
{"ev":"accepted","peer":"2:2707122280","pid":1271,"t":1791306948.735419}
{"ev":"accepted","peer":"2:1430723046","pid":1271,"t":1791306948.786472}
{"ev":"accepted","peer":"2:1488540994","pid":1271,"t":1791306948.838023}
{"ev":"accepted","peer":"2:3361048570","pid":1271,"t":1791306948.888516}
{"ev":"accepted","peer":"2:1657650014","pid":1271,"t":1791306948.938828}
{"ev":"accepted","peer":"2:3921087993","pid":1271,"t":1791306948.989288}
{"ev":"accepted","peer":"2:1046087167","pid":1271,"t":1791306949.044403}
{"ev":"accepted","peer":"2:2823932602","pid":1271,"t":1791306949.098972}
{"ev":"accepted","peer":"2:3717238031","pid":1271,"t":1791306949.153158}
{"ev":"accepted","peer":"2:2617839010","pid":1271,"t":1791306949.205473}
{"ev":"accepted","peer":"2:2687240743","pid":1271,"t":1791306949.256414}
{"ev":"accepted","peer":"2:1133351135","pid":1271,"t":1791306949.311512}
{"ev":"accepted","peer":"2:3536489039","pid":1271,"t":1791306949.361799}
{"ev":"accepted","peer":"2:4199873688","pid":1271,"t":1791306949.414174}
{"ev":"accepted","peer":"2:3731003106","pid":1271,"t":1791306949.469987}
{"ev":"accepted","peer":"2:3663085985","pid":1271,"t":1791306949.521108}
{"ev":"accepted","peer":"2:3438152534","pid":1271,"t":1791306949.575897}
{"ev":"accepted","peer":"2:2272473025","pid":1271,"t":1791306949.627809}
{"ev":"accepted","peer":"2:703232985","pid":1271,"t":1791306949.681001}
{"ev":"accepted","peer":"2:2291467042","pid":1271,"t":1791306949.737022}
{"ev":"accepted","peer":"2:3538500204","pid":1271,"t":1791306949.791941}
{"ev":"accepted","peer":"2:3801745287","pid":1271,"t":1791306949.839817}
{"ev":"accepted","peer":"2:2018371271","pid":1271,"t":1791306949.890569}
{"ev":"accepted","peer":"2:3849355241","pid":1271,"t":1791306949.9438}
{"ev":"accepted","peer":"2:3354626755","pid":1271,"t":1791306949.995687}
{"ev":"accepted","peer":"2:2652019165","pid":1271,"t":1791306950.049583}
{"ev":"accepted","peer":"2:3501060913","pid":1271,"t":1791306950.100329}
{"ev":"accepted","peer":"2:4157479015","pid":1271,"t":1791306950.150706}
{"ev":"accepted","peer":"2:1318618450","pid":1271,"t":1791306950.20514}
{"ev":"accepted","peer":"2:2181874295","pid":1271,"t":1791306950.258263}
{"ev":"accepted","peer":"2:3791916083","pid":1271,"t":1791306950.310584}
{"ev":"accepted","peer":"2:1360212569","pid":1271,"t":1791306950.36127}
{"ev":"accepted","peer":"2:2039340280","pid":1271,"t":1791306950.414684}
{"ev":"accepted","peer":"2:1419407978","pid":1271,"t":1791306950.469924}
{"ev":"accepted","peer":"2:1417030163","pid":1271,"t":1791306950.520289}
{"ev":"accepted","peer":"2:873661445","pid":1271,"t":1791306950.575219}
{"ev":"accepted","peer":"2:3908315622","pid":1271,"t":1791306950.627989}
{"ev":"accepted","peer":"2:247727163","pid":1271,"t":1791306950.678808}
{"ev":"accepted","peer":"2:1596397362","pid":1271,"t":1791306950.730801}
{"ev":"accepted","peer":"2:1112891450","pid":1271,"t":1791306950.7818}
{"ev":"accepted","peer":"2:735045318","pid":1271,"t":1791306950.832502}
{"ev":"accepted","peer":"2:1961056665","pid":1271,"t":1791306950.885158}
{"ev":"accepted","peer":"2:3974792287","pid":1271,"t":1791306950.937754}
{"ev":"accepted","peer":"2:1597273458","pid":1271,"t":1791306950.991907}
{"ev":"accepted","peer":"2:1730891213","pid":1271,"t":1791306951.042479}
{"ev":"accepted","peer":"2:3377183804","pid":1271,"t":1791306951.092457}
{"ev":"accepted","peer":"2:3617184427","pid":1271,"t":1791306951.14334}
{"ev":"accepted","peer":"2:2909499913","pid":1271,"t":1791306951.197606}
{"ev":"accepted","peer":"2:2333636155","pid":1271,"t":1791306951.249593}
{"ev":"accepted","peer":"2:1005934215","pid":1271,"t":1791306951.301378}
{"ev":"accepted","peer":"2:2145446233","pid":1271,"t":1791306951.352263}
{"ev":"accepted","peer":"2:1315197340","pid":1271,"t":1791306951.403831}
{"ev":"accepted","peer":"2:234563978","pid":1271,"t":1791306951.455435}
{"ev":"accepted","peer":"2:405038014","pid":1271,"t":1791306951.506347}
{"ev":"accepted","peer":"2:1244383759","pid":1271,"t":1791306951.561504}
{"ev":"accepted","peer":"2:364259513","pid":1271,"t":1791306951.608185}
{"ev":"accepted","peer":"2:1645809322","pid":1271,"t":1791306951.661774}
{"ev":"accepted","peer":"2:660968935","pid":1271,"t":1791306951.713741}
{"ev":"accepted","peer":"2:4125458812","pid":1271,"t":1791306951.769109}
{"ev":"accepted","peer":"2:2319575827","pid":1271,"t":1791306951.823818}
{"ev":"accepted","peer":"2:132003242","pid":1271,"t":1791306951.877182}
{"ev":"accepted","peer":"2:1984947468","pid":1271,"t":1791306951.927539}
{"ev":"accepted","peer":"2:3513212478","pid":1271,"t":1791306951.981043}
{"ev":"accepted","peer":"2:1229365661","pid":1271,"t":1791306952.032504}
{"ev":"accepted","peer":"2:888883438","pid":1271,"t":1791306952.087776}
{"ev":"accepted","peer":"2:554516608","pid":1271,"t":1791306952.141121}
{"ev":"accepted","peer":"2:981897744","pid":1271,"t":1791306952.19307}
{"ev":"accepted","peer":"2:1109387472","pid":1271,"t":1791306952.242517}
{"ev":"accepted","peer":"2:1298649228","pid":1271,"t":1791306952.298347}
{"ev":"accepted","peer":"2:4154347480","pid":1271,"t":1791306952.346165}
{"ev":"accepted","peer":"2:386771169","pid":1271,"t":1791306952.397855}
{"ev":"accepted","peer":"2:1795373876","pid":1271,"t":1791306952.453363}
{"ev":"accepted","peer":"2:3892412025","pid":1271,"t":1791306952.514866}
{"ev":"accepted","peer":"2:1869375555","pid":1271,"t":1791306952.565489}
